order_value,account_age_days,prior_returns_count,prior_return_approval_rate,return_velocity_7d,is_cod,delivery_to_return_hours,item_category,address_order_distance_km,is_fraud,fraud_subtype,has_return_photo,return_id
2083.8758615334427,26,3,0.5955640262217196,2,0,204.286962234332,beauty,18.670125858801306,0,none,1,RET-003687
1928.138299155075,172,4,0.9284915163113233,1,1,154.66842452181174,electronics,18.8008821920966,0,none,1,RET-007094
923.4299414386857,412,0,0.7467843419264564,1,1,133.50691699997805,books,17.87893809550087,0,none,0,RET-004371
1263.0643181073485,363,3,0.4155529180314192,0,1,101.42942653399962,books,2.1224367999025304,0,none,1,RET-008159
5461.348682613475,466,1,0.9064185455926433,0,1,5.116432353599578,home,4.975158726445148,1,substitution,1,RET-009430
2814.813761047637,198,0,0.8153096043945262,0,1,248.75543330081246,home,7.1278928882642,0,none,1,RET-005116
1014.8664249922539,77,0,0.7986767425869669,0,0,76.1538755292369,sports,38.43249457819267,0,none,1,RET-004638
3780.7978659231744,176,6,0.932397359128228,0,1,424.96365686437866,electronics,14.166108455881883,0,none,1,RET-006825
1031.9799719045,1211,2,0.8861079665676354,1,0,326.7663209204084,beauty,15.043904498107182,0,none,1,RET-008003
477.7986608728369,59,0,0.7873267611660755,0,1,79.09935198019149,electronics,33.23045184787427,0,none,1,RET-008306
1430.891494790054,227,2,0.8746252643087727,0,0,96.07770295473182,fashion,31.835740874857915,0,none,1,RET-002629
1265.4670743187983,2049,3,0.8608404714458996,2,1,236.13927398789744,electronics,8.129960473874174,0,none,1,RET-002069
1234.0119617737907,405,2,0.8319283369358546,1,0,76.99442088964032,beauty,5.363863945595486,0,none,0,RET-004563
1581.7629203656702,854,3,0.9062267516546341,2,0,111.97394632424393,fashion,24.822875213373717,1,empty_box,0,RET-009847
761.1129590506769,26,1,0.78138538693006,1,0,132.9519944346476,books,16.007682105451735,0,none,1,RET-002742
476.04301278183686,203,4,0.8865806398160929,1,1,54.988602054948956,beauty,22.763274667176336,0,none,1,RET-008931
1934.174893309459,253,1,0.9036577940894216,1,1,82.82089178903684,fashion,1.9143145217121376,0,none,1,RET-000561
200.0,264,1,0.7189554671201948,0,0,139.3769916311566,electronics,8.534454833519625,0,none,1,RET-001308
567.1967805058744,705,3,0.9101977818490866,0,1,146.98845563317263,electronics,0.936955528819788,0,none,1,RET-002908
551.2285588369996,1153,3,0.88155680388247,1,0,241.1355207190928,sports,11.456629863039039,0,none,0,RET-001010
18405.774933868495,52,1,0.6677898464361004,0,1,6.0,sports,2.9898506777554132,1,empty_box,1,RET-009681
635.1595093034005,256,2,0.9160019916353912,0,1,51.99560271605657,fashion,10.455724334477315,0,none,1,RET-004727
932.3280274431842,378,1,0.7698111466508132,0,1,199.04345231602463,beauty,0.8355097525618902,0,none,0,RET-000811
4286.254151545719,274,3,0.8998505081101729,0,0,135.54265199746087,home,16.402452108146193,0,none,0,RET-000371
423.7813514603756,394,0,0.7958828898376058,0,0,146.88765951671544,beauty,19.411397928780072,0,none,1,RET-000716
246.09998654193393,776,0,0.9298935524484668,2,1,64.66870371695317,sports,3.2436257122019887,0,none,0,RET-002875
1630.9898174028506,89,2,0.8997494319817119,1,1,260.88268610263873,sports,48.8036562544457,0,none,1,RET-000997
5732.185352640308,633,3,0.8435978816386678,2,1,119.55666881675234,sports,9.364203628214414,0,none,1,RET-004285
935.2817951238177,441,3,0.8251900126797728,1,1,92.56161340310291,beauty,19.75833611413978,0,none,1,RET-007479
200.0,1062,0,0.7718306164686501,3,1,183.43147360674328,electronics,28.562083273870318,0,none,1,RET-004791
2867.2992789029527,53,2,0.6394574098245224,0,0,174.15045635537436,fashion,0.1279992689399319,0,none,0,RET-002310
1159.8689032204554,602,3,0.6900771440343613,0,0,32.93469792246773,beauty,24.62290714358688,0,none,1,RET-003992
1676.3454834270485,10,1,0.7944432652060228,2,1,71.77092978795659,books,30.593699933541288,0,none,1,RET-006062
1945.4419244385645,676,2,0.843082162394082,1,1,299.6618962669399,electronics,12.500927139255298,0,none,1,RET-000251
2334.997980494772,557,2,0.8547958634326955,1,0,124.62468691007231,sports,4.328922991004905,0,none,1,RET-005848
1272.0125252784112,334,2,0.6242925813600756,1,0,232.50969836001917,fashion,17.34302183256798,0,none,1,RET-001737
1490.242001112231,403,3,0.9631828700135964,0,1,158.61744322402305,beauty,15.793236143457644,0,none,1,RET-008309
5393.907758810841,2574,3,0.9112855758256254,0,0,35.14459467151554,home,20.50887439872611,0,none,0,RET-005162
734.0017240589622,1072,3,0.8635638634856302,0,1,242.19167926050034,beauty,4.16711790908854,0,none,1,RET-000240
647.108374732976,149,3,0.7166883081798101,0,0,139.4644667149363,home,12.838748814210891,0,none,1,RET-006158
1351.968289381217,615,5,0.9194454427770449,0,0,219.24105560498376,sports,24.175664948175744,0,none,1,RET-002709
1875.8674316436466,783,1,0.9392984346386065,2,0,127.02546595421495,electronics,26.254431210847887,0,none,1,RET-003842
2386.43695284667,508,0,0.731427270006512,3,0,87.0524079832651,sports,24.87904744301652,0,none,1,RET-003707
7153.669018108465,156,1,0.7485113650763763,0,1,22.28865508934197,home,3.2120981887816695,0,none,1,RET-006978
3864.716376760267,312,0,0.8441905412452892,1,0,140.16071136315767,sports,0.9913619135181826,0,none,1,RET-006945
1705.6403038596186,307,1,0.7543751715553054,0,0,151.82844289154028,home,1.1275035595900202,0,none,0,RET-003177
9761.875069190106,1027,2,0.8408552747241472,0,0,17.66593485268862,home,1.4027806094434532,0,none,0,RET-009174
1292.5333741471268,353,1,0.6001780386171779,0,1,35.30879770374991,fashion,16.642971580228586,0,none,1,RET-002727
1912.8692349202674,1123,1,0.8292371087983199,0,1,101.39091648737369,electronics,8.30918520357556,0,none,1,RET-003207
5498.476036780994,606,2,0.9128994411678212,2,0,276.18361686150337,sports,25.425253271240383,0,none,1,RET-008786
1210.8985055204323,746,0,0.6627580032991324,1,0,152.26087248752455,books,6.179142149365584,0,none,0,RET-001304
4473.2118162558345,1188,4,0.7347797839357524,0,0,220.45942531742747,electronics,13.402881126291678,0,none,0,RET-006763
2908.83562837894,1378,2,0.8725152688072112,1,1,171.45997109943855,books,0.4771553656588169,0,none,1,RET-000369
2830.4338242326544,330,3,0.774755028118436,0,1,129.00280732562405,electronics,45.61112001119345,1,substitution,1,RET-009735
1183.5320805510596,334,4,0.6476627520430077,0,1,119.16584633955748,fashion,4.405763167414856,0,none,1,RET-002104
812.1619396457492,58,3,0.7540043202329924,0,0,16.739454906932796,sports,44.908157190876075,0,none,0,RET-005980
4315.284292079039,672,2,0.5518176788575253,0,0,98.28168573881688,sports,5.769317683021151,0,none,0,RET-000217
2308.3498158603657,1815,0,0.7540845332627014,2,0,147.21680110086965,electronics,17.25877062488631,0,none,0,RET-001530
1000.1340514104465,657,0,0.9686597439501264,1,0,79.120119138185,fashion,8.327304624156865,0,none,1,RET-003872
1515.922933462448,25,4,0.9123301972687133,1,0,92.98169115538603,fashion,65.3214141570976,0,none,0,RET-008479
456.02613384722775,410,5,0.897863122650933,0,0,218.36563927385555,books,4.06987523122868,0,none,1,RET-002025
1278.7922641327095,340,5,0.6212736078424315,2,0,91.57390467081738,sports,18.15679229019526,0,none,1,RET-007223
1814.6416703624725,46,3,0.8594539362846473,2,1,321.4762039280258,beauty,0.6932142434220863,0,none,1,RET-004962
1602.3520448181275,558,1,0.9081228976543596,0,1,413.1309116161811,books,2.8526610335248943,0,none,1,RET-000744
928.4420275373623,140,2,0.8012049443044953,1,0,238.6556922058518,fashion,5.2200196210477445,0,none,0,RET-001926
1478.029824101154,180,2,0.7475533984408855,0,0,86.392128478774,home,37.83075998476615,0,none,1,RET-002884
1098.0298972686435,438,3,0.6686562565073655,2,1,47.16041559184477,electronics,6.0152481504124395,0,none,1,RET-002179
1528.8469830661697,1118,2,0.8746783382119513,0,0,304.55528940943884,fashion,26.728223180576943,0,none,1,RET-003521
331.0466848596146,17,0,0.8099805290607878,0,1,130.98495247751794,fashion,0.5363091273491485,0,none,1,RET-007377
4030.5610589975017,78,2,0.7918638960590589,3,0,24.131549855804057,home,14.889031154491004,1,wardrobing,1,RET-009654
1618.262058660135,154,2,0.6750654226935552,1,1,117.04288436415607,electronics,23.382622024050306,0,none,1,RET-007437
909.3385662399105,165,2,0.6582540720667477,1,0,168.8946317304618,electronics,14.520957288586011,0,none,1,RET-004135
2204.681531774099,1447,1,0.7216607708970229,0,1,126.17879356851076,sports,5.850226615592298,0,none,1,RET-002047
1730.6038603137627,2,4,0.8044329565508541,1,0,259.76921048385384,beauty,17.256051058767547,0,none,1,RET-005725
2360.951685890263,162,2,0.9296245547447191,0,1,191.01637496201275,beauty,4.7309868308436105,0,none,1,RET-005742
1311.1484368882368,244,3,0.8588900069047763,0,1,126.0979381548472,home,14.949958961951916,0,none,1,RET-008211
344.7845490550741,194,1,0.6310236146234321,0,0,141.27055087122724,home,3.2393709207568038,0,none,1,RET-002766
3384.7283612808455,1278,2,0.8678725956801309,0,1,356.0329542906665,home,2.597864830593377,0,none,1,RET-002254
1342.9237705128235,250,2,0.7996577806340308,1,1,57.73270052161461,electronics,11.601538523855657,0,none,0,RET-008145
2857.708274155128,1115,7,0.760776052137478,2,0,238.728697998787,home,18.309801696545936,1,empty_box,0,RET-009730
4864.570732052014,425,4,0.6402714230632491,1,0,105.33864998601206,beauty,10.71839523370596,0,none,1,RET-008544
1799.7326311195843,217,1,0.491330763219298,4,0,53.289946266646005,books,5.390925634894456,0,none,1,RET-005661
2024.7405135610427,1283,1,0.6351956541703242,1,0,102.26760653139877,books,2.9173400500714193,0,none,1,RET-002750
739.4652206823663,416,1,0.6887252407899122,1,0,53.48147088044662,home,31.226309124106418,0,none,1,RET-004656
422.8883300473959,715,2,0.9387699204657314,2,0,64.49400119629831,home,18.361003573596356,0,none,1,RET-008790
781.5914620673664,368,2,0.6049955799853212,0,0,188.17719165695607,fashion,30.66341902487425,0,none,1,RET-006752
882.0574229565137,640,4,0.7609546587370374,0,0,36.8707783324001,electronics,15.650088823273444,0,none,1,RET-009122
3988.1386917198733,73,1,0.5167028587394996,0,1,141.49428732486572,home,3.428087141302592,0,none,1,RET-005074
1035.1917212892952,124,0,0.7611587308114681,1,0,59.83175941089507,sports,55.539978116155474,0,none,0,RET-002985
1528.2298970268976,691,2,0.8456773554537076,1,1,269.80756005012927,sports,119.64077635481146,0,none,0,RET-007209
2452.812642588335,650,2,0.6417809798222355,0,1,140.2723504560255,books,5.649731038005413,0,none,1,RET-002539
511.4673930360046,1833,2,0.789538481584684,0,0,115.49091731969922,beauty,6.664639523778028,0,none,1,RET-004805
4109.993418803914,278,3,0.7959732642768772,1,0,315.8561782527859,beauty,7.319225507148747,0,none,1,RET-004107
1385.314378866517,56,5,0.9608029939789016,0,1,103.8741624990013,electronics,11.386150356023155,0,none,1,RET-005123
3891.7346411161147,2223,2,0.8901291862608964,2,0,128.5295312571791,home,10.254976824090733,0,none,1,RET-003217
1169.5156833884134,293,3,0.4296159481729942,0,1,44.242570174597574,beauty,16.743008619615047,0,none,0,RET-002952
3801.5481204702073,45,1,0.7619065489974103,1,0,98.90354371803873,electronics,84.09523558702003,0,none,1,RET-002604
443.19729859073226,63,2,0.8865794828665557,2,1,41.34539928196615,sports,14.640863880707746,0,none,1,RET-005430
1457.1996869898612,374,2,0.8621979441852337,2,0,70.7609984297062,home,5.278593780080643,0,none,0,RET-007579
1665.462038283825,91,4,0.9066516355697481,1,0,89.02410052936007,home,5.174690533107937,0,none,1,RET-001907
1436.7534473023738,99,3,0.9488476254848527,2,1,127.69486885925691,sports,0.927581700249271,0,none,0,RET-008508
1289.6735975312695,110,3,0.7924371006406471,1,0,129.01282555303786,fashion,29.96799637636261,1,empty_box,0,RET-009585
3828.31514172788,175,0,0.9696217760972239,1,0,271.54153799493366,fashion,5.799931238905975,0,none,1,RET-000741
1080.1751703391155,186,3,0.542347704670786,1,1,86.75886953787911,beauty,0.9240768401527526,0,none,1,RET-005208
2036.8987464336506,27,1,0.9016045590926827,0,1,127.00981898525757,beauty,34.31677173812744,0,none,0,RET-005331
9096.491205250291,276,2,0.6299622642423439,1,1,143.23023634719067,beauty,93.38989176687933,1,substitution,1,RET-009613
1711.3732104763642,402,4,0.825980253422317,0,0,218.15187499149405,electronics,30.74018751332757,0,none,0,RET-001424
319.4329212346785,719,2,0.8992911695881137,0,1,127.13503516642966,beauty,21.5262615829567,0,none,1,RET-003274
2497.7815995479145,1151,6,0.7391116688653354,2,1,129.00710544779938,electronics,6.401861494493314,0,none,0,RET-004773
3812.4396580821567,259,1,0.6850368547116183,1,1,112.0225119866594,home,2.6598427383638725,0,none,0,RET-001400
753.6408587180495,79,3,0.8491168724163407,0,0,153.9095939151196,electronics,3.8423346556077402,0,none,1,RET-006341
1384.7030252377854,35,0,0.6900296751785558,1,1,93.6447917236525,sports,4.28054331342805,0,none,1,RET-001435
601.8790526582368,128,4,0.7591592562265275,1,1,134.94976910353247,electronics,10.624961456159077,0,none,1,RET-003135
728.4383051087234,30,3,0.523413686425149,2,1,352.42203125684193,beauty,7.181165520671177,1,substitution,1,RET-009943
1339.3831716646469,2528,0,0.6815040858246646,1,1,184.5025166360128,fashion,8.058264146498962,0,none,1,RET-002977
2228.7829687117414,445,3,0.9279757345400399,0,0,174.42885071695758,books,13.686160740828486,0,none,1,RET-002886
2314.6570842399337,1318,2,0.956850292605898,0,1,245.80990452775987,fashion,29.62850975718254,0,none,1,RET-004110
200.0,103,2,0.6956771097254576,0,1,99.85589477874656,electronics,10.567618231422392,0,none,1,RET-000947
2964.4689794372066,119,4,0.9924060483736532,1,1,90.90781771659331,beauty,12.620549361964445,0,none,0,RET-005355
895.3477729161627,389,1,0.8190485919753875,0,1,68.16255785721856,beauty,40.34713787121613,0,none,1,RET-001255
476.2070143917449,371,1,0.687450006471885,2,1,108.78772631244877,books,3.198424440626423,0,none,0,RET-001159
541.5379026786227,668,1,0.8017010755848267,0,1,401.94362194481465,books,1.7070228543540469,0,none,1,RET-004559
4640.932732765854,676,6,0.9695305785280705,1,1,90.11700570561703,electronics,13.47284720495114,0,none,1,RET-004410
1700.0377092699302,225,0,0.8722441117725089,2,1,193.6142994128365,home,21.13413595071882,0,none,0,RET-002194
1733.4416507336541,11,0,0.7242796808632018,0,1,227.89168497279323,sports,23.856714382238216,0,none,1,RET-008073
2768.3715674881764,772,4,0.6575478948818216,2,0,205.52146408647883,sports,32.93426120421105,0,none,0,RET-005884
1480.3998726280627,1453,2,0.7135422534935228,0,0,168.55091116739877,books,8.05098856623326,0,none,1,RET-000269
2055.0559008124105,160,2,0.76889803056422,3,1,73.01853355741854,beauty,48.619725149233034,1,empty_box,0,RET-009291
674.7784833085187,1028,2,0.9159799244115839,1,0,116.58601952250187,beauty,3.865129982712671,0,none,1,RET-000860
645.883096730516,58,2,0.7302506209108969,3,1,149.79409416852621,beauty,2.364334520300439,0,none,1,RET-006238
1408.8798672704513,173,2,0.7455431841878873,1,0,71.93473320571339,fashion,5.064831294635806,0,none,1,RET-009176
324.32574615044587,85,0,0.9393564316416442,0,1,109.66941218728485,electronics,0.08616998337696688,0,none,1,RET-002651
832.4411035233891,83,1,0.9805795510072317,1,0,309.7172171593941,home,6.872713025611438,0,none,0,RET-008171
3595.5090329561845,30,5,0.5969654861919327,0,1,71.0390433546507,electronics,22.50912471153921,1,empty_box,1,RET-009331
996.7779628104319,47,5,0.8541220818663252,1,0,141.0847147831663,books,4.067652890678314,0,none,0,RET-003399
543.7655774932947,295,1,0.9050283831810365,1,1,158.6000293167538,books,10.166657008710493,0,none,1,RET-005386
1742.0509173289847,61,1,0.894202953142567,0,0,72.12602877189484,sports,38.47357691121754,0,none,1,RET-009172
6816.028751696404,98,2,0.8192103462766827,2,0,266.92803410602016,beauty,30.733506903166187,0,none,1,RET-005486
3856.261104562956,906,2,0.793019747310267,0,0,129.1907311610938,books,1.1025363357529123,0,none,0,RET-004914
2451.9530060576094,346,5,0.8377334846638599,2,0,72.39853006333415,fashion,5.315738572342252,0,none,1,RET-003629
4670.593382619703,804,3,0.9677916182957117,0,1,256.1709802419013,home,1.6007946700329851,0,none,1,RET-000916
811.0883777944247,90,0,0.9615540869380477,0,0,85.04478431671868,books,0.983626221806432,0,none,1,RET-004413
701.3895034589259,26,4,0.7742493207743738,1,0,68.34588788341094,sports,9.933202146100504,0,none,0,RET-007811
609.4825345378699,4,4,0.8129728562562766,1,1,115.27486564039707,books,14.64527491555531,0,none,1,RET-004967
2424.67157146436,167,3,0.7379995644719229,1,1,198.35122299571364,home,0.7243751817183467,0,none,0,RET-000973
1632.5620324780969,617,0,0.9100397876376214,0,0,125.96604921225061,fashion,14.836869747209873,0,none,1,RET-008311
584.6140209484121,218,3,0.8442530464791661,1,1,101.08394068049785,home,7.467799692066594,0,none,1,RET-005935
2435.6107791933846,93,2,0.9506574028784659,2,1,120.6736205258824,sports,20.646061810957427,0,none,0,RET-006282
462.3348915515509,320,3,0.5654266932202932,1,1,188.88613511898572,home,4.498882512321279,0,none,0,RET-006788
2187.0451684437703,1,1,0.6021510460619462,0,1,151.49136539246604,electronics,5.075196641766207,0,none,0,RET-003670
2026.8983042232333,20,2,0.9080783878608861,1,0,92.31925231899078,books,0.7756246073840491,0,none,1,RET-000429
1198.1392917845772,138,1,0.9608713841312998,3,1,97.34475912207651,sports,12.434878449295153,0,none,1,RET-005662
711.855618129945,1600,5,0.8428751392427914,1,0,48.633211577265556,beauty,50.83418267674393,0,none,1,RET-000698
2456.013187720933,226,1,0.6607236263387594,1,0,115.47006188495237,books,41.48828336086772,0,none,1,RET-002861
2331.631347696586,476,1,0.8096523402501579,0,1,60.06592082949952,books,4.127177188176503,0,none,1,RET-007741
2931.3714054902184,560,3,0.8769314626206884,1,1,217.46562875091163,electronics,4.353069483121209,0,none,0,RET-009046
361.51574309775793,564,2,0.7224178079769574,0,0,66.19372434118699,electronics,44.62630088903601,0,none,1,RET-006786
575.9510386330796,115,2,0.6801666998164043,0,0,268.0656226368402,electronics,30.350529790172114,0,none,0,RET-006152
1184.8197736204904,33,0,0.8403663490034412,1,0,86.45439681359606,books,29.327334675316358,0,none,1,RET-005780
1578.9040095720227,323,3,0.7425203409996378,1,0,290.3782006350479,fashion,2.574290195170406,0,none,1,RET-003713
1983.0470918734827,502,1,0.6824038663148901,0,0,16.925108452175802,home,3.8354789246514374,0,none,1,RET-002675
520.7208500791047,1993,1,0.771573501132335,0,0,210.91192983877073,fashion,18.00717721756904,0,none,1,RET-004777
647.1341138092614,119,4,0.41644246649015904,4,1,134.40239376354884,fashion,28.903340941753086,0,none,1,RET-000610
1041.2962380789163,300,2,0.7883267392970872,0,0,142.42738832100898,beauty,25.4349020104663,0,none,1,RET-008299
682.6675135892772,619,4,0.8208551203984699,1,1,212.99802263515807,books,41.32412378240674,0,none,1,RET-003830
200.0,106,2,0.7165384525879054,1,0,92.26664696553463,electronics,26.315652740950565,0,none,1,RET-000504
821.7333380204358,120,0,0.7510464520766855,1,0,193.30257368143094,home,43.33629548913937,0,none,1,RET-008152
3972.029000018626,172,2,0.9033284448686215,1,1,122.42613030226246,beauty,15.957561653546806,0,none,1,RET-008850
878.0179909601958,144,2,0.8649660639940152,0,1,70.67083123431527,sports,1.788144015407777,0,none,1,RET-000567
1127.929882107617,388,5,0.7127613300907242,3,1,31.556941057833235,books,80.94957710447555,1,empty_box,1,RET-009217
3106.4878407786346,452,1,0.8428813792391722,2,1,338.85151315061125,beauty,5.443754781596249,0,none,1,RET-006255
3283.571495270202,132,1,0.8348478506143127,0,0,52.105598295996614,electronics,4.247750063849015,0,none,1,RET-003050
1153.6527049306223,86,1,0.8232237651870175,0,1,195.61398328089928,electronics,15.551010009643703,0,none,1,RET-002929
2073.7808662029593,1864,3,0.8460883846775101,1,0,111.90520491696243,sports,27.949162357492465,0,none,0,RET-007534
516.2214453905816,541,2,0.832115213674639,0,0,245.79997618058113,beauty,6.582698144081576,0,none,1,RET-000673
3242.7824301180535,534,1,0.6515667520848473,1,1,55.64257107595769,electronics,16.003525779571856,0,none,1,RET-006298
840.3420206570445,290,4,0.8538243595818518,0,0,203.12180571328088,books,39.07771380841261,0,none,0,RET-005445
1079.567634690879,533,2,0.824889365666649,0,0,103.93978351770068,electronics,7.954981450313055,0,none,0,RET-000197
775.1802818956699,383,1,0.8066291603131609,0,0,286.0910759275761,home,10.315189506562707,0,none,1,RET-004114
4676.108621661104,304,0,0.7148689022508586,0,0,21.752844145862117,fashion,5.9819076367489785,0,none,1,RET-000821
10912.196616766407,203,4,0.72495927937018,2,1,73.12768406215565,fashion,39.80129589532465,1,empty_box,1,RET-009236
3457.364123904801,371,2,0.5314077859648338,1,0,193.493771356631,home,25.61942949539227,0,none,1,RET-003007
2037.9599234203504,441,0,0.981062407078728,0,1,92.15653571494055,fashion,16.69674161735023,0,none,1,RET-006834
4364.876166769361,149,2,0.8880074004122266,0,1,78.77163665722662,electronics,28.570758690170827,0,none,0,RET-003783
2210.2664350647065,184,1,0.8406078188072029,0,1,90.23295492745335,sports,7.656774936431149,0,none,1,RET-002782
982.3661475360277,26,1,0.8294519800996558,2,0,134.0662833098493,books,0.6744414900120683,0,none,1,RET-009043
8073.127230182834,1092,2,0.8695708180730471,0,1,46.26594430875765,books,12.96478119621505,0,none,0,RET-006371
2173.714908004333,580,1,0.7896156836487092,1,0,187.0142388974892,sports,15.674916202411364,0,none,1,RET-002540
5902.883697098588,449,0,0.9168494727769718,0,0,218.01141177103216,electronics,28.790253994777146,0,none,1,RET-000770
478.55454514454874,71,1,0.8280692177382393,2,1,59.56884608504348,beauty,39.63549278831603,0,none,1,RET-005012
836.4416933620452,310,3,0.8336756092503246,0,0,114.41129755051729,sports,10.403794881555681,0,none,1,RET-001213
987.3894949309032,264,2,0.6592302245839681,3,0,145.87482950713562,home,1.057428049487745,0,none,1,RET-003310
2010.8565933768111,3650,3,0.8180377910404886,2,1,92.96262371205253,home,11.4537508333879,0,none,0,RET-005677
1866.8957751046867,79,1,0.8733320178814572,2,0,35.196579716638055,home,3.5701601764129145,0,none,1,RET-001445
2249.716658731005,508,0,0.7532795292890588,1,1,56.62744770167196,beauty,22.972379922604258,0,none,1,RET-005260
1807.4720757488078,591,1,0.7706195280489133,1,1,81.36260893577496,beauty,18.089673383470817,0,none,1,RET-006717
569.3569780896325,692,2,0.7767835573700287,1,1,63.32059265411165,fashion,0.7297114517780402,0,none,1,RET-001873
822.9051679082019,37,4,0.7593027439718174,1,1,214.87428058073465,electronics,0.04624788536192869,0,none,1,RET-005087
656.0391894130764,808,3,0.8734819946594852,0,1,77.02349441432148,fashion,20.613432846766237,0,none,0,RET-001927
1061.6779090016937,5,3,0.7739575205204933,0,0,380.5664582088778,books,3.9688229917496054,0,none,0,RET-007213
524.6976214602873,9,4,0.6705196502927572,0,1,147.9996824166979,electronics,16.467038242315112,0,none,1,RET-000409
484.2017567145902,175,2,0.8722318160099872,1,1,392.84064043056003,sports,18.571358576473184,0,none,0,RET-006723
4696.348681876969,67,6,0.7917193875474455,1,1,228.6728252988169,electronics,38.01914224029929,1,substitution,1,RET-009745
1934.870978599048,1665,1,0.9808809568764717,0,1,56.13180827387336,home,8.293570551616586,0,none,1,RET-007957
5381.663295893212,398,1,0.6773233613463245,1,0,161.77431854346133,beauty,11.655647666496877,0,none,1,RET-005997
1981.506171961619,648,5,0.7323426042715366,0,1,204.2534356685424,electronics,5.313483429872555,0,none,0,RET-008045
415.46734177982137,115,1,0.9619843732345068,5,0,22.329697053739924,sports,29.59235924742291,1,substitution,1,RET-009666
2616.4354027156446,499,2,0.7963867057505261,2,1,110.49406445534098,home,10.497191958028266,0,none,1,RET-008278
593.7446941176852,423,1,0.7655402694219399,0,1,82.79777150420367,electronics,4.263937872662249,0,none,1,RET-000477
4582.895673774812,496,0,0.7120910419100738,2,1,110.38894339991607,electronics,0.25246514437714335,0,none,1,RET-005194
2058.1797727260437,711,2,0.9163264275632553,1,1,155.99324416769957,electronics,8.770711211755495,0,none,0,RET-001334
1741.6105137135335,42,2,0.923424584901051,1,1,19.178327180875364,home,2.0985275392598544,0,none,0,RET-003587
609.4718456236941,1360,3,0.9261758881307346,0,0,282.58681988068395,books,36.72701827453122,0,none,0,RET-008437
946.3484610460074,110,2,0.8510457850468369,2,0,181.8639067451149,fashion,15.95483187817785,0,none,1,RET-006506
780.418756335241,822,2,0.8683663090535115,1,1,136.63413209386022,sports,6.726248067117175,0,none,1,RET-001182
1536.5600670533568,525,2,0.9523657340362097,0,1,150.57604428464737,electronics,14.228142944321679,0,none,1,RET-005152
2075.2381876382797,308,0,0.8829472220385346,0,1,89.05378627853057,fashion,16.117187259767135,0,none,1,RET-002128
412.2203760946442,142,3,0.9239919917978761,0,1,213.9017035054188,home,17.71467619580059,0,none,1,RET-001671
3110.8074237277406,209,2,0.6482886698512506,0,1,292.4816343586026,home,2.523220486611619,0,none,1,RET-000434
4809.569498541787,584,2,0.9453041763607853,2,1,74.73772352615336,books,11.095231526480191,0,none,1,RET-001157
1950.2564992587768,229,1,0.8531714133558919,1,1,191.9026527126853,sports,40.771481046769445,0,none,1,RET-000515
1127.3162917716968,1836,2,0.9411957616324024,1,0,351.4071007047456,sports,1.4230678168771165,0,none,1,RET-004772
1576.2061418676576,118,1,0.7528447236210394,0,1,144.5149997790359,books,9.474893545315844,0,none,1,RET-007032
1527.2684140447832,319,5,0.8447216512223261,0,1,126.20518494295354,home,19.645277325770014,0,none,0,RET-005075
5875.062139061801,198,1,0.8090724967930308,2,1,183.21443902906069,sports,16.70851787602616,0,none,0,RET-006961
3840.0499377519463,3,1,0.8053599782883263,3,0,132.2220121276463,electronics,5.865644394530366,0,none,0,RET-005303
1082.9649881719372,257,3,0.5964561812772198,2,1,93.64978587662367,beauty,18.112843950358705,0,none,0,RET-001478
1880.2020473938953,416,4,0.7563864361573598,2,1,170.295660560596,home,6.886828610081471,0,none,1,RET-002821
14418.040528501127,314,4,0.8006995228627456,1,0,160.89951502950072,electronics,4.563752937329953,0,none,1,RET-003732
1714.0042003674837,827,3,0.9255885077751439,0,0,157.52289365039272,fashion,77.98650955861062,0,none,0,RET-000186
10249.927157745211,165,6,0.6367996713384638,0,1,15.123042383288915,fashion,9.442427152458876,1,wardrobing,1,RET-009890
2011.6591161299423,43,1,0.8303777510135296,0,0,162.29724905306318,books,11.489066430909554,0,none,1,RET-000361
7723.47295239962,283,4,0.9069672779677623,0,1,70.35523600473593,fashion,6.809587622512269,0,none,0,RET-004955
383.8001001317901,1001,1,0.7594134758727278,4,0,169.02807369708657,beauty,2.7352625530263857,0,none,1,RET-001537
1194.416953611177,399,2,0.7562504284028493,1,1,155.1618685695468,electronics,8.515249318067031,0,none,0,RET-006684
305.2264190914464,1258,4,0.8565415499843584,0,0,439.29816850229383,sports,5.004915493429283,0,none,0,RET-003006
916.8454539383533,230,2,0.8868657209326964,1,1,89.66690420664116,fashion,17.24657476020716,0,none,1,RET-007301
1778.6063236551886,231,2,0.9612469556734616,0,0,68.03119011328059,books,30.086657208115287,0,none,1,RET-000982
442.88107936421335,556,0,0.6706448568451504,0,1,55.44779875336794,home,8.069851877245899,0,none,0,RET-005714
866.3204350851706,228,1,0.5671656742520669,1,1,205.2972283564023,home,8.273742288448345,0,none,1,RET-003131
1432.8059151051418,64,2,0.7806990371101894,0,1,39.06756140037587,fashion,3.176428437044713,0,none,0,RET-000169
1752.6576900132993,1950,3,0.7608591045328287,1,1,159.50061064390752,sports,29.33550153095205,0,none,1,RET-007446
540.4864387850555,99,0,0.7306366863501145,0,1,135.89482876125462,books,12.090662222269353,0,none,1,RET-002460
306.7056959399991,165,5,0.8746254494929969,1,1,199.81858327769473,books,12.364325637182029,0,none,0,RET-008572
1379.8065760810632,570,1,0.9374569080697958,1,1,205.79042707347188,electronics,0.7345405986465121,0,none,1,RET-000937
443.326523317797,247,3,0.8949843345851222,0,1,133.70273816001855,beauty,15.289654693909753,0,none,1,RET-005266
2783.9132531073433,339,1,0.9464034772247693,1,0,162.88471904086003,books,11.882789421440588,0,none,1,RET-008410
3590.8415590985232,231,4,0.696879617356371,0,0,86.35637422837004,books,2.260925317429856,0,none,1,RET-004080
602.3403132921512,488,2,0.9367614230609692,0,0,96.1442714085568,beauty,1.5402722787156253,0,none,1,RET-003986
1999.9127335330288,256,3,0.49731125890123173,0,0,184.12608269884632,books,10.74071761300465,0,none,1,RET-005042
3595.863195522965,30,0,0.8447247087560865,1,0,361.00008469510414,books,4.316136693812868,0,none,0,RET-004712
696.0851957322471,671,1,0.5099643089314938,2,1,57.815980304385015,fashion,14.233744717405626,0,none,1,RET-003457
3021.9086529181805,318,4,0.6709716792165658,0,0,100.98559951854813,beauty,33.308125407380814,0,none,0,RET-009060
2150.0148119631795,721,2,0.8691671974459132,4,0,133.42384377225818,fashion,100.28026133788892,1,substitution,1,RET-009569
1261.7616528719236,911,1,0.6499170895974175,1,0,128.99921097121634,electronics,8.359423643239182,0,none,0,RET-005450
4387.4210648451935,24,3,0.9294428316907445,1,0,126.34537222526343,books,14.900192723484022,0,none,1,RET-001605
1638.0755197802323,188,3,0.9133863280054209,1,1,94.36580024845446,books,14.695613832769293,0,none,1,RET-001715
4669.443665924723,46,0,0.6729757005565815,1,1,136.9318389756952,home,24.213713135442518,0,none,0,RET-002517
2020.0958086910596,1043,0,0.9551259477561332,0,0,84.990404820378,books,5.070964003775462,0,none,0,RET-007293
1584.187012924954,383,1,0.5025719800610655,0,1,166.02911501473994,books,1.88389694167064,0,none,1,RET-008484
2149.39595343761,107,4,0.6964485068421188,0,1,337.2358985210177,electronics,13.38058918514507,0,none,1,RET-001355
799.0470888826227,91,0,0.6554446912414331,1,0,55.88354902320528,electronics,24.241845742125506,0,none,0,RET-007136
5197.841841808729,130,5,0.630615038935798,0,1,117.58026987241428,electronics,3.384567872540698,0,none,0,RET-002360
1021.4307780089117,1685,0,0.7005898761139082,2,1,310.75565598572865,sports,7.079514213388454,0,none,1,RET-002777
6809.7369838797695,183,3,0.8147867617181173,0,1,97.8561458125952,sports,5.800361293601381,0,none,0,RET-005964
1871.435986940806,41,1,0.7348582031445007,0,1,304.07290873556985,sports,6.342868416318159,0,none,1,RET-004691
668.3147831333857,766,2,0.5388763175597332,1,0,35.10555739994822,beauty,13.921615136021305,1,wardrobing,0,RET-009278
5028.357411615637,170,0,0.7891614795820492,1,1,69.4439752735053,electronics,13.286546057976862,0,none,0,RET-004332
5190.395396999747,247,1,0.6929312985769052,1,0,213.41809777516656,home,8.061088967299641,0,none,1,RET-003525
3030.9288686356067,193,4,0.8743134421344648,2,1,151.87860820739695,fashion,2.0309865523097184,0,none,0,RET-005927
1708.976443140127,34,1,0.7503141651599211,0,0,249.58541706264802,home,31.02239574448189,0,none,1,RET-008404
1412.9517504060705,243,2,0.866348530569481,3,1,104.59629020599863,fashion,10.510304173661556,1,substitution,1,RET-009394
1810.726694277482,10,2,0.7886665567297465,0,1,407.58575541960846,home,16.236888587424794,0,none,0,RET-002003
3226.1838830102183,67,2,0.8883052190834068,0,0,75.34225237581934,electronics,31.47278605625453,0,none,1,RET-001637
1044.89744585454,173,2,0.5998426876940551,0,0,181.2546273878377,books,18.6665389466681,0,none,1,RET-000684
740.7504371117806,308,2,0.5918219411558854,2,0,633.99141934752,home,11.625601821023835,1,empty_box,1,RET-009429
933.1082535312278,229,1,0.6791716091937204,2,1,225.03538656631468,fashion,27.809010434986618,0,none,1,RET-002427
876.0342865381231,918,4,0.9537958475645661,1,1,41.54603490974005,beauty,2.8749196179117784,0,none,1,RET-002669
1998.3688084808923,836,3,0.8915419197091903,2,0,145.7311127744177,beauty,13.59666730251209,0,none,1,RET-003780
1131.9510759019063,374,3,0.8179976255390528,0,1,83.64584846188212,home,15.664771780020812,0,none,1,RET-008966
561.215723542445,55,7,0.843270540138864,1,1,280.29025124973543,beauty,8.800099325811427,0,none,0,RET-003490
2819.1641062884387,491,0,0.821928358318368,2,1,168.23403784620322,beauty,8.128471735008647,0,none,0,RET-008499
1238.1433304574514,138,1,0.9240590617243508,1,1,106.38769344818519,sports,9.914917747893194,0,none,0,RET-004859
1299.672077514642,317,0,0.8782618113630337,0,1,112.50923783227339,books,9.437988073034251,0,none,0,RET-000237
1517.6870221507336,694,3,0.9654177036368214,0,1,358.55793245982744,fashion,5.6758704807175935,0,none,1,RET-005054
2485.1571644333694,28,1,0.7354037584542055,0,1,214.43837445787412,electronics,1.1645815815515461,0,none,1,RET-003311
1035.7777533135197,13,2,0.829289253966744,2,1,375.50120514446945,sports,16.013373981297057,0,none,1,RET-004974
997.3823519865114,18,2,0.8329913412315317,0,1,155.99483270465942,books,20.37284960793275,0,none,1,RET-007698
444.8099579673088,770,3,0.8983865162931425,1,0,127.75572113154384,sports,0.15879336387393211,0,none,1,RET-007519
1088.2867089819563,236,2,0.8512698354558782,2,0,77.37701624876017,home,1.0985490578592185,0,none,1,RET-001848
626.560312493429,298,1,0.9481478282629792,1,1,76.3839136179036,fashion,8.791566275093098,0,none,1,RET-006813
1730.7406768087296,45,0,0.5725670294790476,1,1,56.06286179532975,sports,2.8806692604302446,0,none,1,RET-004020
3271.0076054986575,129,3,0.742995719540102,0,1,180.07069926097253,home,1.2898021811225728,0,none,1,RET-006096
2388.1622073998415,63,0,0.7658390777820214,2,1,5.231343468116593,sports,69.53057500117961,1,wardrobing,1,RET-009231
3970.685544724857,640,1,0.7995135724876554,0,1,234.02004819990432,beauty,0.477843747643524,0,none,1,RET-009162
1496.2009482868243,456,2,0.9113314924198784,1,1,23.245199391662585,sports,5.883349970137876,0,none,1,RET-002281
1527.107291251085,32,1,0.9409786829484951,1,0,112.40581377918168,sports,4.005437367827122,0,none,0,RET-000799
564.8196299615778,25,5,0.90898834558498,2,1,21.614738262047716,fashion,10.086906137186977,0,none,0,RET-005923
3318.538794823225,667,2,0.6203045505699022,1,0,141.39343750663252,sports,6.717848929700912,0,none,1,RET-003285
2796.001954345411,710,1,0.56541501826342,0,0,123.2842854184977,sports,7.449301187759445,0,none,1,RET-001092
1388.8417859663944,1104,2,0.6490028649923477,0,0,169.3088976859956,electronics,36.28341785896346,0,none,0,RET-000093
1001.8304730424837,37,3,0.6513031903052877,1,0,232.0167955902904,home,16.011243065364944,0,none,1,RET-003736
927.9308938646827,286,3,0.7203466633844137,0,0,225.18021210699112,home,74.5199729222931,0,none,1,RET-008642
1276.7972963383204,169,4,0.8809832319834061,0,1,66.99111482712887,fashion,109.61594166765248,0,none,1,RET-000020
2487.0163036501594,90,2,0.8239061022412568,3,1,3.765450393807725,home,28.331727836585287,1,wardrobing,1,RET-009623
998.4482552084424,50,2,0.7537211745904934,1,1,91.60706028881442,home,5.49932881286967,0,none,0,RET-003043
1247.1352065995657,505,1,0.7163643322641151,1,0,286.1437418452553,sports,10.766127125197437,0,none,1,RET-006111
602.7229354861378,36,1,0.7753329956424564,0,0,198.91134382644586,home,31.031463764999256,0,none,0,RET-003876
1426.14486436535,76,1,0.9123278269765492,0,1,84.07630175655495,fashion,5.343391762255792,0,none,0,RET-000869
9967.537389458279,8,2,0.9501300530501611,2,0,147.34456875089447,electronics,1.1796370858253695,0,none,1,RET-003951
2185.182958124026,287,3,0.6288424315876857,1,0,105.35232899377289,electronics,7.509235335530444,0,none,1,RET-003035
376.4636412590466,628,8,0.8748160214395176,2,1,221.7803426991904,beauty,52.85430664886501,0,none,1,RET-002519
1674.4901229654872,338,1,0.9593943888743013,2,1,296.01496175294545,fashion,4.113300954884431,0,none,1,RET-003088
1196.9927159643116,206,5,0.86637517585286,0,0,168.78672392460365,fashion,33.73512966604236,0,none,1,RET-003619
2092.4178898547343,219,1,0.9658368346547584,1,1,159.37539216342435,fashion,4.976955362558225,0,none,1,RET-001082
1811.3204908164314,90,2,0.6664883640041471,0,1,62.288794321960594,electronics,3.398441872619396,0,none,0,RET-007183
727.8019323320984,86,2,0.6142079651110337,0,0,74.2918896499642,beauty,19.742727938754715,0,none,0,RET-002394
516.965796960158,41,3,0.8766032142801109,1,1,126.2720751576975,electronics,12.988862486908408,0,none,1,RET-003462
5151.550406922741,970,4,0.9275267577178282,1,0,41.86946459427668,sports,34.724423015505224,0,none,1,RET-001827
6238.86733451607,218,6,0.8883562896008105,0,0,193.2965710725764,home,11.437952621339306,0,none,0,RET-008357
1385.9477178727136,327,2,0.7767449538059289,0,0,88.74528821123515,sports,56.88346439090889,0,none,1,RET-004404
6154.763058275192,2,2,0.8069656667351507,3,0,116.14147162003903,electronics,22.62871632613523,0,none,1,RET-003788
4774.961182734218,425,3,0.9837490204867126,2,0,140.62251975906725,home,9.094049021669111,0,none,1,RET-007322
2682.7652116528393,329,1,0.8924156081354058,0,1,76.63117404510379,sports,3.5195034449560416,0,none,0,RET-000040
646.1341998628709,601,1,0.8619747292307962,1,0,153.25849588319306,electronics,22.70535380563529,0,none,1,RET-008841
1309.0433948553143,211,1,0.6754840455196983,0,1,226.64509974333447,beauty,11.421406288758764,0,none,1,RET-001060
2479.9987904869845,439,4,0.6598982866393642,0,1,113.69263238411642,sports,12.002695436672365,0,none,1,RET-003580
684.774265478659,414,3,0.5447119869283811,2,1,137.46766263182508,home,41.384788884609534,0,none,1,RET-000697
4042.6085690047043,303,1,0.5356031237847414,0,1,685.5712661529302,home,2.6301983533687086,1,empty_box,0,RET-009463
3025.7274947634824,147,0,0.5903554013148478,0,0,64.73198294168596,electronics,46.604340237460775,0,none,0,RET-008867
1217.8997183790054,798,3,0.9552399334630453,2,0,53.492917592544245,home,10.00195145833395,0,none,1,RET-001128
1591.8307037563434,114,3,0.9370741937647669,2,1,119.71899084691732,fashion,5.2379387089595895,0,none,1,RET-002202
1059.3229829349366,308,2,0.9138924684584541,1,1,160.217613429967,beauty,1.0585294731803403,0,none,1,RET-003199
5693.033413162775,94,3,0.9315334679058578,2,1,60.49010780745378,electronics,4.228732902212093,0,none,1,RET-006614
3977.397054720149,114,0,0.6948846621085375,0,1,140.94860214658775,sports,0.7507597037726456,0,none,0,RET-007363
507.08367032820547,316,3,0.9292604729030653,0,0,58.47791640858857,beauty,2.2823204669917736,0,none,1,RET-008607
1368.1889338061787,363,2,0.8035674296360878,0,0,57.52005679163747,beauty,9.321533501615459,0,none,1,RET-001127
1070.0770069620717,443,1,0.8989350821765438,1,0,172.0445847212602,electronics,9.53689613837406,0,none,0,RET-007033
1287.7629091278925,226,6,0.7746062445117895,0,1,112.01392657302227,beauty,29.512248048782723,0,none,0,RET-000651
925.8682370724471,561,1,0.843244124449744,0,0,71.84295731999799,beauty,9.53881246783912,0,none,1,RET-001078
2019.306750453977,154,1,0.8550614167693862,1,0,204.56725760424703,fashion,7.608912383787987,0,none,1,RET-005750
942.5127148526469,183,2,0.5344144623647887,2,0,58.0639702697039,electronics,12.584505293128426,0,none,1,RET-005586
672.8181363542166,124,3,0.8726442479819008,1,0,115.42514523272177,electronics,55.66776186212197,0,none,1,RET-005479
1209.3304640417966,181,0,0.8616839418694965,0,1,166.75610663347186,fashion,21.093708914519286,0,none,1,RET-003555
590.4648286646732,232,3,0.8391343236423081,0,1,143.116424510126,home,15.758244684370098,1,empty_box,1,RET-009843
1184.55609706433,229,5,0.6557503928765106,1,1,117.24755834367306,electronics,31.739125812544756,0,none,0,RET-005700
588.19590658945,603,1,0.841404907953358,4,1,157.86006890201654,sports,41.6409653630208,0,none,1,RET-002082
1391.4686570623098,835,1,0.929274064218005,1,1,115.83966750826906,sports,4.929827677203795,0,none,0,RET-001069
1887.5052459182464,114,0,0.6014718342171284,1,0,147.78091992440648,electronics,30.320880810996385,0,none,1,RET-008031
1847.459886320406,44,3,0.9569819118154046,3,1,325.3315402396748,fashion,24.977209113896855,0,none,1,RET-002283
895.4291615912482,459,3,0.644071173333803,0,1,300.0213426395371,sports,1.894044645061911,0,none,1,RET-001555
456.73985654294245,87,0,0.9666838253141873,1,1,123.7576822287557,electronics,6.171176308345709,0,none,1,RET-005995
200.0,753,2,0.9334932846679018,1,1,181.15421542096348,electronics,43.38779142565579,0,none,1,RET-008617
4550.013970228083,576,1,0.7187960167519277,1,0,202.40038229829875,books,31.8913921023479,0,none,0,RET-008718
690.1995567840897,101,3,0.6942343733048187,1,1,159.24986017122444,books,4.948136885284038,0,none,1,RET-008061
3211.915231962757,854,0,0.6913448640420019,1,0,315.16253343608895,home,34.550127916618486,0,none,1,RET-000059
606.4558172953853,221,3,0.7168274185648172,2,1,6.164368451321339,fashion,1.4224869075042057,1,wardrobing,1,RET-009947
1157.8757472276948,489,0,0.561857108733245,1,1,213.90192210223543,home,28.222322491692456,0,none,0,RET-008275
4565.151794134287,301,2,0.5470779192579163,1,1,171.94295690980073,books,0.49760213017209487,0,none,0,RET-004233
1198.9700791236216,23,2,0.8872651796342997,1,0,254.26714285246322,sports,4.5134974936209264,0,none,0,RET-003157
1317.473467169632,34,2,0.42540218629690923,0,1,52.2475651518421,beauty,10.757093570586177,0,none,1,RET-006606
921.1835436433247,282,2,0.7573913392717999,0,1,25.5351566710305,sports,22.70251225754533,0,none,1,RET-004689
752.7702227420963,66,5,0.6048075989423705,4,0,579.6395248754333,books,9.392161418118123,1,empty_box,0,RET-009568
1666.7446396324472,1771,2,0.8470442920881796,0,1,147.242329355988,books,26.91836818969609,0,none,1,RET-008012
1003.9354824397494,2,0,0.9271467051271254,0,0,95.33147732344466,home,25.874871310296975,0,none,0,RET-002994
839.5220847195772,305,1,0.9468677692300802,0,0,77.11335291851037,electronics,11.518427679221203,0,none,0,RET-004685
5251.471265739289,1862,6,0.8212221097933481,0,1,55.21692301743754,sports,9.760934614900266,0,none,0,RET-002233
2952.833778003281,643,1,0.9018775660497378,0,1,282.68063560725454,fashion,3.373813334633252,0,none,0,RET-003315
1577.8293565585227,523,1,0.6815987826733486,2,1,252.08035284670058,electronics,54.1967396978906,1,substitution,1,RET-009904
4786.909418419693,15,3,0.651010868062922,2,0,30.20727381727006,electronics,19.620658706305356,1,wardrobing,1,RET-009925
1224.9716015212514,1330,1,0.7224250134604593,1,0,91.33976446646012,books,12.681244180242542,0,none,0,RET-001545
3555.0459408961165,250,3,0.8508119437328485,1,1,209.98389923220228,beauty,0.667375500279204,0,none,1,RET-005052
7926.830034247069,28,0,0.8678460810919939,0,1,335.08089459213875,beauty,36.55473399368295,0,none,1,RET-006305
1019.2636321356559,97,2,0.5243100410742074,1,1,168.03805740272026,beauty,6.067709020947871,0,none,1,RET-008878
2276.575346949293,1618,3,0.8221549324683856,0,0,102.48516025597702,beauty,12.159527520230451,0,none,1,RET-000609
3595.131504048746,169,1,0.8780439108152721,0,1,173.23049035687754,sports,1.9562228363767933,0,none,1,RET-001786
1004.9212440901392,1053,3,0.8609399405228529,1,1,308.45216715665185,electronics,83.60141767611682,0,none,0,RET-000213
2646.19672281235,1,0,0.8281866362542739,0,0,89.02679959671316,electronics,14.305219257636328,0,none,1,RET-002190
535.5197282839343,132,0,0.8209586179544727,1,0,151.05745037543699,beauty,10.600553949849251,0,none,1,RET-005011
1097.3733333544906,287,4,0.7098192454741594,1,0,284.8324410155007,home,29.49774411740441,0,none,0,RET-009167
592.9009645940912,664,1,0.5954020636464304,1,1,55.884749622157884,fashion,8.107175958898283,0,none,1,RET-008398
657.1719310970459,148,1,0.6857888799819649,1,1,60.609488029436264,books,2.9561232124493073,0,none,1,RET-000752
918.855505888485,142,6,0.6890935537514689,2,0,63.67271184763836,books,9.566925592316768,0,none,0,RET-001090
1323.1532198029545,1265,1,0.7464899933108345,1,0,433.74928557506644,sports,7.318000120546109,0,none,0,RET-006620
654.0369651247183,68,1,0.8304786024841261,1,1,111.07018159803366,sports,22.18088691334336,0,none,1,RET-001015
532.2067415451191,252,1,0.4983715207674845,1,1,81.21377241143108,electronics,21.943581679641014,0,none,1,RET-003874
1713.5850971215357,627,3,0.898183509134508,2,1,78.78788439816853,home,1.4430401704965827,0,none,0,RET-004903
1849.2121845107201,60,1,0.9079948046398783,0,0,178.40880748553744,beauty,18.147370969827193,0,none,1,RET-000734
1057.1417926627307,217,0,0.8914516994332696,0,1,137.36231439660816,sports,9.849700171220453,0,none,1,RET-008225
354.46823076206215,1135,0,0.8829676920057092,0,0,142.49821023398684,beauty,30.93433617203889,0,none,0,RET-003759
1229.184485433289,15,2,0.7783826284223718,1,0,88.56627857117402,home,30.2139476783377,0,none,1,RET-003345
986.6504035813439,1487,1,0.63312876736023,0,0,224.3471166100342,fashion,8.79095483119203,0,none,1,RET-001357
1087.1311247554338,17,1,0.879712978372289,0,1,170.35659692857493,electronics,20.76771450171111,0,none,1,RET-008395
712.1979999466361,56,0,0.8946273703065503,1,1,193.42631831847766,beauty,4.001267473868096,0,none,1,RET-004536
3978.365415898367,250,3,0.5551271935269945,0,1,73.9593873731507,books,1.0144789019610139,0,none,1,RET-003883
952.5390666846088,220,1,0.8755025852392883,0,0,161.8726445409515,electronics,5.6269470645482045,1,empty_box,1,RET-009838
329.7936708616475,558,1,0.6543631904793447,1,1,201.3297770723577,home,2.871451222536267,0,none,1,RET-008872
550.8173230936471,218,2,0.6619159593085253,0,0,106.47869730491647,sports,33.65839938540635,0,none,1,RET-006465
1899.9969829666745,338,2,0.5043251590522194,0,0,163.42219186044684,books,13.071843841952882,0,none,1,RET-000337
2293.187028131794,110,1,0.9658625745990618,1,0,292.5112459152322,beauty,6.447485452553059,0,none,1,RET-004113
478.1321610934643,263,3,0.7956513711873502,3,0,120.12019774299927,books,27.777254018457057,0,none,0,RET-003461
973.5817310480654,215,6,0.8511561702528602,0,0,401.0422662047462,fashion,7.8421715057241945,0,none,0,RET-002127
1606.2740156520463,182,0,0.9545403814496118,1,1,121.92751977371503,books,19.047617837610908,0,none,0,RET-007254
5211.817498424488,789,1,0.8464406407643436,1,0,143.72595305789775,books,5.837767351760205,0,none,1,RET-000274
5873.840199631763,242,5,0.8530876358280797,1,1,186.26514954246235,sports,16.25128282419255,0,none,1,RET-004013
996.5890458549723,501,4,0.9503629674650346,2,0,49.25717171538848,sports,13.664051300467627,0,none,1,RET-004988
1373.182803801144,675,2,0.7951083181499355,0,1,97.56819019005474,books,6.613792848042461,0,none,1,RET-004697
1821.9981789167712,740,3,0.8662738409468049,0,0,163.63545967490424,home,32.973672284898846,0,none,1,RET-004306
3107.4580831891953,852,2,0.768731051068393,1,0,135.79684913168143,home,27.44703816445094,0,none,1,RET-008312
10018.394863283324,705,0,0.7283230112018667,0,0,226.96467605303104,sports,10.687015277696254,0,none,1,RET-002993
845.1170428762781,88,2,0.879726577012711,1,1,36.469561042027095,electronics,46.88799881231587,1,substitution,1,RET-009383
1079.0158816363544,40,2,0.9376249072341516,1,1,159.86637835434163,sports,10.256591768363421,0,none,1,RET-001453
740.160525535528,95,2,0.6847937666410676,0,0,157.73740389000218,electronics,9.474905234017974,0,none,0,RET-002214
2857.0638793947983,1005,2,0.7976555114017962,0,0,216.87080123255677,books,1.7667298231510156,0,none,1,RET-004191
645.6123478841884,123,1,0.9149868886102458,1,1,212.79725429721603,fashion,8.7398722556309,0,none,1,RET-007328
6092.0520794879885,558,0,0.9273698947447033,1,0,240.06848882210966,electronics,12.170947234458279,0,none,1,RET-006768
2740.4721839513754,256,3,0.775587686107035,0,0,51.19688123949374,home,24.47989375981917,0,none,0,RET-001975
1171.2923200953358,1210,1,0.9760649863472596,0,0,140.09245412460066,sports,4.0898871071356515,0,none,1,RET-007730
2891.136120042854,478,1,0.9220521285387286,1,0,24.854771388777912,books,27.989082042713925,0,none,0,RET-008218
763.5148752272659,632,1,0.8792620637207589,0,1,119.57952510296175,electronics,12.524480987823813,0,none,1,RET-002453
681.2166456593891,999,2,0.9460926909074652,1,0,75.68205668075902,books,14.651513599606913,0,none,1,RET-000520
1705.5441323434954,545,2,0.8404026301609637,1,0,171.38472717321696,fashion,8.84767394807987,0,none,0,RET-003540
6852.355585641698,315,0,0.715033403328375,2,0,218.8478867938616,beauty,7.623011626795366,0,none,1,RET-003657
11005.823583882897,288,3,0.8852107360139961,1,0,109.90094702478447,sports,17.348837367015655,0,none,1,RET-007135
1321.9803230054702,216,4,0.6411484114715447,1,1,109.7352383708638,electronics,33.55946045083519,1,empty_box,0,RET-009629
5057.384814498076,1031,2,0.864258634089902,0,0,60.39712531780192,electronics,24.706890887371163,0,none,0,RET-000185
327.4681215448073,5,2,0.6036762869968809,2,1,160.02285020845773,fashion,98.62199493590191,0,none,1,RET-003779
4826.683705141058,924,2,0.7817836920616296,2,1,304.64174407594163,sports,9.0912248051651,0,none,0,RET-001391
2604.808297701679,156,2,0.666510758092138,2,0,30.34571500480513,beauty,27.396613179575468,0,none,1,RET-008163
200.0,187,2,0.9329678380294504,1,0,145.1488750581542,home,4.050741141381888,0,none,1,RET-006827
1995.7042660099173,40,1,0.7911459080423945,0,0,122.24449187113011,sports,10.166519628827158,0,none,0,RET-006270
2954.363212015416,634,4,0.9321598596665405,1,1,203.3921272198288,home,1.279107823648823,0,none,1,RET-008754
600.1931325208528,425,0,0.9041099259590284,3,1,146.3671636980185,books,17.63057583826117,0,none,1,RET-007908
1022.6251081416868,227,1,0.837387223103162,2,1,250.09418672143244,home,16.005656689510005,0,none,1,RET-002733
1757.9223559013808,661,3,0.7011914551330953,2,0,114.6005840676766,electronics,56.166934208061164,0,none,1,RET-008028
895.4028932530684,844,1,0.791849118581787,1,1,153.33869468987388,books,12.40959466090815,0,none,0,RET-004063
5811.177578796202,319,4,0.6449500861664008,2,1,192.7170118258753,fashion,20.48005735139958,1,substitution,1,RET-009828
1130.6346892015047,2289,5,0.8109033507037645,0,0,379.84270349756395,fashion,15.79367152144373,0,none,1,RET-001018
2225.46377384868,149,2,0.9164880548176315,1,1,29.51692866134553,sports,43.754577877663685,0,none,1,RET-006626
675.2174844171359,49,1,0.7694783504984318,3,1,34.54064197446193,fashion,10.482341171153493,1,substitution,1,RET-009658
1657.2836987723194,107,3,0.6661782575822914,1,0,124.3282667534253,beauty,11.776146313335362,0,none,1,RET-002685
1108.9681331971278,266,0,0.9445683829010488,1,0,130.3802840603366,sports,16.623708064817112,0,none,1,RET-007357
412.07327043088264,613,1,0.8916999676859747,0,1,162.76022950538152,home,0.8010507238651119,0,none,0,RET-003895
246.24944442104558,76,7,0.7601499740374004,1,1,169.6260196640693,books,6.56243234370311,0,none,1,RET-008987
1556.8220806184206,354,0,0.6997680887121744,2,1,117.42646968251584,electronics,22.659214630992455,0,none,0,RET-000873
566.1077478235246,110,3,0.6347367604958172,0,1,40.20556128031197,beauty,0.6861476441793452,0,none,1,RET-006173
571.9145296589012,1192,1,0.6303813918359018,1,0,77.78369414195994,home,1.2704687454884311,0,none,1,RET-000127
1443.4176870752926,481,6,0.5348249493742324,2,1,68.802925630051,beauty,71.70949133053256,0,none,1,RET-008166
1097.9376136164678,437,1,0.8552897291726682,0,1,151.70840279739846,sports,3.396496118599909,0,none,0,RET-003045
2534.34741290391,307,4,0.9092522497881531,1,1,133.41358634486107,beauty,3.874687454756353,0,none,0,RET-001853
1017.7423811169908,345,2,0.7469465825518122,1,1,64.07619473551054,sports,29.62630160587553,0,none,1,RET-008115
5648.693713262181,417,3,0.7198198250029952,0,0,140.98397629947883,sports,4.2484501272045225,0,none,0,RET-005897
283.1060760901567,176,1,0.36828620027651693,0,1,181.20887939270239,books,28.840168570472358,0,none,0,RET-008043
3838.79718127622,26,2,0.8645729818085344,1,0,230.4764209793742,sports,26.407182580543516,0,none,1,RET-000278
4020.7275888966683,473,2,0.9886980979579333,1,1,73.41973965614918,beauty,32.343152751056095,0,none,1,RET-003000
3589.3536674604393,86,2,0.8687923079354045,0,1,176.86865442063146,beauty,11.281372946806206,0,none,1,RET-004690
711.2414747927133,306,2,0.8225186740259617,3,0,165.80408890906088,books,50.758149294856636,0,none,0,RET-008208
5211.084253116196,668,1,0.9741393546153713,2,1,96.31016215969869,sports,12.775269452883867,0,none,1,RET-008883
1710.0726849654695,600,1,0.8616455065652375,0,1,151.57137856278626,books,24.090437026401514,0,none,0,RET-001093
484.5015560341691,116,2,0.7605781516475971,2,1,46.43284231753409,sports,7.1218038213286405,0,none,1,RET-007719
654.257879166504,1180,2,0.78887464832209,1,0,210.56366473823766,sports,37.256034347516135,0,none,1,RET-000742
1436.60437067921,565,1,0.5832306876156937,0,1,154.83218936207655,home,18.3651662328361,0,none,0,RET-005529
2306.448105966879,1114,1,0.6485134817270867,1,1,113.01533759497171,sports,3.6991856275075095,0,none,1,RET-002836
1264.835437543343,1117,1,0.9241776481388095,1,1,163.39858097927845,beauty,34.68091351488396,0,none,1,RET-007342
1111.63440641118,528,0,0.9441277999960802,0,1,55.59915158222935,home,7.641518514978806,0,none,0,RET-000425
784.3132214611163,610,2,0.9178089290477257,0,1,321.0222073411034,beauty,12.432012458807296,0,none,0,RET-008007
689.1781950391243,96,0,0.8208872710619715,2,1,154.07744164248956,electronics,0.3250992901262744,0,none,1,RET-001048
660.6149650642221,536,4,0.9787444312713963,0,1,90.60235946918603,fashion,0.6384671344519296,0,none,0,RET-000547
2501.1213466105037,234,2,0.9261346725866549,1,1,219.77542815456346,books,17.838290207374268,0,none,1,RET-001860
522.1100067250171,243,4,0.62666283931629,1,1,101.73549420549968,electronics,7.673755047641104,0,none,1,RET-000779
2978.887128031602,332,1,0.626284328808459,0,1,151.89688396417338,fashion,19.95450542986803,1,wardrobing,1,RET-009375
1148.5228374453716,224,2,0.8247263327811571,1,0,196.04641663977938,electronics,3.7063845652454237,1,substitution,0,RET-009640
1761.2603784349042,179,2,0.8707364093480277,0,1,101.57802880405728,fashion,16.450701845067158,0,none,0,RET-000809
5449.93200725867,235,0,0.9672751526984185,1,1,65.04265059018198,beauty,20.353291687231483,0,none,1,RET-007311
1050.0225336727099,141,2,0.9558785163559846,0,0,210.07491715417643,electronics,12.078342032778982,0,none,0,RET-005358
961.9696928983864,16,1,0.7791548854451968,3,0,161.1055416013768,fashion,14.352196970797559,0,none,0,RET-000536
1321.8970264140642,106,6,0.7969877824513982,0,0,62.13351159478101,electronics,7.320001979990418,0,none,0,RET-008594
2181.383983248665,185,1,0.825102273470504,0,0,279.85279761016284,sports,0.010668443988647467,0,none,1,RET-003306
1793.7383955615703,1534,2,0.9831780880857525,0,0,42.66879718572271,sports,0.1940549891691671,0,none,1,RET-004592
1316.9961451217273,266,1,0.7860881875648646,2,0,448.03315581649406,beauty,27.39384964217454,0,none,0,RET-004140
1015.6670789357956,243,2,0.8744238120163217,0,1,106.44333597275684,fashion,19.510741768733336,0,none,1,RET-005277
6484.382553497136,80,2,0.778693136454995,1,1,38.048212007605144,fashion,21.87748262403055,0,none,0,RET-006361
1422.2105598403932,70,0,0.602227067275206,1,0,175.55467519457665,books,49.52104694441575,1,empty_box,0,RET-009885
2067.0890539495476,85,2,0.9188806150187275,1,1,227.01311257244097,home,13.211792491891451,0,none,1,RET-003866
1117.6693570438838,64,1,0.9138644275306795,1,1,241.6584319429023,books,11.449886117069578,0,none,0,RET-008803
2313.6343074108477,32,2,0.9400237922505555,2,0,134.40337333233333,electronics,6.6176574468431975,0,none,0,RET-004672
1301.1665081365927,1475,2,0.7242497445539047,1,0,157.06282558857387,beauty,0.08702258169144679,0,none,1,RET-004944
1180.1321962745715,207,1,0.9735281618110158,2,1,99.5830332236405,beauty,3.4994909682105724,1,wardrobing,1,RET-009606
784.2792684190132,93,1,0.8369224029595949,0,0,136.9909194770763,beauty,4.625510516004377,0,none,0,RET-002223
892.4363288832811,223,5,0.9036114475547385,1,0,214.9597833495105,fashion,1.1581777815627219,0,none,1,RET-006765
1067.9128971396444,23,1,0.9697251076120214,0,1,64.10451296167284,books,11.438336518826683,0,none,1,RET-003858
1327.483379613845,49,4,0.6976022536445385,1,1,58.3774821350765,fashion,8.329867059587924,0,none,0,RET-006873
2496.3773666545007,174,0,0.7506858251436656,0,1,61.66442655374556,books,6.813230235574965,0,none,1,RET-001088
949.8860931777723,34,5,0.7408029348044868,1,1,362.0370293955256,electronics,13.383967348703592,0,none,1,RET-001900
1257.1272163001488,198,1,0.7516713406431006,0,1,153.52164081880866,sports,30.5679527292346,0,none,1,RET-005823
1174.4227266653747,37,1,0.799326243915816,0,1,60.70758828364611,electronics,5.948482611738893,0,none,1,RET-006696
1417.9592362810727,3,0,0.6555234765717777,2,1,222.51362167413308,sports,1.8336790612273692,0,none,1,RET-000154
795.3803862407507,516,2,0.9597864756546467,0,1,173.30993994567368,sports,4.409978684052236,0,none,1,RET-003155
2486.7084541114714,73,2,0.7590844528493086,1,1,73.29150190890552,electronics,0.7503943864402923,0,none,1,RET-001643
596.1801353912782,1128,4,0.8957784924061056,0,1,232.11444330154524,electronics,3.458288310927416,0,none,1,RET-008247
533.9516428438906,1067,1,0.8595551894335269,1,1,155.37085253224325,beauty,10.50598351873405,0,none,1,RET-001940
1416.065174174243,265,0,0.9125624517867472,2,0,161.19041018996373,home,57.162998839136705,0,none,0,RET-003948
1273.6015721879626,145,3,0.7442390760417472,2,0,217.68710920437508,beauty,3.7642352664113803,0,none,1,RET-005110
4837.647825804808,585,4,0.8411669684426122,1,1,296.792049862652,books,1.2283523294126422,0,none,1,RET-006743
532.4714652860777,75,3,0.8930978547795552,0,1,112.03026991210483,sports,5.35876624827137,0,none,1,RET-002276
279.2136788366645,342,2,0.8190742521164894,2,0,159.61175063804268,home,1.2020754668424338,0,none,1,RET-002553
1086.1883522563942,1079,5,0.7177763962318426,1,0,164.26243326088178,beauty,10.792928901677755,0,none,1,RET-007892
1939.2559334705675,287,1,0.6233988523053207,2,0,62.84138483399649,beauty,4.413660984389496,0,none,1,RET-000200
3979.051630978658,1070,0,0.6818466222299072,0,1,91.9501004371692,home,36.01935288469642,0,none,1,RET-004416
922.8201749628632,93,4,0.9237148456816158,1,0,35.34144418206202,sports,54.96567061774231,0,none,1,RET-000231
345.50039438610503,445,0,0.7003467237242643,1,0,265.7905394627282,beauty,1.578980869766821,0,none,1,RET-005746
683.0029143977498,1950,1,0.7436034798955238,0,1,134.13248364927566,books,9.862043789714068,0,none,0,RET-008568
1120.0520397094433,908,1,0.8948371808406793,1,0,202.20535607375894,beauty,5.1737784045179005,0,none,1,RET-004707
485.3798976140062,490,2,0.8222176291125525,0,1,261.7951684574502,home,19.197179489991626,0,none,1,RET-003511
1879.4372601430366,814,3,0.8761116903305718,1,0,144.21499243594067,home,38.522899463635284,0,none,0,RET-008581
1524.1384894971181,140,1,0.9013456573917003,0,1,64.24228749283387,fashion,19.882201806887686,0,none,1,RET-002475
2348.111552107056,9,1,0.9895350052492953,0,0,74.88737915118932,books,7.477162997653507,0,none,1,RET-002771
3985.8685009628994,314,2,0.559963441482891,5,0,38.67317692205338,books,22.901059816877517,1,substitution,1,RET-009550
584.3221601937689,521,0,0.823532149100551,0,0,392.2375429796358,electronics,67.42079523867898,0,none,0,RET-001937
559.6778560730011,102,4,0.9189930474246546,0,1,207.7445744346643,fashion,12.561940127308672,0,none,1,RET-004074
824.000959934906,801,2,0.7535192896315229,0,1,233.09956375994827,fashion,0.360835516622155,0,none,1,RET-001347
1506.4056325543331,82,2,0.7260100099376067,5,0,212.5309970609274,fashion,0.40495937677303434,0,none,1,RET-000117
1623.1193378831517,643,3,0.8824441589586285,0,0,122.50686362004413,fashion,2.1886345338347306,0,none,0,RET-003416
4460.915797442139,86,2,0.6885768804489342,1,0,67.78637385983359,electronics,0.2674054074229589,0,none,1,RET-008069
7337.624864296128,74,2,0.9159225122273195,3,1,141.05540465345038,home,4.850348793901919,0,none,0,RET-001949
1357.6402066069186,205,4,0.8728774627790935,1,1,62.65894923786439,books,8.756719587839061,0,none,1,RET-007391
12801.221878674603,586,5,0.8111948583894757,2,1,720.0,electronics,11.759247250206105,1,empty_box,1,RET-009979
1409.776019276863,59,1,0.9385980684090162,1,0,171.54723780880303,sports,7.334394023099532,0,none,1,RET-002856
2773.7720699942197,142,2,0.8732658534428199,1,0,357.566480731483,beauty,4.615236055900251,0,none,1,RET-003571
1585.7285790252133,190,2,0.6315804390907712,0,0,26.86797249112496,beauty,14.813010357304888,0,none,1,RET-003844
1962.895838415508,596,1,0.7838895465271116,0,0,90.56287492505484,books,28.99317694403727,0,none,1,RET-000995
2826.6235873618807,801,0,0.8709348566443196,2,0,215.68161627305975,home,11.754158371822793,0,none,1,RET-002899
1027.5021677900693,84,2,0.9741541949792524,0,1,416.13803002891353,sports,14.177138586677186,0,none,0,RET-008648
4867.610062190507,49,2,0.7477306665865359,1,1,178.0218611654288,fashion,16.490470529442696,0,none,0,RET-008498
4188.239157411808,1150,2,0.9372938408874393,1,1,254.55252267642726,fashion,2.9674028738817135,0,none,1,RET-000307
424.41950466644374,240,3,0.952132751024976,2,1,258.4716358086707,fashion,15.910586716546103,0,none,1,RET-007284
1234.6250733527063,245,0,0.9274357419620664,0,1,206.16929205840324,fashion,1.7818043579174927,0,none,1,RET-007745
3773.018102409941,204,0,0.8980518907448065,1,1,56.75586549314603,electronics,33.48048766229954,0,none,0,RET-001647
763.5363940259489,317,2,0.8150362983195013,1,0,151.24563936884468,electronics,1.6125955777693086,0,none,1,RET-009104
431.4456742369241,57,3,0.7561814248487353,0,0,155.28655626899814,home,3.7598350379966847,0,none,1,RET-005512
704.0213386601829,435,3,0.7987765506629296,2,0,69.24997341614244,sports,4.690330009992526,0,none,1,RET-001431
1377.2527998767102,546,2,0.8601097347184611,1,0,100.32318438861216,home,1.7381521211014666,0,none,1,RET-002237
1140.5969132539535,78,2,0.6147581887355595,1,1,122.62598957681519,home,1.5842460121900483,1,wardrobing,1,RET-009678
2609.8156914593396,575,0,0.7036418283559895,3,1,78.07189358792606,books,9.543474201291161,0,none,1,RET-008444
2301.8927936216887,90,3,0.5480907942882465,1,0,165.56107229540137,beauty,0.81063949143872,0,none,1,RET-001912
1043.5442739256214,2,3,0.5871106214502084,0,0,321.44615597436206,fashion,4.707354817673796,0,none,1,RET-005213
983.6777261540126,797,3,0.7931532562724709,2,1,103.64556902245106,beauty,34.100563230487865,0,none,0,RET-004175
1689.8792735790273,334,1,0.4950144375642784,1,1,49.1991111218052,beauty,2.880775259013701,0,none,1,RET-003322
1942.8287118481019,362,4,0.8936991272629556,0,1,121.20003774863778,sports,0.5034973471468062,0,none,1,RET-001020
4522.739871287496,350,4,0.7855360193541928,0,0,108.11390596060365,books,24.673071179201152,0,none,1,RET-003599
20642.003562162154,207,3,0.6272355983995057,2,1,229.16507544343983,beauty,2.407284265936668,0,none,1,RET-007138
590.3034945879502,1309,3,0.7681420499386981,1,0,125.5610795066698,electronics,12.731526419690844,0,none,0,RET-001170
1406.5617522900757,159,2,0.8222190732799262,0,1,317.6273003462487,home,17.906922775410134,0,none,1,RET-003624
2151.687019784601,860,1,0.9091048521229749,1,0,323.6958297960112,books,83.9435318015069,0,none,1,RET-000014
1486.6169117621052,132,2,0.8991318680727644,2,1,147.96841217114064,electronics,0.7459437451220966,0,none,1,RET-002633
672.9678765245535,185,1,0.7334805040170367,0,1,96.319701935341,fashion,6.349703606041385,0,none,1,RET-006344
1298.8644752683597,300,1,0.9660975621079214,0,0,65.43885058586757,fashion,1.410366108127032,0,none,0,RET-000199
3518.386787303216,240,5,0.7923104979036214,0,0,134.3573242150723,sports,54.48022423008582,0,none,0,RET-007902
889.6277885356777,145,1,0.7346031269477067,2,1,290.81214622093626,books,44.10675235501878,0,none,0,RET-003898
1232.2115933039597,368,1,0.8747678387216218,0,1,128.66140707266845,books,27.573993188764923,0,none,1,RET-001072
1982.8510131523292,298,1,0.9316168619097547,0,1,124.10249494958958,home,6.535431813917516,0,none,1,RET-001187
1004.4141150476647,925,4,0.6617201143708097,0,1,61.68200755814169,sports,21.730919059378856,0,none,1,RET-004343
545.1199768439429,596,1,0.4105190580466487,2,1,92.90583903472127,home,16.545787612424796,0,none,1,RET-003119
1001.2995094791435,280,1,0.9176150496364869,0,1,61.14125566798714,electronics,7.734011242369324,0,none,1,RET-003880
974.777477130847,652,4,0.8673110431887874,2,1,142.04153457862623,electronics,14.58413850979173,0,none,1,RET-003101
2861.143764813426,1276,3,0.9311192369177224,2,0,52.61994440164812,home,4.015279667697598,0,none,1,RET-002611
2082.8082535870567,382,0,0.930347011654583,1,1,173.6831672322099,beauty,29.88357327819944,0,none,1,RET-004652
5283.594060090982,995,4,0.6724467931331912,1,0,170.5406792574088,home,0.18945819528617885,0,none,1,RET-001627
6897.413576568274,843,0,0.65917482341462,2,0,111.54919329858359,beauty,26.13835080250066,0,none,1,RET-005362
485.27091615635965,759,1,0.6126723521422781,0,0,114.80309687177663,beauty,14.04854711049938,0,none,0,RET-005801
389.7760409057033,221,1,0.9590138993621498,2,1,211.89483189919844,beauty,14.074450706309735,0,none,1,RET-002610
652.3751521064604,117,1,0.8770347689081661,0,1,22.00716231121744,electronics,5.670342963711298,0,none,0,RET-007862
5650.760099156782,250,1,0.6570287048496286,1,1,230.350324832917,electronics,1.5578712321925339,0,none,1,RET-005013
7244.254935505668,2263,0,0.9107671504600378,0,0,94.35722366524698,books,8.485130807101942,0,none,1,RET-009056
1820.0094085633511,1050,3,0.7189155779711978,0,0,134.31027109046545,beauty,1.578319305778513,0,none,1,RET-003243
4447.350126757843,424,3,0.8606396313028456,4,1,82.53919444259385,electronics,2.667198693730338,1,empty_box,1,RET-009305
3663.4179488340037,165,1,0.8745957695548092,1,1,56.6391733108738,electronics,26.31753088747973,0,none,1,RET-001601
1159.063496556229,534,1,0.8235824396595162,0,0,222.9769030114463,home,16.59204817947855,0,none,0,RET-006531
2235.741730187006,1348,4,0.9372076003083964,1,1,192.6973025788879,beauty,5.003400051107392,0,none,1,RET-000600
966.7361453879334,153,1,0.8069182461103175,0,0,243.55113125903608,books,5.479072418748913,0,none,0,RET-008122
3006.5500058544253,197,3,0.6906260115347993,0,0,101.57268782088269,fashion,6.992398868734945,0,none,1,RET-004665
3528.0038993332023,1232,6,0.7342968092055834,3,0,82.44955736265422,fashion,4.464198385825826,0,none,1,RET-004501
2384.5836193460323,286,4,0.7248863059888546,1,1,61.099226947788,electronics,136.29916463985757,1,empty_box,1,RET-009279
2142.8854202963353,101,1,0.8948873161675123,1,0,147.25590204456432,fashion,39.66509560097196,0,none,0,RET-004557
1558.6496881381258,904,3,0.6319390053609385,1,0,282.94470750513756,electronics,0.16617374190129525,0,none,0,RET-006555
4804.645976473288,82,2,0.8722269551063311,0,0,195.9140213967986,books,3.7851105625703485,0,none,0,RET-008243
2765.412154580477,198,0,0.7851403918676356,1,1,91.27365766793024,electronics,5.684605349818481,0,none,1,RET-003102
582.9710468871964,283,1,0.9555954077089103,1,1,139.541487637036,home,0.8037625194395215,0,none,1,RET-001533
886.4167985178618,442,1,0.8762238592617252,1,0,77.36973281107768,beauty,10.341938248969209,0,none,1,RET-004485
336.3897694175637,187,3,0.887217531695551,1,0,545.0459818414361,beauty,8.355930022295679,0,none,0,RET-001794
910.4844015095347,466,3,0.9182132699505189,2,1,146.6871107562766,home,11.001687843242621,0,none,1,RET-005864
2352.928142340082,972,0,0.9322841070314746,0,1,243.7744142721641,books,18.40860480591902,0,none,1,RET-004789
1769.5801866021068,437,1,0.8113246853921582,1,0,83.20636737988218,beauty,11.602330887970663,0,none,0,RET-000972
382.38573654982554,250,3,0.8502329369089004,1,0,71.74056971108814,beauty,6.54627773475424,0,none,0,RET-000660
385.5054747920944,120,5,0.7460040718222953,2,0,130.67076442652993,home,4.625790463519395,0,none,1,RET-005144
2965.6916335642186,226,4,0.3876259013744207,2,1,120.01307301081923,home,17.90464241151819,0,none,1,RET-004716
1666.6036671057193,84,3,0.8062171493799224,0,1,67.73836078046334,home,5.287752860584266,0,none,0,RET-004976
3278.3898543436926,11,0,0.8362201661267454,2,0,104.03772251421806,home,10.77163172892362,0,none,0,RET-006212
1376.4019410606754,203,2,0.7366871498896091,2,0,172.22550419563208,electronics,57.64267186570174,0,none,0,RET-006939
4573.936978301622,77,2,0.9212961237875134,1,1,186.62891145765158,fashion,15.906275685378192,0,none,1,RET-002587
651.7570682436566,58,1,0.928383565599121,1,1,120.16269027148572,sports,50.977672791925734,0,none,0,RET-001681
416.46245018058517,233,1,0.8850628012163804,0,0,138.49162611285135,fashion,19.434645118947873,0,none,0,RET-005406
200.0,74,2,0.5701144399777288,0,0,109.35163411147033,home,21.378941700221922,0,none,1,RET-006848
1738.1144550882118,312,5,0.9712892404147988,3,0,81.01293170074095,books,4.356628389275814,1,empty_box,1,RET-009313
2019.9768804811122,431,6,0.842544202566586,2,0,119.3146339489627,sports,1.207869152079782,0,none,0,RET-004625
6271.443039610941,96,1,0.8614647289811302,0,0,303.82294610025286,home,1.1500166193664807,0,none,1,RET-008606
2307.30906458995,625,4,0.683241678995081,0,1,37.29731763102118,books,6.739325307409494,0,none,1,RET-003162
859.150986635125,1437,2,0.8399005831160116,1,0,136.946131298052,sports,22.941315980867127,0,none,1,RET-004287
1040.5222845340245,279,0,0.753338636985051,0,0,133.10288743135422,electronics,31.519457909579,0,none,1,RET-000620
1298.530756115104,334,1,0.6633989952529966,0,0,191.6855661548394,electronics,3.530802027303558,0,none,1,RET-002773
472.3560732575365,417,2,0.6911147646447324,2,1,107.41814844034874,books,21.18344212775634,0,none,0,RET-007950
4156.592927434593,465,2,0.7457867179452597,1,0,71.42396193621568,fashion,24.634284063893556,0,none,1,RET-001221
472.8553543186502,40,3,0.8274759325496197,0,0,36.621851930050795,books,1.2585659300127428,0,none,0,RET-008902
3586.0041810535627,272,0,0.843273647023188,0,1,131.2318240461539,sports,6.646834368417774,0,none,1,RET-008194
371.7210329209805,95,2,0.9310174431266793,2,0,91.2675803920836,fashion,0.912179444928699,0,none,1,RET-000109
1471.3655037211224,210,2,0.8238412149175917,0,1,111.02027786289916,sports,4.388548314664406,0,none,1,RET-002616
1361.0506741088627,402,4,0.6474176714906801,3,1,102.54484670532125,sports,6.4743379258705245,0,none,1,RET-005768
489.2740710303398,573,0,0.6573083016298608,1,1,87.36402401408033,books,3.616795438921077,0,none,1,RET-008037
14046.371688372066,926,1,0.8476683753087151,1,1,166.3502979006755,books,51.72028493617696,0,none,1,RET-002166
1416.0395249932565,198,0,0.8776060297739839,1,0,231.66906148953873,books,89.52097859471401,0,none,1,RET-004408
1565.9100422178851,3,2,0.8888662357484113,1,1,3.064184891129176,electronics,23.917320267147904,1,wardrobing,0,RET-009839
595.4626214213185,1040,1,0.7842598989698915,1,1,114.69173047271583,home,40.90069413448413,0,none,1,RET-003055
5710.467062813112,1031,4,0.9173745894282118,0,1,223.56344967670765,home,13.892433359897435,0,none,1,RET-005333
693.9151829890811,236,1,0.7194677709036048,3,0,64.86768587681162,fashion,9.948629763571496,0,none,0,RET-005098
1520.6425116053676,221,1,0.9593436980740444,1,0,263.50244859532717,fashion,90.96654478085382,0,none,0,RET-007658
1375.215835566669,186,2,0.7826656373507406,1,0,206.9561630809501,sports,26.99786014800574,0,none,1,RET-005171
974.8772974262655,191,2,0.7181951013020962,0,0,228.229205319185,sports,11.5246024772786,0,none,1,RET-008044
894.7321614453075,139,2,0.6725835195851229,0,1,189.446574306549,sports,2.2913934689314748,0,none,1,RET-002088
1671.1576617091932,58,0,0.8961915751951759,2,1,192.08699025937094,books,3.12644129145411,0,none,1,RET-004336
1186.8762854639647,1213,1,0.8950938132505656,2,1,680.6717558404313,electronics,30.247062067726553,1,substitution,1,RET-009525
447.9627723033268,297,0,0.4845764459796152,2,0,180.08315397953638,beauty,5.877247864196238,0,none,1,RET-004429
983.7111948046806,220,1,0.9020432483208713,0,1,75.05915397491354,books,1.565689340797079,0,none,0,RET-003389
2523.2294887135604,690,2,0.8374073302431622,0,1,25.192967141640633,home,20.575694747418815,0,none,1,RET-008269
652.6766239674009,32,4,0.891965948523432,0,0,39.85650566031108,beauty,5.461987795661275,0,none,0,RET-003586
1875.9687501007481,155,1,0.8013198171736452,1,0,165.12726491253932,beauty,10.774656313595848,0,none,1,RET-003975
6542.879892394403,64,1,0.7497503994423569,1,0,19.28700377429388,sports,1.833139546112998,1,substitution,1,RET-009312
873.2951763982467,104,1,0.8336127688001571,0,0,120.0804830026987,books,21.76380890294516,1,empty_box,1,RET-009393
1056.8812294736342,438,1,0.6124925819278436,0,0,140.9199890876283,books,6.8198227995242835,0,none,1,RET-003012
997.9589915974968,457,2,0.7926842056348122,2,1,92.88611386121214,fashion,22.430655570818015,0,none,0,RET-002056
2034.2096551880272,174,1,0.84738224000247,1,0,55.48693475833044,sports,31.5883331381742,0,none,1,RET-005299
4098.209243243867,796,3,0.7319159288931122,1,0,88.0780272511646,electronics,17.855941598361962,1,wardrobing,1,RET-009644
2413.1128327910333,115,2,0.9146821225255873,1,1,223.31346016943812,books,43.946528120924114,0,none,0,RET-003677
1576.037662980435,323,1,0.8683739552819212,1,0,114.1421841079552,home,12.05529961063951,0,none,1,RET-008233
456.2335146976915,306,0,0.7864722053163158,0,0,8.71292705933462,electronics,86.33391261283127,0,none,1,RET-005035
514.712664872076,17,4,0.8379260224426667,2,0,151.57835086996653,books,13.019458446267503,0,none,1,RET-001180
855.5982101585424,478,3,0.7949703568877134,2,1,146.31031629840686,sports,14.2374443025649,0,none,1,RET-008763
2486.1791429851246,1844,0,0.7834203539653044,2,1,201.08047896252398,home,28.054292098800442,1,substitution,0,RET-009427
3088.776180631658,47,1,0.842545074920333,2,1,170.14835152386553,electronics,21.083897774487223,0,none,1,RET-006526
1909.847605611499,779,2,0.7635519552498056,4,1,68.37982462652221,beauty,32.651819076289414,0,none,1,RET-008728
884.6656992925585,153,2,0.6377569160604913,2,0,205.60813040257057,electronics,3.3774731033017975,0,none,1,RET-007458
1516.2648146938172,330,0,0.9460900557017563,0,1,192.171367604089,electronics,1.7132773132300263,0,none,1,RET-003366
1493.9233114280978,39,2,0.7124753005554002,1,0,139.1967191380373,sports,11.163644741781685,0,none,0,RET-000750
2557.8004874772255,420,1,0.7300135554450965,3,0,41.149831904092935,home,10.412360682267408,0,none,1,RET-004930
2701.161575615986,55,2,0.8305792630279877,0,0,54.19485186204401,beauty,18.891655716774252,0,none,1,RET-001658
306.12330381211757,170,4,0.9234366540211619,0,1,264.26384699365764,home,7.961237061380055,0,none,1,RET-003947
1906.1452661817066,176,1,0.9406520490510233,1,1,35.453000603518625,home,3.849341348050961,0,none,1,RET-001021
1633.7732951792086,616,4,0.7582047483884651,0,0,355.82935283100625,books,7.79899141224088,0,none,1,RET-005276
1638.4297309898811,46,0,0.6990454709780834,0,1,70.08253202174369,electronics,14.602844440215112,0,none,1,RET-002274
1183.1611764121542,247,3,0.7765932076084411,1,0,45.37348033737932,electronics,21.756484862176958,0,none,1,RET-002479
2737.463360854584,712,0,0.8354908331515539,1,0,25.643147670388483,beauty,5.205135445513429,0,none,1,RET-007939
6905.063357430886,613,1,0.8607364278966165,2,0,206.84385821914583,sports,21.812670332465842,0,none,0,RET-003439
663.878667683474,402,2,0.8111720287679302,1,1,71.305643299901,home,29.825242773323325,0,none,1,RET-002183
746.9604026844695,818,1,0.6533407232273422,0,1,48.884100744186924,electronics,35.01141517481546,0,none,1,RET-004335
1188.1071824561498,1238,1,0.8970914156347665,2,0,115.49823961051149,home,8.156002014465097,0,none,1,RET-005855
2744.149878529624,508,2,0.8771372805782789,1,1,37.6767104172302,fashion,0.5651042532594239,0,none,0,RET-001557
760.1916874166022,445,2,0.7119276653392378,0,0,443.0242224614498,books,11.045201838138757,0,none,1,RET-000890
2409.156143452092,1139,3,0.8026992886962903,0,0,75.50100381156041,electronics,24.849620870800997,0,none,0,RET-005109
4044.588650862899,444,2,0.5759082722445459,1,0,537.5498262944374,sports,5.722492496254008,0,none,1,RET-007837
1603.2273310320857,66,3,0.849216983169175,1,0,158.01337060566678,home,59.191225386372885,1,substitution,1,RET-009717
3580.818575871248,205,3,0.8981946764798929,2,1,195.79644604489178,books,49.551314147375294,0,none,1,RET-006618
2960.5132284738866,1085,3,0.789487971996284,0,1,187.7120921745482,home,7.020798203959313,0,none,1,RET-004750
1297.3120897326216,301,1,0.886540133682647,0,1,57.40041582236146,electronics,1.6941087741707788,0,none,0,RET-001134
892.5536237844144,39,0,0.9379203242767012,1,1,279.3657004313868,electronics,21.620531628938938,0,none,1,RET-007472
2479.001831759971,195,3,0.8379388145626323,0,0,121.45260071477722,sports,18.848991065934666,0,none,1,RET-006055
3629.330683448609,314,4,0.8962725271077039,2,0,128.69198755738634,electronics,21.900639839528807,0,none,1,RET-007717
677.5973317534496,50,3,0.615461305801292,0,1,88.91180080696579,sports,5.181304076812827,0,none,0,RET-008047
1920.6424957954525,347,6,0.7423629118147448,0,1,67.43863362514784,electronics,1.7729060566704986,0,none,1,RET-008536
993.7106435927918,556,1,0.7253859920682628,4,1,125.66100708735908,fashion,12.542755528152261,0,none,1,RET-006694
1485.2023522927639,139,2,0.9109309473074965,5,0,152.59247598267848,electronics,0.37264780178733464,0,none,1,RET-003065
613.3860708690613,74,2,0.8763780955994451,1,1,335.36145070160603,books,4.96597376608086,0,none,0,RET-006083
1876.3926626131547,133,3,0.9918042958528303,0,1,98.84680803392986,home,35.433147398779454,0,none,1,RET-003879
5604.319322544792,333,1,0.8695313101854456,0,1,178.7299809900535,sports,3.7669473143950687,0,none,0,RET-008805
3180.845534615981,151,3,0.9435369055046692,0,1,236.2320093095981,beauty,7.927760291799738,0,none,0,RET-008724
6032.703039081858,47,1,0.6653544179039387,0,1,183.92573154590352,home,11.308551251060639,0,none,1,RET-007706
1209.1765176129047,359,0,0.9656321394464089,1,0,156.0830378687918,home,23.225145945362673,0,none,0,RET-001350
2136.335610951333,615,4,0.721221858565423,0,1,317.7122425315946,sports,4.988192623471294,0,none,1,RET-002284
1942.7249105229491,675,0,0.8601795935274895,1,1,77.82008055674888,electronics,5.065146409485674,0,none,1,RET-002583
1188.8807196188075,739,1,0.5142982467786422,2,1,111.12052347841335,home,23.96154730705854,1,wardrobing,0,RET-009859
3192.588938442967,260,2,0.9016932163111142,1,1,116.37849362677737,electronics,16.714878258118354,0,none,1,RET-001809
4499.169966535402,385,0,0.501789898329737,1,1,125.47223673089563,home,65.45009570505312,0,none,0,RET-004204
579.2423264134281,1284,1,0.7660567934533352,0,0,336.19722172022193,beauty,4.039252965331776,0,none,1,RET-008510
2043.8715287354219,223,4,0.7503740907632567,1,1,41.114944656440905,beauty,4.487007906911435,0,none,1,RET-008280
335.35291271010533,136,1,0.8570779373114769,0,0,28.53579191931388,books,6.762404283028133,0,none,0,RET-005456
872.0672008674261,877,1,0.9049391393733357,1,0,441.6102637667617,beauty,20.454737198641936,0,none,1,RET-001297
788.1860698005527,216,2,0.8073874295221853,2,1,19.017858200100267,home,7.129091384303581,1,empty_box,0,RET-009442
899.8553640191502,833,2,0.7870362993831135,1,0,89.33580941785861,books,5.537721376799463,0,none,1,RET-000904
1379.851904919791,390,3,0.8518835054433609,2,1,87.65510649625494,books,2.1988311743322226,0,none,1,RET-002602
1785.473077125237,320,1,0.6974889692645823,1,0,225.42561388661318,sports,24.088043814202116,0,none,0,RET-002225
4630.560036148289,277,4,0.8433196305820548,1,1,386.25329167984364,sports,0.0013811889655669903,0,none,1,RET-005517
1055.5883963691324,827,5,0.7600251952403485,1,0,65.72112321800383,sports,0.5550382490076418,0,none,0,RET-004612
4681.943670814077,1427,1,0.7329666854863524,0,0,75.601295241064,sports,23.15641375770102,0,none,1,RET-006330
1330.0098515744044,49,2,0.7197688537117692,1,0,236.19917055903588,fashion,3.9512221314232407,0,none,1,RET-000258
1690.0099917641498,219,3,0.7123325637814752,2,0,41.69200213222693,sports,14.734022431655408,0,none,1,RET-003359
6120.17383064413,25,2,0.764083945749538,0,0,122.87079936816826,home,39.23779905187606,0,none,0,RET-006840
3635.426404114122,582,0,0.5028132047581424,0,1,152.79054081865308,beauty,23.425992679497472,0,none,1,RET-004954
3026.174873047016,303,3,0.8840373051387066,1,0,288.84170484359953,electronics,2.90180519704047,0,none,1,RET-006227
2126.0705339450856,145,2,0.9573787984270927,0,1,75.3291060311783,sports,13.530378711842369,0,none,0,RET-001595
6365.764273410537,143,0,0.8998321277880285,0,1,282.149859963869,beauty,7.179268260838223,0,none,1,RET-008549
1300.2247260273355,959,2,0.8722487420286451,0,0,244.81902148145224,books,0.20586758667948696,0,none,0,RET-005902
1791.6291646360332,154,2,0.5630050510106573,1,1,144.1579460755496,beauty,38.031289302140536,0,none,1,RET-001597
1222.218767570347,467,1,0.9258268832192919,0,1,228.4291936316027,beauty,5.959695530609031,0,none,0,RET-003964
1744.6069152627583,528,2,0.8409098756819635,0,0,253.8060649029449,sports,5.169901215244723,0,none,1,RET-005797
2964.7305303622093,681,2,0.8330511087788285,2,1,135.53559563362356,electronics,22.068750825194407,0,none,1,RET-004845
927.2388005963079,1173,0,0.8200063877978856,0,1,186.96722361587078,books,37.48169999740052,0,none,1,RET-007994
200.0,400,3,0.8655962267630698,2,1,74.45693141232474,home,0.05545119531345933,0,none,0,RET-005943
3210.4946776037227,958,1,0.8196664150870486,0,0,148.84391829953856,sports,15.729641397523663,0,none,1,RET-002770
3877.809542980706,16,3,0.7174633444279092,0,0,131.54052425260443,home,2.332483991110396,0,none,0,RET-005770
1430.0829445368352,723,0,0.4812828251643918,2,0,92.54904167647146,sports,4.228148999977168,0,none,1,RET-006493
840.6609065914636,210,3,0.9393491854664623,2,0,214.43936688287332,beauty,50.64744742505186,0,none,1,RET-000848
1622.8629625062904,307,3,0.6637981776049159,1,1,128.11526034688407,beauty,8.381504377290474,0,none,1,RET-002716
1492.1368044878332,99,4,0.8959846263654233,0,1,68.12504207175462,books,5.209892552147573,0,none,1,RET-009193
984.0076844057689,113,2,0.8695353541817499,0,0,155.4635484873896,electronics,2.3693788974607215,0,none,1,RET-005124
2194.1371737162403,278,1,0.7544872425505587,0,0,163.03474045861475,books,19.44350879414325,0,none,1,RET-005312
716.2817094872751,218,3,0.4690950153225999,2,0,29.96300595186345,electronics,1.0211904138363241,1,empty_box,1,RET-009740
7797.7025408296995,464,3,0.9524227766916782,1,0,174.1643826776529,beauty,18.21782916100021,0,none,1,RET-000453
3957.8647134780394,174,2,0.6547700330286945,0,0,55.530119803943066,fashion,3.7836161239527715,0,none,1,RET-004234
3115.9902753146876,138,2,0.9118625986826276,0,0,120.03996734468083,beauty,12.82147537734122,0,none,0,RET-002617
1188.9271062991588,692,1,0.7928220966249123,2,1,18.073081785102303,electronics,12.452934776013924,0,none,0,RET-003644
2508.8690964280268,462,3,0.6998547258796181,1,1,118.09555127777314,beauty,1.2528596495889528,0,none,0,RET-002032
584.416148934282,770,2,0.4774805838658017,2,0,97.85346378284044,sports,0.1765546781414623,0,none,1,RET-003086
2217.673633859855,156,1,0.7503340667677512,0,1,278.83255416808737,sports,22.305357929706012,0,none,1,RET-004752
1404.5647736179017,280,3,0.8472430769973235,1,1,137.0801866339788,sports,10.68456354907645,0,none,1,RET-008085
776.1215802470226,240,1,0.6708154928768827,3,0,82.75931597066727,home,4.010870355269435,0,none,1,RET-007018
1598.3168206703428,666,3,0.6146409326342588,0,0,135.08787137940917,home,28.371931584692597,0,none,0,RET-008481
1553.5668235408014,192,1,0.9355464033654184,1,1,124.7189881141783,books,5.7146183567910125,0,none,1,RET-000778
1657.1860721649857,354,2,0.8485956725218425,2,1,179.86229574573346,books,6.987811514696432,0,none,1,RET-007045
467.04098283168986,196,2,0.916185686699542,2,0,223.85719577943962,books,40.011037299764006,0,none,1,RET-001733
1944.2530113085106,688,1,0.7989968154636904,0,0,201.38117822389344,books,47.75270998748604,0,none,1,RET-000764
829.0754454591398,648,3,0.8093623338024535,1,0,192.56758713170322,electronics,6.557905013538001,0,none,0,RET-001461
385.3449143165026,97,1,0.764466336179955,2,0,274.37791885848065,books,39.19901431730074,0,none,1,RET-001514
1009.6694606547803,436,0,0.7389026325388766,1,1,55.62346124927537,books,10.544730892537293,0,none,1,RET-005471
909.8738861666122,189,3,0.6544305051791778,0,1,308.67140472361734,sports,50.60658081805791,0,none,1,RET-003574
1296.5726247996242,154,2,0.7493262756677558,0,1,111.99303441069381,electronics,9.869718065561543,0,none,1,RET-003697
387.62677168252566,23,0,0.8667391901894825,0,1,87.77359736079863,books,19.079022211632527,0,none,1,RET-007923
2377.2549553902763,1009,2,0.8162079303931518,0,1,418.1363293090139,sports,4.4808055694499975,0,none,0,RET-008689
1418.8941350688697,699,2,0.6815411566419247,0,1,39.42990227855,beauty,16.799322045892445,0,none,0,RET-005443
3371.202335387753,265,2,0.7364155756836066,1,1,95.09675442502521,sports,1.0094841832724697,0,none,1,RET-001577
1575.5648438266142,88,1,0.9015035502128288,3,1,99.12668554583539,beauty,26.28380525861973,0,none,1,RET-006464
1643.5459483415143,511,2,0.9139160215089378,1,1,125.34171060799584,books,11.649606817025735,0,none,1,RET-000998
1152.0051754837018,170,1,0.6060679112439952,3,0,79.438460933592,electronics,42.26108330852454,0,none,1,RET-006172
668.701852007549,704,1,0.742193667445987,1,1,33.32153915502639,electronics,3.626572361364968,0,none,1,RET-005794
2439.0270563623435,238,2,0.7985199311361864,1,0,186.067476576878,sports,20.737879671559718,0,none,1,RET-005458
1619.0055685242435,927,2,0.7967405281377699,1,1,348.88675406374347,home,4.6317685503860115,0,none,0,RET-006297
1042.9031580888438,670,5,0.9070720366140222,1,0,197.055831412076,electronics,5.336503099802467,0,none,1,RET-006935
599.5405916580579,285,0,0.8296491509450562,1,1,70.51569080305453,fashion,24.633669155138136,0,none,0,RET-006408
719.1439340788198,1078,3,0.5458778192180606,0,1,116.55836575575285,electronics,16.805054805083593,0,none,0,RET-000662
474.3376837260407,382,3,0.7416641193268666,0,0,194.23356822423102,books,2.721831822886087,0,none,1,RET-005391
2129.074473080335,693,2,0.6762129183124579,1,1,82.77241023195347,electronics,3.9514751162331234,0,none,1,RET-008138
1390.4038845592145,38,6,0.6969059189126681,2,0,231.51974979196476,beauty,21.956414331790373,1,substitution,0,RET-009591
1511.0190397076356,825,4,0.8696607192696406,2,0,27.6899329515638,beauty,1.2574223653862666,0,none,0,RET-005894
699.7490326076557,2437,2,0.7105498427175486,0,1,173.99582110872,beauty,32.3471217991093,0,none,1,RET-005130
2264.8612745320142,317,1,0.8747203122261131,0,1,301.9235046194345,sports,40.5408345415795,0,none,0,RET-005263
509.9466214780001,359,1,0.979238909759189,1,1,236.76733841817884,beauty,37.05302165357739,0,none,1,RET-007490
1548.7405846372185,770,2,0.9081059130328426,0,1,68.22524641149272,fashion,16.314153834190943,0,none,1,RET-002074
2615.396319563678,396,3,0.79766121543118,0,0,74.94836671073355,books,23.34294456555918,0,none,0,RET-006087
1679.660013613008,97,2,0.8162469832341017,0,0,53.186320997021355,fashion,39.52182628635603,0,none,1,RET-005585
1434.93089777129,17,2,0.8700287873361049,2,1,102.51470606988656,electronics,10.73986249990517,0,none,0,RET-003609
476.57083659638903,177,4,0.8094636912966503,1,0,135.63546458567126,beauty,9.436233903759485,0,none,1,RET-008855
837.4459020566078,111,2,0.7704141848327808,0,0,126.10298939879294,sports,25.535759966902813,0,none,1,RET-003182
697.2209230169414,206,3,0.900379644504468,1,0,204.9208516480645,fashion,1.7832475023695573,0,none,0,RET-000531
1903.1425624945484,532,1,0.7462234541969504,1,0,86.24000714147782,fashion,12.47608731439417,0,none,0,RET-000690
333.5012994447496,19,0,0.9556618426307938,0,0,86.83079866072339,beauty,10.363025506393354,0,none,1,RET-008574
3969.085500579694,49,3,0.5816088502744401,1,0,80.29296801028816,home,0.23968741132009594,0,none,1,RET-002680
2595.6720991874354,81,1,0.5791620548485963,1,1,152.41805183393242,sports,64.5858911901806,1,substitution,0,RET-009237
3231.7916726786134,305,2,0.9583449763245298,0,0,83.46930323392995,sports,14.489011649685771,0,none,0,RET-003303
2924.937698777386,113,1,0.923978364852147,0,0,196.072194404146,books,10.445850544191355,0,none,1,RET-000847
1845.5591350663467,534,5,0.6494286866931734,3,0,219.31440664332067,beauty,33.297566132240355,1,empty_box,0,RET-009590
5105.027925204358,232,4,0.6940364056256452,1,1,105.31375668502521,fashion,66.34123814243989,1,empty_box,1,RET-009466
1094.1737309408056,514,0,0.651001410578064,1,1,128.9247806115021,beauty,7.553126650536448,0,none,1,RET-001360
4126.348184453055,434,1,0.7647314738703249,0,0,119.76138603648536,fashion,18.966879734748044,0,none,1,RET-009159
1138.9493851756833,21,3,0.7160823884288087,0,1,246.27370799939746,fashion,0.6276839558543661,0,none,1,RET-000214
5375.078093824749,837,2,0.8170575121266254,2,1,467.30290311407197,beauty,11.149705648796319,0,none,1,RET-003263
2370.6326072216157,10,1,0.6798340067079532,2,0,103.91230829706302,sports,41.925308908796715,0,none,1,RET-002640
931.1756536821872,627,1,0.8465629089893238,1,0,265.21489817005266,electronics,7.198159587130067,0,none,1,RET-003612
1451.095247542881,45,8,0.7373174514263959,0,1,200.0485507312312,fashion,21.37995987207397,1,wardrobing,1,RET-009808
624.6089596274898,960,1,0.8639073464774754,2,1,76.84701662219264,home,5.491299971299856,0,none,1,RET-007777
1400.3239848002877,810,1,0.932587137899064,0,1,208.48720047240684,fashion,25.79019788994535,0,none,1,RET-007380
6220.779022748655,269,1,0.7709920339990322,1,1,55.376855117468125,home,1.774453964263281,0,none,1,RET-008885
1361.0594084032564,426,1,0.8319135715191504,1,1,273.99009104229697,home,24.04550575932652,0,none,1,RET-005265
3390.699694751514,1291,3,0.7967950152272736,2,1,103.43188106273327,books,2.4466038333637354,0,none,1,RET-008086
1726.6474103470007,577,1,0.439734714092923,0,0,78.70273408396568,electronics,43.68731816681118,0,none,1,RET-001624
683.964892953606,754,1,0.5766960619199861,1,1,459.86588751835365,sports,8.729209665365342,0,none,1,RET-000160
776.7713402298656,341,7,0.8495641928447005,2,1,94.17424568026335,fashion,15.50985758636414,0,none,0,RET-005522
1543.6315343546173,63,1,0.8080174127337222,0,1,183.94653660537807,sports,2.2275855825445863,0,none,0,RET-007343
1496.2251524322019,33,3,0.7419867173504769,0,1,120.16809786262846,fashion,3.0431543869324345,0,none,1,RET-002307
605.5504737776129,84,1,0.6621280660369399,2,0,194.4156250587674,sports,66.23879839412444,0,none,0,RET-001832
685.8402994560678,90,2,0.8132991910147201,3,0,231.54526780724413,sports,15.541993534023446,0,none,0,RET-008133
828.0590579356436,174,2,0.8183208231563857,0,1,151.61970237329294,fashion,19.325987615970377,0,none,1,RET-003128
599.7168333791192,1126,1,0.6682938137982298,1,1,63.65165067193963,home,19.814383727320006,0,none,1,RET-008656
3505.129809051933,188,1,0.6086947621305872,1,0,206.18786080879835,home,3.7307017965708273,0,none,1,RET-004995
1230.089932871092,81,2,0.8128192714575703,1,1,53.4083657027129,sports,20.575117314132076,0,none,0,RET-003498
671.8168616814122,670,4,0.5610172986437143,2,1,129.7188047043524,electronics,41.91489700895451,0,none,1,RET-005519
556.7412278217947,128,0,0.9878749720992652,0,1,171.5152434981819,electronics,2.1259527116527135,0,none,1,RET-000590
2443.486104647489,53,3,0.7513902286353944,1,0,660.520177363812,electronics,4.56741497037445,1,substitution,0,RET-009534
1347.3720109301748,77,1,0.8443970732211173,2,1,129.89068061128285,books,17.934695349440606,0,none,1,RET-000827
1326.3931745620741,773,2,0.6092296719874939,1,1,171.10748974781177,beauty,55.26860575030923,0,none,1,RET-004368
617.6713894110102,242,5,0.8576555789747672,0,0,183.71025964198105,fashion,9.70515037370378,0,none,1,RET-003865
607.4619663736803,344,0,0.847900706915449,2,0,174.75325104754225,books,5.370081924790473,0,none,0,RET-000637
1603.807406400545,858,1,0.7550265520914848,0,0,86.6465882643124,books,2.9449900272086533,0,none,1,RET-003437
2038.1939607900529,210,0,0.8527388887988446,1,0,142.64503933977144,fashion,0.7881213868474954,0,none,1,RET-000098
4029.429198630469,650,3,0.8291766633751179,1,1,293.6510270098653,sports,2.7575654783234698,0,none,0,RET-000682
1202.2364005594163,48,3,0.8237516188296063,2,1,40.85326936137817,electronics,1.468952729212417,0,none,0,RET-005108
3085.4639280343836,375,4,0.9319830585064613,1,0,384.7627281797683,sports,1.45871248269071,0,none,1,RET-007844
1009.9265353836843,327,2,0.886399127182588,0,1,88.35133195118718,beauty,8.224209463513336,0,none,1,RET-007915
796.6312910958039,1031,2,0.637729330003956,1,0,108.31189656922584,fashion,36.6878062635844,0,none,1,RET-001750
4227.372757042769,367,4,0.95049294778305,1,0,193.542589203566,home,3.9637842153723395,0,none,1,RET-008253
2131.4375450633406,28,3,0.8499936122434726,0,1,110.89302776418461,sports,15.994232191655097,0,none,1,RET-007644
3375.019302407692,143,4,0.6819306929128282,0,0,107.6920521132139,electronics,9.389713605855079,0,none,1,RET-001149
1195.9887272528827,821,2,0.6360992642162431,2,0,253.59664013200373,books,16.675245438458198,0,none,1,RET-007621
1422.3408385667865,307,2,0.9395525873678789,1,1,316.80407164983785,fashion,28.08294409592418,0,none,1,RET-000019
347.20983421779846,132,2,0.8561074896800247,0,0,109.77932063225407,electronics,15.015633625717076,0,none,0,RET-004702
2351.7836213288474,258,8,0.9781524400493959,0,1,373.66654086724856,sports,1.2355893818521329,0,none,0,RET-001834
4508.2157653451695,78,2,0.8622885362472884,1,1,268.7032211056652,electronics,62.172419279381764,0,none,1,RET-002739
4311.787326006976,98,2,0.6660272091165076,2,0,27.584730729623345,books,7.769358047776263,0,none,1,RET-008441
3117.1380902516557,305,2,0.7287533580441252,1,1,170.98857250884535,sports,4.14861548881704,0,none,1,RET-000745
1096.772252883583,78,3,0.9214126067159495,2,0,132.03853765313897,electronics,3.7713564395653583,0,none,0,RET-001007
1576.7688228675604,52,2,0.6474595654731984,0,0,91.1821523835917,home,38.06330848564912,1,substitution,1,RET-009618
1442.4336179552752,784,2,0.9345887816990929,1,0,84.24553621939242,books,0.8820542710240257,0,none,1,RET-006617
867.2517513839852,108,3,0.9017520432453842,0,1,83.38248999268353,books,0.5403279599641047,0,none,1,RET-003974
2441.0086345327486,92,0,0.9466484137801071,0,1,78.20557523977743,sports,12.172018935614975,0,none,1,RET-007967
3161.341795632951,72,3,0.8342510478309549,0,1,258.3770095959858,electronics,9.346005571977805,1,wardrobing,1,RET-009311
2100.675357236294,171,3,0.9452463534133979,0,0,231.94581715747626,sports,7.184872881294892,0,none,1,RET-005970
1741.0088770921109,265,2,0.821605010986687,2,0,135.9941010917946,home,45.20249202409267,0,none,0,RET-001031
2130.7701172106827,693,1,0.8462100482275489,3,0,70.37610549290932,sports,41.90438743180879,0,none,1,RET-003718
4833.608719462387,370,4,0.5047739958187656,0,1,78.98432191191216,fashion,144.0953136634928,1,substitution,1,RET-009707
1977.3987219673286,86,0,0.8891048439128809,1,0,43.24638404504505,electronics,18.601575004864113,0,none,1,RET-000442
1366.669907828955,726,3,0.8454088895306485,1,1,27.58227847644308,fashion,2.0642228487425514,0,none,1,RET-003030
1758.2660218607034,27,1,0.9819117405740804,1,1,284.4836159997737,books,26.042273742992425,0,none,1,RET-008052
353.3853782194834,471,3,0.6798952968076819,2,1,37.102518729279524,books,1.4974582223507122,0,none,0,RET-007499
2490.374474215548,206,1,0.8641426153092014,3,1,14.270273845009529,fashion,2.3543862794208987,1,empty_box,1,RET-009819
4690.250107980125,483,1,0.8327283114841603,0,0,102.0073664201561,home,10.810726445276849,1,substitution,1,RET-009992
3722.4833881094187,917,3,0.8466562034295777,1,1,305.81819614705955,sports,5.904343024229291,0,none,0,RET-006532
4228.574466881828,544,4,0.9191018866957824,2,1,116.60990784869381,home,3.7092871286204723,0,none,1,RET-001517
981.6535153106057,317,3,0.606592003022353,1,1,116.14039797665166,sports,5.680121022115205,0,none,0,RET-005506
2060.6538915217698,155,3,0.6872899601728649,2,0,61.311033704068876,beauty,15.089694818843052,0,none,1,RET-006512
1550.9446327261578,1422,1,0.8099872929069901,0,0,147.4452806764456,beauty,3.433094703439409,0,none,0,RET-000731
1764.375296217752,296,4,0.6642812784787758,0,1,98.84315492854597,beauty,13.699456743264733,0,none,0,RET-006254
423.67491151923906,95,2,0.6554654521783008,1,1,274.46402654208333,fashion,0.9837047722090981,1,empty_box,1,RET-009552
4567.6725960453705,1250,6,0.860624369609695,0,0,43.19822786925393,sports,28.590437263233362,0,none,1,RET-004280
1840.1472701157716,275,1,0.5993908385079699,4,1,119.93725709388939,home,3.8391176570646013,0,none,1,RET-004881
373.32112879638896,227,2,0.8662342189019062,0,1,84.81374681749372,beauty,46.42868154414595,0,none,0,RET-006685
1944.4014839631975,190,2,0.6151484193969486,4,0,90.16134422086083,home,27.06110545778334,1,substitution,1,RET-009207
2972.4536109135,154,2,0.9761774767074376,1,1,42.95292476857556,electronics,18.757187799892566,0,none,0,RET-000046
1070.396679909686,109,2,0.9208341628066169,1,1,150.6713249291046,beauty,16.20898901149717,0,none,0,RET-000632
2568.0171953168956,248,1,0.36544338127958387,0,0,104.01353826547015,fashion,26.03457536252266,0,none,0,RET-003171
4386.215407299313,76,3,0.9383643365702021,1,1,176.79545664700046,books,19.790454071082745,0,none,1,RET-008554
1710.9506477594143,112,4,0.7492870991218689,0,1,140.0062915939451,home,18.900441151007954,0,none,0,RET-008630
818.4290556397857,61,1,0.582292820575232,1,0,181.90532471057818,books,4.941216410411929,0,none,1,RET-008257
1831.6608228131608,449,2,0.6209549614448083,1,0,163.10285102397907,sports,1.5048623059338146,0,none,0,RET-007567
1247.0049463049827,986,3,0.8288344426372781,2,1,136.4025521320419,beauty,7.515336447352351,0,none,1,RET-001732
4781.588701887409,1098,1,0.9418346701171076,0,0,84.17270082877235,fashion,25.329991942093173,0,none,1,RET-004249
507.73773539873736,1085,1,0.748690975481415,0,1,120.15731025180614,fashion,14.45453432850466,0,none,0,RET-003579
1464.1007292876864,43,1,0.7761220284986723,1,0,297.51478950440304,fashion,7.946241743519477,0,none,1,RET-007596
954.6297507025961,129,1,0.7342324144862908,1,0,193.52190485397333,home,6.055820705011855,0,none,1,RET-003209
4476.103139229759,202,2,0.7870942307138618,1,1,132.18624382032743,beauty,10.09068040591525,0,none,1,RET-006838
2678.535351791455,220,2,0.805493058750134,1,1,377.28234838034945,home,36.10426873871853,0,none,1,RET-003237
2090.0567565442143,506,4,0.6666232938838386,0,0,79.88526896130665,electronics,16.415334062029796,0,none,1,RET-007522
1350.4290568110266,720,3,0.8934422221446932,1,1,61.11273887365443,electronics,14.21152855552041,0,none,1,RET-002372
868.9087234065307,108,1,0.6939765433954337,0,1,132.5492039519635,books,0.4760945069700503,0,none,1,RET-005179
959.1877114913274,1,1,0.635694890109084,0,0,329.93189909383193,home,39.24803630038363,0,none,1,RET-007664
1827.9927089837477,544,1,0.9612928378657256,3,0,51.7484043014228,beauty,3.6737646186080126,0,none,1,RET-000286
1495.1936475006014,67,4,0.7285755582495383,1,1,164.95473667214534,sports,57.50618709587983,0,none,1,RET-003924
1064.9309815832473,27,1,0.8774121322549232,2,0,57.69377214874951,electronics,8.376023561187917,0,none,1,RET-008245
1245.9564628594812,45,0,0.9491856127431193,0,0,184.3646693840988,home,18.59448394696783,0,none,1,RET-006480
200.0,289,1,0.9677501004808166,0,1,600.0327664290787,home,33.546177473547466,0,none,0,RET-008046
1077.110042745985,164,0,0.6701774480487305,3,1,182.8616514000603,books,23.8550261119572,1,empty_box,0,RET-009905
3912.7792858497346,152,0,0.9569268698501487,0,1,28.724429025635974,books,24.37947031335697,0,none,1,RET-008090
299.84747572029596,460,1,0.8936953495534347,0,1,45.088252006058994,fashion,5.705005163190478,0,none,1,RET-005630
426.97990156375386,63,2,0.6653567347117652,0,0,29.819122725655113,beauty,0.6491318629676508,0,none,1,RET-008260
453.2629049858852,148,2,0.6679791853873444,5,1,10.349984888093754,books,1.316959648930058,1,empty_box,1,RET-009216
714.4693453873056,1095,1,0.9066754356833929,1,1,147.26216240753342,books,12.09343824861563,0,none,1,RET-000706
2024.3657648648148,103,3,0.6456567271849761,1,0,164.54047637914385,fashion,3.7766431502015854,0,none,0,RET-000793
1812.683473267816,69,3,0.5315381551932031,1,1,311.2061534210229,home,15.186941037942503,0,none,0,RET-004000
699.9038580471964,82,2,0.7125166830307694,1,1,158.91224516883247,electronics,13.025267210912075,0,none,1,RET-003775
7658.995173200372,1486,2,0.6276974760293051,1,0,70.93027716218734,electronics,16.698373488967313,0,none,1,RET-003581
361.60282147926773,619,2,0.9823140221172775,0,0,371.31480593105283,sports,9.121630037927915,0,none,0,RET-006306
1415.9249707858119,18,5,0.5716317414940325,1,1,19.586603494759416,fashion,0.27653821112954097,1,empty_box,0,RET-009901
1209.8526089913323,293,0,0.8482205328360455,1,1,150.13720309514872,beauty,26.019037729533135,0,none,1,RET-008463
1291.6674522531123,191,1,0.7521476943011332,1,0,66.46452698565489,electronics,8.952360349217473,0,none,1,RET-001527
2047.125868544376,366,3,0.5234687878037113,2,0,142.52218669709998,fashion,11.10618353547087,0,none,1,RET-005576
1913.7822667859164,311,0,0.8443631241435157,1,0,266.61141571464884,electronics,10.936241033518193,0,none,0,RET-003899
1707.8537951051035,451,3,0.7357525263541528,0,0,166.07943750492234,fashion,3.279614206600206,0,none,1,RET-001489
4318.040137189042,153,2,0.8816990204134809,0,0,46.24232222121824,sports,13.828644934045386,0,none,0,RET-004157
1396.9829143454897,26,1,0.9651360338521033,0,0,271.7798669916468,fashion,7.824049592202281,0,none,1,RET-003573
710.7593874352268,399,1,0.7024442650137145,4,0,112.34845574263359,books,5.772144063084591,0,none,1,RET-004508
3077.146102278418,235,0,0.927599208817507,0,1,97.02726353464568,electronics,1.7893472761672078,1,empty_box,0,RET-009915
4858.170428203839,217,2,0.7926223307131147,0,1,384.09331533949126,beauty,4.2691604926603315,0,none,1,RET-006386
2155.179068705623,104,4,0.8744479526510818,0,1,66.91513483345236,books,17.01369311718769,0,none,0,RET-005609
2623.935165170149,313,1,0.9598427040503915,0,1,28.884123096902776,beauty,8.96355912123744,0,none,1,RET-005424
2189.2000212892613,343,1,0.8261892875087877,1,0,114.89134075131851,beauty,8.414585763385936,0,none,0,RET-007979
1669.141838671757,668,1,0.9662854696300278,1,0,93.57231966455417,books,13.279956643013946,0,none,1,RET-002356
1123.1297717952245,236,2,0.6606079275433282,0,1,254.86123193408923,books,7.6267394303903355,0,none,1,RET-003354
1413.0041809159118,470,0,0.769525293117611,0,0,4.421273763839135,home,11.243512679204636,1,substitution,1,RET-009589
638.4940706415141,857,2,0.9101689340035717,4,1,2.9476930561912638,fashion,15.330133739184173,1,wardrobing,1,RET-009400
1156.0705859088596,84,2,0.6575262046609143,1,0,44.73326542956154,books,2.775047229617771,0,none,0,RET-002064
1124.5285099002315,206,0,0.9598481028193157,0,1,87.0044072771406,sports,4.465892170543433,0,none,1,RET-005571
3213.7645828755203,477,0,0.7855939819524638,1,1,124.92996475846225,sports,12.058453726734864,0,none,1,RET-000849
11378.289195741248,254,4,0.9416883950778758,1,0,148.68653821296647,beauty,4.410701840417342,0,none,1,RET-000631
2060.6641963834486,679,2,0.7360932149075786,0,0,304.400829176062,fashion,15.61828218037414,0,none,1,RET-005136
213.37639397788993,1213,2,0.8180122255659429,1,1,53.29572872293817,electronics,4.710678539862685,0,none,1,RET-007702
629.0420275784563,847,1,0.8262225449245825,1,0,42.52784262946506,books,12.036816288785927,0,none,1,RET-000437
1398.8804632921344,898,4,0.6299514566620635,0,0,143.1372310800382,sports,1.6114390614195526,0,none,1,RET-003104
2278.8897289423917,66,2,0.8453205884169006,1,1,150.8055315241337,electronics,15.048442944157944,0,none,1,RET-003348
665.5968034158801,195,3,0.8305669730861228,1,0,108.53668733860103,books,33.65547845760719,0,none,1,RET-002192
6158.059438580612,407,1,0.8319504194951992,0,0,228.25166065298018,fashion,32.83065160934971,0,none,0,RET-005369
200.0,168,0,0.7218568205688434,2,0,125.54330273758139,home,52.95869576187844,0,none,1,RET-001913
5157.879084787073,315,5,0.8538465233861229,0,1,139.35620984625214,sports,12.084028354579443,0,none,1,RET-003818
1562.6478583073156,60,0,0.7905697730371806,1,0,184.00679525359064,sports,1.453016335776716,0,none,1,RET-002123
2240.7096578780447,93,1,0.915533014374597,0,1,94.97851108978233,beauty,12.596693979754857,0,none,1,RET-006770
9668.093677045474,609,3,0.9008882971176614,1,1,99.29403351581453,home,0.9679623335646024,0,none,1,RET-006822
1534.1421207051703,643,1,0.8944500207774316,1,0,158.76003948755627,home,39.431225593152355,0,none,1,RET-003105
741.1815974673498,49,5,0.758298342126352,1,0,614.1301744609907,fashion,35.811652059020425,1,substitution,0,RET-009749
2989.1975159449935,306,2,0.7977417247531182,0,1,173.86243058676394,sports,15.743075690896898,0,none,1,RET-000018
508.3987865378663,65,0,0.887566328741669,0,1,275.51704869359617,beauty,3.8174902172174434,0,none,1,RET-005209
1192.0871957239629,131,2,0.4950596478390739,2,0,177.98415064292737,books,8.974681719879719,0,none,1,RET-004740
2571.377898513253,408,1,0.7379597423255563,2,1,205.29465326418554,beauty,2.654127092317321,0,none,1,RET-008411
746.273895988313,51,6,0.6101323196423554,3,0,167.2815468738448,fashion,53.401861183738305,1,empty_box,1,RET-009499
4148.295708436585,970,0,0.7648142812587796,1,0,138.85255453248794,books,25.067203885355376,0,none,1,RET-004583
1918.3294714715382,589,2,0.7346874455074012,2,0,50.26080908068668,home,28.956426008083895,0,none,0,RET-001618
1029.933340641005,607,3,0.7599680801265243,0,1,21.140145059181236,home,6.32487082029076,0,none,0,RET-001706
1670.832938981087,1678,0,0.6525633740141712,1,1,95.5476497353194,fashion,3.933622279380333,0,none,1,RET-005724
976.7028294489987,278,1,0.7352124887242216,1,0,133.4265482707806,home,10.62169860518259,0,none,1,RET-006837
472.78334728842646,938,0,0.7673857400901005,0,0,159.13503055773782,electronics,7.867903336432312,0,none,1,RET-008349
1214.283625810024,2099,4,0.8502443439618962,0,1,205.26721771586037,fashion,1.764311876951062,0,none,0,RET-006479
1777.5939637388876,415,6,0.9441520165097119,1,1,102.46061875507434,electronics,14.607839983042584,0,none,0,RET-001324
7839.094390680726,299,1,0.7960285900583246,0,1,175.1938119893,home,19.66641940488741,0,none,0,RET-008358
1733.1270525878072,575,0,0.7765719774739704,2,1,284.68219463948924,fashion,5.877243390254342,0,none,1,RET-006431
1489.4923966938125,69,5,0.880030166325115,0,1,213.80086180332066,electronics,2.493924626757838,0,none,1,RET-007449
1598.8005963173532,104,3,0.7264079317504117,2,0,154.1114463922177,fashion,6.621282714172455,0,none,0,RET-008548
440.29566307847364,103,0,0.8587969502307259,1,1,59.53674410125274,electronics,23.26439906116847,0,none,0,RET-003404
2216.214231657114,66,1,0.8990903267631026,1,1,140.4887435862943,books,0.6813673258564157,0,none,0,RET-002376
344.61691760519625,204,1,0.8383440806921558,0,0,165.2213871394876,fashion,8.727043059971301,0,none,1,RET-004953
997.4733510590779,74,3,0.7351474655058442,0,1,167.99508326544947,fashion,5.787064958796228,0,none,1,RET-002031
2369.2633350782476,63,2,0.7491085447226216,0,1,81.81103152474681,home,6.880268690927277,0,none,1,RET-008016
1482.6695398843501,418,3,0.6154505832571647,2,1,56.480937554590014,home,13.82999226704397,0,none,1,RET-001667
645.9579573119616,99,1,0.8756902964780199,1,0,281.5075404323986,electronics,3.2385205229543916,0,none,1,RET-002250
480.48667591006534,483,4,0.8725059512610118,2,1,456.5199645069702,electronics,55.65860047285688,0,none,1,RET-002901
11280.000659770727,201,4,0.8018882801672916,1,1,415.8341379957431,sports,28.232120024346614,0,none,0,RET-005774
1493.916316800888,525,1,0.9098759671466973,1,1,58.46030827236297,fashion,24.738020535232906,0,none,1,RET-000784
1095.6648725755722,50,3,0.886266698648441,1,0,128.91340841224718,beauty,6.121143767203485,0,none,0,RET-002446
2657.644406169163,530,0,0.9461170439564371,1,1,50.665630755968394,fashion,9.583994816927618,0,none,1,RET-005401
443.25245420547026,203,3,0.7590600646226606,2,0,138.23751030671323,electronics,0.09899953799070725,0,none,0,RET-001163
874.673884069806,621,2,0.8785506306768074,0,1,153.68078213894742,sports,44.35303170142337,0,none,1,RET-006554
1144.7620428705372,1156,2,0.7269675978997248,0,1,110.70791104065853,fashion,5.42127875386539,0,none,1,RET-007724
1059.4872003708958,57,5,0.8405695977902125,3,1,93.86150270703322,home,3.610931311538227,0,none,0,RET-008292
863.8475001395311,71,2,0.8550164812368981,4,1,77.18224787892419,beauty,0.9312093863135505,1,substitution,0,RET-009529
923.2606954897768,660,3,0.8938645230295205,0,1,46.25909038053143,beauty,35.27485979510695,0,none,1,RET-006619
1012.9789329264689,23,3,0.5788909923227257,1,0,161.16434062019053,electronics,38.19422716343677,0,none,0,RET-007251
2413.5379042152395,158,2,0.8281352834840524,1,1,163.3391779483794,beauty,10.508278324202324,0,none,1,RET-005939
252.60307900605488,28,0,0.8950041226771752,0,1,637.4094488095618,fashion,2.2432238644752225,1,empty_box,0,RET-009753
958.1206950503218,1161,4,0.8045824677866951,1,1,121.88489906602791,beauty,14.082143362900114,0,none,0,RET-002600
3459.4752893751474,27,5,0.8858825695727927,2,0,101.68161122802886,books,5.449885296110319,0,none,0,RET-007060
1520.7347425466924,92,2,0.7507704754044903,0,1,84.33096570970962,sports,75.9015020492972,1,empty_box,0,RET-009920
3599.139946795343,139,0,0.9121275593376454,2,0,92.95378785315094,beauty,19.89445825672405,0,none,0,RET-005875
461.4675158962048,42,2,0.9038166444491388,2,1,344.90412145612305,home,12.431109114462918,0,none,1,RET-003158
399.3764906750984,981,2,0.7409104339057181,1,1,63.118868592342416,beauty,24.065029182639865,0,none,1,RET-007931
2452.8840735638787,206,0,0.8214231187284463,2,0,104.80868453234977,beauty,6.329781261302452,0,none,1,RET-002272
4932.520405669473,342,2,0.8853619919504979,0,0,162.4005793321915,electronics,7.200560434683783,0,none,1,RET-002780
444.96571540624325,778,4,0.6527420015775531,0,0,184.63281599489721,fashion,18.906653751531795,0,none,1,RET-000503
1081.624319373481,130,2,0.7195417011837397,2,1,56.19408491137287,beauty,0.5762086462805556,0,none,0,RET-002613
1167.0934032704733,1848,2,0.871878804566999,0,0,64.51196786835422,electronics,20.81256392935723,0,none,1,RET-009195
2937.855540092019,46,0,0.9378721035158929,1,0,116.29967929972244,electronics,40.3417000630853,0,none,1,RET-000372
5814.009457878975,3,1,0.6535305198431415,3,1,119.39992264042701,fashion,31.24309040818465,1,substitution,1,RET-009667
1421.1466258592827,483,2,0.6355271496113526,1,0,47.766843994835725,books,7.635759075729048,0,none,1,RET-005882
454.4366778961443,137,2,0.6493479836162669,1,1,68.79742034152943,home,34.78345588188086,0,none,1,RET-007885
9746.435869140794,1132,3,0.9495218304539217,2,1,176.68628092208118,sports,6.065042663405733,0,none,1,RET-004183
765.4125943437842,280,2,0.8809964526793791,2,0,147.23937858266143,beauty,9.515488473076061,0,none,1,RET-000038
1420.7294463669805,749,2,0.6638070790995201,0,0,48.54863578976028,beauty,7.983423733269046,0,none,1,RET-004917
3211.1969994593874,2728,2,0.9389415203810754,1,1,159.47115631140892,sports,27.442403981672868,0,none,1,RET-002581
3633.95999803097,600,2,0.9548237903557361,5,0,83.10099669398232,home,29.783074420319124,1,substitution,0,RET-009668
1936.5687597353613,504,1,0.6591156961317731,2,0,91.5645938363766,electronics,34.882942263271566,0,none,0,RET-000946
11248.546472939785,163,3,0.9377562138120124,0,1,136.4296344328519,electronics,23.61692282712371,0,none,1,RET-005620
1627.3956530359555,1485,1,0.6654818086895454,2,1,184.21814344650315,electronics,9.925522194565794,0,none,1,RET-007592
2762.512000857055,355,2,0.7525601286830572,1,1,150.00240099298279,fashion,1.577946727762083,0,none,1,RET-002817
1113.1942041383124,7,0,0.9503789192611612,1,0,254.01530880210154,electronics,3.4569878922880157,0,none,1,RET-000102
1261.5756698626226,153,1,0.8207587913039323,1,0,230.74152757973567,home,7.436460156964262,0,none,1,RET-005117
1641.291541890849,474,2,0.8607160480747547,3,1,30.52829835377027,electronics,14.81037847112681,1,substitution,1,RET-009472
2001.311968155446,1072,1,0.7713324983824158,1,0,265.73049685585346,home,39.17778860306209,0,none,0,RET-001365
1602.1990694897304,100,2,0.7233832326646089,2,0,91.44766761668315,electronics,4.533997290495779,0,none,1,RET-005427
1377.3852622328898,290,2,0.9146637547235972,0,1,102.87018056389583,home,33.095896738969614,0,none,1,RET-007160
643.9137887058365,920,2,0.8188794957619304,2,1,299.943360064906,beauty,4.904758515231761,0,none,1,RET-000430
491.5502756927977,73,2,0.7265003126349355,1,0,134.6064296305899,electronics,10.99749603012945,1,empty_box,0,RET-009587
1241.4699049630287,151,1,0.682535165229594,2,0,82.18166718100974,electronics,18.202128758787318,0,none,1,RET-001571
5550.223465337448,834,2,0.8567886967852799,0,0,151.7492996080172,beauty,5.485578961275074,0,none,1,RET-005767
1163.7331298568706,45,2,0.8037831711216907,0,1,98.66382555439739,beauty,4.357188699667173,0,none,1,RET-001793
2885.981814105584,890,2,0.8170370237280009,3,0,161.93712481984718,books,1.8103725361882566,0,none,1,RET-002337
805.8732848707742,288,1,0.8131000705274012,1,0,171.0812745845739,home,1.157485782712006,0,none,0,RET-009102
4662.069036320511,542,2,0.8570557069353452,0,1,75.73453035673978,books,5.117942176797548,0,none,1,RET-005347
1728.9737207064472,154,0,0.6420579776047327,2,0,113.17042697042106,sports,1.5448619426790275,0,none,1,RET-007470
3080.114448511269,978,2,0.752999346422711,0,0,109.96121260598343,fashion,25.350282569689366,0,none,1,RET-000210
2332.3906420211074,436,1,0.8518079824407732,1,0,77.298355176208,books,2.4039124801153835,0,none,0,RET-005985
1308.4552711482686,933,2,0.8611744302398706,1,1,73.01168798850306,sports,6.510933114075657,0,none,1,RET-007461
6700.066676223961,591,2,0.7083676145770671,1,0,92.1874918229535,sports,28.81224026609571,0,none,1,RET-006851
8188.938641018992,49,2,0.8232063838766125,0,0,28.29745532984876,fashion,1.7204221511117805,0,none,1,RET-006913
2713.8138889945735,773,6,0.755318820565927,0,0,230.83359712832828,sports,5.4670172859163495,0,none,1,RET-007548
1312.9759005304659,205,5,0.7922433074091219,1,1,158.3869319424719,fashion,1.3662753700343093,0,none,1,RET-005807
2118.04966178743,386,2,0.8175451976029771,0,1,56.12120253250925,electronics,2.5077846088430906,0,none,1,RET-000730
1862.8232310353076,232,0,0.6420734736038074,0,1,191.38421219577185,books,7.061347890348042,0,none,1,RET-005394
2282.2230951662164,765,1,0.6015565589249574,0,1,78.01889961291356,books,24.170107397884607,0,none,1,RET-000605
2349.2847366539245,759,2,0.6794420220229326,2,1,121.52446043579177,books,15.425766353306754,0,none,1,RET-004334
1950.5474730851363,450,0,0.7984782251583938,0,1,81.90680196521373,beauty,9.686915902998802,0,none,1,RET-007937
945.2001166538034,110,2,0.9738996894211613,0,1,117.42324725223656,beauty,3.1799284948226076,0,none,0,RET-001321
2112.2620690701706,95,4,0.9541032896028956,0,1,101.31823770085018,beauty,46.00080689792198,0,none,1,RET-007176
2160.6113084112303,367,3,0.8585472624131175,1,1,90.28687104775616,fashion,15.72638821068029,0,none,0,RET-005619
1001.7592464084103,104,1,0.7692076787037728,0,1,35.703066546637444,sports,6.689777061587649,0,none,0,RET-004963
745.2919333031712,669,1,0.6447243396735464,1,0,333.9252180152644,sports,4.7669278371362465,0,none,1,RET-006289
1189.778188883187,135,2,0.5529491557829038,1,1,138.14577222428883,sports,42.219476830350395,0,none,1,RET-007405
3106.0322856648377,470,2,0.7991565317359559,1,1,98.22671569278897,sports,12.949144117480595,0,none,0,RET-005836
1026.4283720722742,481,1,0.9053628194769575,0,0,53.93723155730134,sports,3.5917716613404416,0,none,0,RET-000379
1311.8039079299356,494,1,0.9679376658370463,1,1,174.02421087522353,books,34.575734364843534,0,none,0,RET-000789
2908.407479769934,32,0,0.806630300841984,3,1,99.73962006926614,fashion,3.3026589593268407,0,none,1,RET-004949
12102.749379612429,1623,3,0.9026017800439442,0,1,98.88727559618623,electronics,49.76624404782222,0,none,0,RET-003688
1140.8900595893067,159,2,0.5247230490825529,0,0,128.4041128809086,fashion,5.1436798114777265,0,none,1,RET-001450
3837.900822904851,89,1,0.9148593074733516,0,0,105.01216408262665,sports,0.22680296300667974,0,none,0,RET-009177
1005.388539714812,280,2,0.837313480169285,2,1,379.00311463152366,fashion,13.438053273272638,0,none,1,RET-008546
1283.619686048828,1053,1,0.986850047781843,3,1,227.27969549076084,fashion,27.263901257170108,0,none,0,RET-008417
286.0569605808783,112,3,0.9020684484599498,0,1,38.51818181004375,sports,2.866034202831462,0,none,1,RET-002342
1072.0883450512315,237,3,0.9212516462673606,0,1,53.33193258768085,sports,5.855770303993678,0,none,0,RET-005515
1190.0585685740587,8,2,0.9293174331286088,4,1,324.4301054224444,home,2.4058514892173974,1,substitution,1,RET-009239
574.0389978295876,767,0,0.6792044932739112,0,1,137.31733817230304,beauty,8.586018656710603,0,none,0,RET-001232
1597.254975164804,208,4,0.73003870059434,0,1,274.6749025055252,sports,28.818577479228342,1,empty_box,1,RET-009349
243.68089286316686,89,3,0.6792440768045288,1,1,130.06430426291212,electronics,3.057274630092461,0,none,0,RET-004347
5771.19363202322,374,2,0.5983961315414926,1,1,149.40583313883872,books,1.405625747818911,0,none,0,RET-003973
2139.1736991263183,61,2,0.6448197412745037,2,0,147.25544726966834,beauty,14.795612956204433,0,none,1,RET-002584
1516.5195611240363,186,1,0.8416709197232567,1,1,31.53981038986121,electronics,41.19429158799044,1,substitution,1,RET-009720
2777.2413699968465,111,3,0.8991800166941268,1,1,191.5474149022928,sports,22.523511270143427,0,none,0,RET-003608
1194.087609194691,385,5,0.8301017847157715,0,1,75.28668533052472,books,31.634068633932365,0,none,1,RET-009188
1099.7804095037648,679,3,0.6665607801191016,1,0,106.58787683912595,fashion,6.921706631716353,0,none,1,RET-002527
1132.6074300785885,1124,1,0.8953629530471152,1,0,527.741781202804,sports,8.866403612358745,0,none,1,RET-007788
4075.525063523251,1140,3,0.5965242001306058,2,0,42.13212084167922,fashion,51.64130111370574,0,none,1,RET-007568
871.7121333893217,109,1,0.8679312901904135,1,1,262.49037544710916,home,25.723887633171614,0,none,1,RET-000081
1345.8447943064768,662,2,0.742883965731412,0,1,190.26807911793028,fashion,19.76335860339071,0,none,1,RET-003041
276.0646081853524,353,1,0.7586154769015091,1,0,157.4887045709243,sports,5.71668691759788,0,none,1,RET-002556
2668.7543373815756,923,2,0.7456417029077906,1,1,206.13312179646323,books,1.000967345413376,0,none,1,RET-008990
1275.6800121151018,354,2,0.9519774450017071,3,1,124.06565300150535,fashion,4.109803773267572,0,none,1,RET-001212
901.07194400351,1019,2,0.8807337144192396,0,1,90.40944497269071,home,42.011900726742674,0,none,1,RET-002245
539.5524232712594,218,3,0.926236806104861,1,0,88.05401148587572,home,1.4660522595228658,0,none,0,RET-007492
2449.2040088903514,477,2,0.7715882415013348,1,1,55.080143827284985,beauty,1.9450952190699986,0,none,1,RET-007850
3378.3086044784745,822,3,0.9423711957757608,0,0,81.17644902508884,sports,29.50582295823045,0,none,1,RET-007711
2155.455557068233,689,2,0.8034352365810464,3,0,326.7912159289791,home,26.07686910340061,0,none,0,RET-004007
793.3430993630732,468,1,0.825050221525639,0,1,163.74034240797343,fashion,5.760654695940938,1,empty_box,0,RET-009700
1741.0398375825846,9,5,0.726431111600415,0,1,175.84384805142497,books,30.405579026227414,0,none,0,RET-000775
2750.658903111479,240,0,0.8606474659496255,1,1,109.51397819274298,fashion,10.34397491145355,0,none,0,RET-001256
616.269919537235,179,1,0.755827792324416,0,1,258.96639911799355,electronics,10.73915337098223,0,none,0,RET-004679
2187.0118122748686,187,3,0.5614501362078249,2,1,565.5442636798724,fashion,23.60984857866373,1,substitution,1,RET-009228
1321.6358433329756,94,4,0.821475180617185,0,0,284.1171311576727,beauty,31.26076335407197,0,none,0,RET-006584
428.630078439744,105,0,0.6791122092442262,1,0,278.5885066272293,beauty,3.214058036284533,0,none,1,RET-003388
571.1277964438095,113,4,0.8390823679010192,3,0,513.3007363836057,books,39.845662825787315,0,none,0,RET-003503
334.33105167314557,128,3,0.8411495196694663,1,1,313.0715201156564,home,7.321999558505041,0,none,1,RET-000743
857.2477617956552,267,1,0.6559425457239394,2,1,21.092416770084693,electronics,4.846923126535376,0,none,1,RET-009079
984.0210812665916,980,3,0.7485530932690326,0,0,346.25381866883436,home,10.240732830720397,0,none,1,RET-005017
1368.5966423569682,246,1,0.8835250766949695,0,1,298.69232406703327,electronics,18.945584133783733,0,none,1,RET-002217
1886.4247055183469,105,2,0.7828596799474781,0,0,90.707534624377,home,12.145711682024462,0,none,0,RET-003762
525.9447201953864,391,2,0.7493117250424091,0,0,187.67275792934115,beauty,14.735632857338969,0,none,0,RET-003108
3871.448575225862,380,2,0.9134618893857969,1,0,216.50668407982448,electronics,0.8591117744544338,0,none,1,RET-008429
842.4054157095663,21,0,0.9095005006460541,1,1,130.19526470672932,sports,1.8893843837724318,0,none,1,RET-000399
1505.618287096704,335,0,0.5585254111614525,2,1,210.54308822009853,beauty,1.682778663358211,0,none,1,RET-004545
504.8211473831354,296,3,0.9309783000073325,0,1,196.5665703219199,sports,0.8317415727219678,0,none,1,RET-006043
1134.6119447183585,65,6,0.7738217869970805,0,1,338.2819733056007,home,11.879724156637735,0,none,1,RET-002889
847.21477566602,43,4,0.7153265715950294,2,0,73.88259614278147,books,51.396398643318925,0,none,0,RET-002403
1969.4844350273825,178,1,0.7223741322772042,0,1,91.29090470665062,fashion,1.5452825901616394,0,none,1,RET-004912
1057.0772424850802,352,4,0.7443333537944814,0,0,654.9679941564057,electronics,22.07933041838962,1,empty_box,1,RET-009701
4061.1767879600434,213,1,0.5466789463605829,2,0,147.6463873561083,fashion,7.193236324825529,0,none,1,RET-006564
930.2737315167695,642,5,0.8446958468310112,0,0,105.85418541025922,home,7.09041336581168,0,none,1,RET-001404
2711.3159107361557,366,1,0.8737860624592471,1,1,143.64272531693868,electronics,12.369511985030886,0,none,1,RET-008042
2503.524508398861,210,1,0.6891016987188943,0,1,156.76381328934568,beauty,64.7978065994657,0,none,1,RET-003519
1001.516544958422,828,3,0.883143337813175,2,1,202.25495261031386,electronics,1.5271311494867466,0,none,0,RET-007173
1471.915938223005,327,2,0.8137728656781212,1,0,149.36217070565692,beauty,18.27133059035937,0,none,1,RET-007603
1391.376614108426,2027,4,0.6907358129584451,0,1,139.99387654040802,books,1.315794266731662,0,none,1,RET-004952
2461.2602456977456,5,2,0.7328582656354711,0,1,133.90105221007303,fashion,11.423574750383825,0,none,1,RET-008658
1283.719787686353,365,2,0.683706754747791,0,1,140.69860711238178,sports,3.763716833408541,0,none,0,RET-004970
920.4693811466313,310,0,0.9152339482271417,1,0,146.75023930075466,electronics,18.983483830207497,0,none,1,RET-006738
2346.9117708829235,78,1,0.7324855116226919,0,0,103.00238312443246,books,9.039810191002308,0,none,1,RET-005896
1012.7321092968571,758,0,0.9265494573018943,0,1,28.251905600029925,home,5.976495892859186,0,none,1,RET-005577
2326.5056575037597,323,1,0.8463288025182135,0,0,134.45023094115265,books,12.011121783889598,0,none,0,RET-002026
2680.1368144869716,699,4,0.9524012142039084,0,0,107.78968895386849,sports,41.59120438094994,0,none,0,RET-001329
1369.7077834244262,44,4,0.8317842343649177,2,1,213.12339964212376,fashion,12.204313523906832,0,none,1,RET-005250
2873.53097335058,784,1,0.9419851963769295,2,0,184.48796266471948,sports,18.992485112801653,0,none,1,RET-001371
1331.843071205651,383,1,0.7879301986826392,0,0,36.92129739066908,home,1.9386717498984605,0,none,1,RET-002944
3736.8795843328185,401,4,0.7678626593724535,1,0,156.53533367742435,books,18.034511373545268,0,none,0,RET-000915
2865.610692537767,234,0,0.8150194980219156,1,0,302.07777656076706,books,8.486830667536418,0,none,0,RET-003352
3176.3202868672465,601,2,0.6734445847125339,0,0,178.86760619417566,electronics,0.6796038178343863,0,none,1,RET-002695
570.2155564630286,1037,2,0.7583272480193908,2,1,236.37673061209082,electronics,8.86660675137364,0,none,1,RET-004223
492.084811116665,117,6,0.7924532882548355,1,1,142.5473397824007,sports,9.669219110417371,0,none,0,RET-000131
1469.7578020475742,466,5,0.7027940017098234,1,1,449.11104652997665,books,8.389662667047693,0,none,0,RET-003076
595.0676755944684,370,4,0.7137634758338831,0,0,153.62429617637142,electronics,5.043866003031353,0,none,1,RET-004843
1916.2801218539466,1085,3,0.5894721406188597,0,1,145.0873467391401,books,29.280620711517557,0,none,0,RET-008970
1494.2402074215715,754,0,0.8851495151674348,0,0,229.94463913950463,fashion,87.41348954887111,0,none,0,RET-002323
6645.592821031029,475,5,0.7979394950806331,2,0,254.4552209747232,electronics,14.162424067718366,0,none,1,RET-003428
2690.7247493290683,568,2,0.6966339841994437,1,0,617.4101382514855,electronics,7.816456177726167,1,substitution,1,RET-009368
860.3922998694133,960,1,0.8668409035348941,0,0,160.13609071531337,sports,10.773481249073937,0,none,1,RET-000412
483.61371156365857,411,2,0.6595878379014102,1,0,200.35898268929654,fashion,16.28464598053287,0,none,1,RET-006769
1703.704650051705,283,1,0.8017625780194569,0,0,33.76089301280945,electronics,38.985882798091424,0,none,1,RET-002720
3361.9566756565064,39,2,0.8151389753216658,2,0,132.93623227807169,sports,77.81695142567166,0,none,1,RET-001917
625.1136054365977,420,1,0.9609851136776008,0,1,53.51322197638506,books,18.55876071019948,0,none,1,RET-002171
2291.2925844483275,451,2,0.7454155175750543,0,0,214.61493342233692,electronics,3.4551166962178113,0,none,0,RET-003773
1187.833334218076,16,3,0.7242250195496595,0,1,177.75641076269687,books,3.4941466280712685,0,none,1,RET-000056
2512.466168759774,495,1,0.690446103153971,1,0,69.3521402880386,sports,30.348407095711188,0,none,1,RET-005737
3652.5940061309507,586,1,0.8762349666892318,0,1,212.38834998680036,books,8.640741399687045,0,none,1,RET-001923
822.6162368781205,117,2,0.7713549577112614,0,1,269.179550336441,home,8.932013475846519,0,none,0,RET-001964
3335.125068699547,1619,3,0.9216228744322477,0,1,171.17485954785545,electronics,8.335168600999896,0,none,1,RET-006328
1007.539669320098,216,2,0.7728563350321296,2,1,154.52144132018734,books,68.94722987120116,0,none,0,RET-004077
2512.9016169599886,767,4,0.761763020631737,2,1,97.68473078656332,electronics,11.828515387412583,0,none,1,RET-008637
1817.6995273085504,803,1,0.9378201504527929,0,0,164.36617089274162,sports,28.110674748593507,0,none,1,RET-002100
1280.5118660938563,174,1,0.8164576743711619,1,0,206.5683150010061,sports,18.238149050785385,0,none,1,RET-003506
748.0935239758325,174,4,0.6153157544516299,0,0,144.25032720422308,sports,18.998383007643728,0,none,1,RET-006246
2203.3376321849337,178,5,0.9677596359289696,1,1,99.74546763807739,home,14.738710400399201,0,none,0,RET-000073
2663.4533168819903,440,5,0.5999729293735052,1,1,75.6731799529199,books,0.8382327778383737,0,none,1,RET-006357
985.8490071067727,1448,1,0.8126723512529602,1,1,68.86933213233661,electronics,0.04734701325673871,0,none,1,RET-005675
612.0470090298307,1213,3,0.9125768243053627,0,0,80.57879481184133,fashion,0.008571064638747334,0,none,0,RET-001495
487.50110602673334,304,2,0.4897437035205776,0,1,169.7935405197441,sports,2.022942196378021,0,none,1,RET-008700
1612.7305642140661,37,4,0.8169673003547134,2,0,122.05968546259065,beauty,6.9525600382084285,0,none,1,RET-002486
4461.238738405108,8,3,0.7651171952872916,1,1,18.090803769912327,electronics,0.6423263696873651,1,substitution,0,RET-009648
1579.3050485970007,103,2,0.8143344441881089,1,1,78.018350480655,home,5.868313661194009,0,none,1,RET-008671
7422.8999676480935,104,1,0.8794074396930319,2,1,154.79942809267942,home,2.3744150171533978,0,none,1,RET-008318
1577.1458024086967,814,1,0.9729308274113344,0,1,168.43820930925597,beauty,35.54757391722678,0,none,1,RET-004181
1105.026200696845,16,3,0.8557052040732945,1,1,187.71563197395304,books,5.619650748872258,0,none,1,RET-001553
916.5730889261496,204,2,0.8339816993535494,1,1,172.95207648275402,electronics,4.555250484365936,0,none,1,RET-005779
982.6036326869943,195,7,0.8641143611850112,0,0,61.62625179218859,fashion,2.5687642706108753,0,none,1,RET-000032
1247.0355959762192,254,2,0.8233834693292607,0,0,62.90136136234575,books,3.785579545933257,0,none,1,RET-008281
382.5443988053652,45,4,0.8030822809795988,0,0,156.23188367721855,books,31.818821243544075,0,none,1,RET-007913
653.9279212411623,1,1,0.7650100558820623,1,1,116.36463278387623,home,19.361834398260296,0,none,1,RET-009134
1096.286618406324,947,1,0.8809609588142839,1,1,203.19528225741362,electronics,32.94132075028824,0,none,1,RET-006458
536.3185574397717,80,2,0.5877627629966822,0,0,66.88016605276736,sports,1.1306137415862103,0,none,0,RET-002960
554.2786615351463,367,3,0.7218803866340194,2,1,75.0907574027326,fashion,15.259948859901462,0,none,1,RET-001942
527.1065817312957,52,3,0.5976525919904578,1,1,224.76178608801564,electronics,20.720115518725287,0,none,0,RET-003635
559.6764610620392,223,2,0.7439964335090163,2,0,2.0,home,13.426750532754715,1,empty_box,0,RET-009883
284.1236067633774,450,2,0.801883840569688,2,1,59.344782099453106,books,26.267290405684076,0,none,1,RET-000345
1577.5004039312178,521,0,0.7172270371338907,0,1,180.0512266821621,books,12.90101672088422,0,none,1,RET-006074
2478.2765788993884,221,1,0.9122841662513268,1,0,254.9255042148797,fashion,3.242812599509421,0,none,1,RET-004560
671.0361181670111,74,2,0.66804119326485,0,1,305.12463956468474,electronics,6.065441806906104,0,none,0,RET-008582
553.3797138570922,54,5,0.5950941400412152,1,0,158.23261829168746,books,50.09644046433788,0,none,1,RET-007340
2267.8819584877306,44,1,0.9725512674033904,1,0,237.69109330292713,home,21.79304385459063,0,none,0,RET-004162
576.164995577382,861,0,0.9066246141857631,2,0,56.24342699285047,sports,47.04017673380178,0,none,0,RET-008267
941.5137961065428,228,1,0.8132532814430518,0,1,270.13237385279456,fashion,17.500217110346064,0,none,1,RET-001753
2472.643182439676,741,1,0.7260849751884693,0,0,102.39544570115382,books,4.285552636641465,0,none,1,RET-007571
1023.1958943144955,255,0,0.9537756390692687,2,1,204.2620330401709,electronics,1.572094288757083,0,none,0,RET-004031
1737.7981795788073,845,0,0.5171081229759898,0,1,147.28806195373363,home,0.0021717243264290976,0,none,1,RET-005341
333.62319515217513,1237,3,0.7912810611564007,3,1,94.7404115246347,beauty,20.70482964000712,0,none,1,RET-002182
882.1498049557249,264,6,0.33013996505281634,0,0,68.69149381061628,beauty,52.353281672695395,0,none,1,RET-005877
655.466747923126,411,1,0.9753570686519297,0,1,46.3377547588255,electronics,18.29435575047737,0,none,1,RET-002432
1691.5290052211237,1097,1,0.8232577424577527,1,0,120.337220888842,beauty,2.971308747730926,0,none,0,RET-005708
1783.1575371855695,960,0,0.6509178659027225,2,0,245.63014545655238,electronics,26.11768375990211,0,none,1,RET-000116
2899.1594529615177,208,3,0.9305515609352077,0,0,30.196031389443327,books,1.1867165776420308,0,none,0,RET-001109
954.071445324064,266,1,0.746955030966328,0,1,154.49728495353185,books,6.896083830982967,0,none,1,RET-009094
1164.3379551325474,905,0,0.8497164248241482,3,1,129.4551344850303,books,9.582480561194307,0,none,0,RET-007210
2559.5806674899986,309,2,0.6644300876722244,1,0,87.76281927359963,beauty,12.085466384908186,0,none,1,RET-008659
932.593010880487,41,2,0.635372603548885,2,1,242.04757591768978,electronics,8.555805098454073,0,none,1,RET-000601
1253.9544673965675,24,2,0.9525834908562849,2,1,116.43817444355098,beauty,6.002511706883297,0,none,1,RET-005492
2894.307784942805,278,0,0.7853950530303195,1,1,173.036552203999,books,22.882066862579638,0,none,1,RET-000137
3610.761444942456,131,1,0.6171047551714304,1,1,125.14491558513528,electronics,7.146774220925768,0,none,0,RET-000448
446.5322948898483,195,5,0.9202650637249759,0,0,94.7431217565091,books,6.550953770739806,0,none,0,RET-004768
3510.2850540613836,333,2,0.514171085033151,1,1,521.2578196384679,sports,5.151707657417954,0,none,1,RET-003497
7889.872638095313,292,3,0.8604122942771667,1,1,70.6048223229377,home,13.401618121813446,0,none,1,RET-004307
1244.1639701620686,727,3,0.8667275619464015,0,0,140.92860639848524,fashion,36.813909683362894,0,none,1,RET-001420
1170.9363856081725,508,2,0.9323761082262348,1,1,220.6130342341499,books,21.354676603812546,0,none,0,RET-009163
2023.699228762478,537,1,0.8351321533388941,3,1,224.4507791996584,home,3.6955425241705604,0,none,0,RET-008848
802.3972096736757,342,4,0.9587151567209097,0,0,176.2403552051646,electronics,20.812593313102944,0,none,1,RET-003611
992.4404280808884,814,1,0.7562769237221769,1,0,99.95561387977953,fashion,9.280999119431913,0,none,1,RET-008880
200.0,573,1,0.6365566197646411,0,0,281.31760660254935,beauty,2.0830131933728575,0,none,1,RET-003355
1621.4890217788172,1188,3,0.8196750278426476,0,0,118.9691151415364,beauty,1.32603306786269,0,none,1,RET-002753
1680.9799882511184,79,1,0.745989472840648,1,0,119.03819571708176,beauty,3.8085035952775708,0,none,0,RET-009103
1641.283542983891,39,4,0.9906164661933856,1,1,52.370167145114664,electronics,13.29963858130255,0,none,0,RET-006456
426.37893542924223,307,0,0.65027521723334,1,1,63.51512240631779,books,1.3346058791737667,0,none,1,RET-003640
6972.889149165823,275,2,0.7956515887513975,2,0,124.97713327896417,home,6.827259799471564,0,none,1,RET-000467
1927.533110420023,260,2,0.8107735161754809,3,0,229.86355254401892,home,11.202910521548166,0,none,0,RET-008455
2897.647478985538,561,0,0.7486767577788386,0,1,254.6713150153964,fashion,15.630203376332695,0,none,0,RET-002557
7778.070798224109,59,2,0.908460456868778,0,1,53.667305744768676,home,11.390657383260706,1,wardrobing,1,RET-009247
1284.998262440164,2181,0,0.9247164791407402,0,0,109.9968224893635,fashion,8.95811728706485,0,none,0,RET-002201
896.9926828784843,1079,1,0.96405825656985,1,1,78.22538340973547,beauty,5.730081551974361,0,none,0,RET-007677
669.6530550219967,228,1,0.7151450092107874,1,1,436.8815966884226,fashion,33.757946084790305,0,none,1,RET-006714
1159.1679137328074,91,0,0.9635657645508748,0,0,81.75862095097276,electronics,7.9654591895922735,0,none,1,RET-006601
2433.189063072276,515,0,0.8029465991967568,1,1,146.69482113546837,beauty,6.8374345727914205,0,none,0,RET-005573
3628.8552562640903,366,2,0.9064320075912294,1,0,46.15630406603594,home,10.643580146991473,0,none,1,RET-001439
2155.508358184836,56,1,0.8640396228185191,1,0,157.98359515766745,electronics,37.40812290560677,0,none,1,RET-003937
5852.29864115533,1162,3,0.7847087665526968,0,1,206.21156876116356,home,24.293894239018364,0,none,1,RET-006591
2010.8415381069965,76,4,0.7284026784653777,0,0,111.77789475164977,books,11.855590301879792,0,none,1,RET-000948
488.9749404178949,981,0,0.8047979321363976,1,0,109.40046416725515,books,4.73676976584548,0,none,1,RET-007887
1516.5559974265057,138,1,0.7627976431719561,0,0,83.28532389083017,books,12.434081433209,0,none,1,RET-006339
966.2264759176843,255,2,0.8405589005736361,0,0,146.37683922819343,books,61.10283133038298,0,none,1,RET-004406
454.0855552207205,21,0,0.823045888124864,2,0,201.52155680603857,sports,3.363059497724455,0,none,1,RET-003794
1741.6013245921058,886,2,0.9713012081234447,0,1,79.03384445572605,sports,15.894008291420185,0,none,1,RET-008476
5545.5015457540185,439,0,0.9368880010064274,1,0,100.35494966126934,books,12.117108905010447,0,none,1,RET-000189
1571.7448691716586,1428,3,0.7775986280376703,1,1,25.860025765450033,electronics,3.7535691412887764,0,none,0,RET-004523
927.8688976538966,429,3,0.8748749297070582,0,1,143.6599927356432,books,9.386869406436583,0,none,1,RET-003373
2298.8447585029035,225,1,0.9665030498149508,1,1,140.09349020560114,books,5.334158307624401,0,none,1,RET-001582
2685.082871271308,180,2,0.8444042023319274,1,1,95.12521162047875,electronics,25.119783297741918,0,none,1,RET-003978
1319.6764642401972,512,3,0.9838176052866932,1,1,367.9194890263141,sports,11.13385265876255,0,none,1,RET-006597
1256.230248261874,1016,2,0.8467901780022602,1,1,107.35736250697974,beauty,35.69393745771107,0,none,1,RET-000376
1054.6010768681904,630,1,0.7787501981571511,2,1,161.9701143290368,books,22.54895224943926,1,wardrobing,0,RET-009779
1772.7068252123768,2389,1,0.6557830426989305,1,0,78.13723374371702,books,2.577046927671102,0,none,1,RET-008635
2368.015007101537,298,1,0.7225798127532784,0,0,36.12636558864665,fashion,0.3566519722419044,0,none,1,RET-000654
869.8312261943289,262,1,0.8286665260259253,0,0,163.7540304625872,fashion,50.86420013000719,0,none,1,RET-001440
1372.9309982932214,1662,1,0.6431820786327079,0,0,333.753634688439,books,15.179664175145614,0,none,1,RET-004168
6730.73149450681,105,3,0.8303613282600028,0,0,108.31604820581404,home,7.272652946650022,0,none,1,RET-002524
2143.7104415097274,65,2,0.6112111559806673,2,0,155.79506247689218,books,27.946379884461642,0,none,1,RET-007367
1289.4646499915236,670,2,0.8015185921572787,0,0,59.501699635914896,sports,38.70451790608568,0,none,1,RET-005655
427.1716684193849,6,2,0.7120975074425784,0,1,33.504510280502664,sports,18.140472159410024,0,none,1,RET-008338
846.2845555560227,39,2,0.9191622668762814,0,0,212.89620735083835,fashion,20.81699316834478,0,none,1,RET-000332
1296.0464618210924,423,4,0.8325923132558899,2,0,53.25304274936017,beauty,2.5577735960516756,0,none,1,RET-000924
4041.5880002866775,30,1,0.8580014552542402,0,0,194.83896654003578,sports,24.40306455633911,1,substitution,1,RET-009840
3473.035188218479,111,5,0.6572935161447285,1,1,74.15303038360376,electronics,15.339028031472155,0,none,1,RET-000148
2691.5631225160478,208,0,0.5572841015986936,2,1,236.44213723116792,home,32.42870610050231,1,substitution,1,RET-009258
2154.8761452764516,55,3,0.7986513712221353,1,0,63.473847685457486,sports,15.05166981846284,0,none,0,RET-002569
3659.601020154876,1414,2,0.7704841425624451,1,1,231.5659783500858,sports,4.451507371858112,0,none,1,RET-006267
1355.1432937849406,217,2,0.638336405295078,0,1,28.32755840887453,beauty,3.642461773776216,0,none,0,RET-008898
1731.3465032042689,289,2,0.792444435832276,0,1,222.61774172814592,beauty,3.6033175184387254,0,none,1,RET-004981
1696.014596681149,17,2,0.8543091884874772,1,0,41.531353671048564,books,8.55073325956879,0,none,1,RET-006131
2042.4233096532646,12,1,0.8929024734277639,1,1,403.547282401412,fashion,5.33437974840498,0,none,0,RET-005510
1555.089340952371,392,4,0.8449898574626763,0,0,108.63410303394862,books,45.256435973595444,0,none,0,RET-004091
5350.575092366049,618,3,0.9541856128886558,0,1,223.4938708002434,beauty,9.288274771316733,0,none,0,RET-005101
961.1873638857561,295,5,0.6549188009801971,0,1,102.18044383629923,books,1.8144832545259408,0,none,0,RET-004626
1581.5719895334003,238,2,0.6993941767451491,1,1,85.27931665660824,electronics,0.5610951741787705,0,none,1,RET-002586
4908.56157942171,35,3,0.5718355922897916,0,0,247.31898004461246,beauty,7.360807337312972,0,none,1,RET-005981
1559.522951398268,630,2,0.8551827539496272,1,1,163.83362394232827,books,3.7842369423370785,0,none,1,RET-006794
1808.4730295698894,693,1,0.8717683898413553,0,1,39.051154659908875,books,1.9215940766797046,0,none,0,RET-004395
1596.6676639917744,368,4,0.5234683808699537,3,0,256.2959530664026,electronics,3.280618978542288,0,none,1,RET-002094
1521.8614448373064,21,3,0.7487842723840368,4,0,58.80687145282483,sports,13.057419700222933,0,none,1,RET-000969
695.2681882091752,444,2,0.7394500830055459,1,0,167.36124534198092,books,48.18669046155165,0,none,0,RET-004650
1306.1809024726008,2,3,0.5176487033234689,1,1,156.91839180249266,books,1.7956279371462407,0,none,0,RET-002645
11826.984022035951,133,1,0.8994620335273846,1,0,118.16974251520942,books,14.939855271450737,0,none,1,RET-000479
1038.9104612894864,6,1,0.7399079992440175,0,0,201.38778385568745,electronics,21.772675689012146,0,none,0,RET-008770
3264.038893241292,2505,3,0.9672106864623462,0,0,556.8435757700174,books,54.64075763631369,1,substitution,1,RET-009395
2075.534395256571,46,2,0.7064664811379644,0,1,102.42150421137302,home,20.88291202407886,0,none,0,RET-002947
1093.7547998632938,40,1,0.5956113880738563,2,0,44.25135033107114,fashion,30.926927217665092,0,none,1,RET-004278
1094.6735399018603,182,1,0.9200801467054025,4,1,283.8054386528117,sports,24.683510202385282,0,none,0,RET-005805
2946.855704066381,500,2,0.8214429585041589,1,1,357.51213325296555,fashion,29.489584133549705,0,none,1,RET-004081
1802.5258781397545,538,2,0.7134809071182016,0,1,168.01234927821477,electronics,0.5502070571214674,0,none,1,RET-008551
1449.986785082547,433,4,0.8453708080113772,1,1,50.746766088883554,beauty,24.951386943419084,0,none,1,RET-000459
3054.0001081622563,664,2,0.6324035682083194,1,1,122.26083663078904,fashion,1.428848141893551,0,none,1,RET-002508
10468.270626390966,284,5,0.5437629985844078,2,0,67.72560809027463,electronics,35.922879260289484,0,none,0,RET-001053
1097.0877943782816,488,3,0.6240083017892714,1,1,433.8007589756913,home,13.687704839717805,0,none,1,RET-006891
335.2748845686697,719,6,0.6993105402558194,0,0,31.237873160292285,electronics,30.369687562945085,0,none,1,RET-002195
6507.3195531989995,690,1,0.8074297138915005,0,0,235.46456526421363,books,7.22088435633022,0,none,1,RET-006951
822.8230944329081,339,5,0.849459342643042,0,1,196.95319069318705,fashion,22.43427841620326,0,none,1,RET-004561
2169.0042490460146,247,2,0.7667882506757626,0,0,92.18072696009713,home,4.977804611131283,0,none,0,RET-000952
6219.818739071898,112,0,0.70206529931647,1,1,74.64410800516099,sports,19.93935253083793,0,none,1,RET-000992
983.5432875733227,103,2,0.6317079373276183,3,1,31.273847694527134,electronics,4.145575814678917,1,substitution,1,RET-009732
967.9871344738253,255,2,0.6310203564211965,1,1,44.87137690157883,sports,20.35008831908993,0,none,1,RET-001243
1066.0633399753026,487,2,0.8634324919149314,2,0,154.26414322167253,fashion,7.29604615867514,0,none,0,RET-001358
2443.681791244164,977,0,0.7180851205627388,0,0,41.64985224153078,beauty,8.919663742636853,0,none,0,RET-004961
1516.3413159228212,14,1,0.8819033268124906,1,0,47.154936759047004,electronics,0.1302633036435808,0,none,0,RET-008652
333.3728326426632,966,4,0.6531521133045562,1,1,110.65128991129633,fashion,18.91061825189054,0,none,0,RET-009194
1715.4044761145433,104,4,0.8842749258440863,0,1,53.38021805179919,beauty,31.508499279631625,0,none,0,RET-006712
810.8897730553466,7,0,0.783976353767295,1,1,153.0124639918352,books,20.881512066759747,0,none,1,RET-007417
3606.0660248956447,158,1,0.9051392870387928,1,0,72.40326890835728,books,14.41416255809338,0,none,1,RET-000700
836.2640414098263,730,3,0.9289962244417957,0,1,87.37045466785163,sports,0.311082264499686,0,none,1,RET-002102
1195.0154505166913,151,2,0.7765954296646155,2,1,337.7204787509581,books,76.35790916274846,0,none,1,RET-007972
2240.2065502756723,172,1,0.7603184512857638,1,0,207.73975557484064,sports,3.545866533640354,0,none,1,RET-008667
2463.959842164544,413,3,0.8116512906441419,1,0,62.743505806471475,books,20.516713684742317,0,none,1,RET-000763
1616.4012616229718,53,3,0.8046309098225172,2,1,284.02976918136767,fashion,13.04900568258666,0,none,1,RET-008406
7352.587185674635,782,1,0.8021670782982063,0,0,95.23899005140267,electronics,2.1455427603332455,0,none,1,RET-001288
1341.382078649835,246,0,0.9229070242971641,0,1,103.90568973902836,electronics,11.444523929455668,0,none,1,RET-006802
827.5421420108981,261,0,0.9549620938421588,0,1,41.256759629801365,beauty,2.2403335966070457,0,none,0,RET-003748
1157.8654102389262,319,5,0.8932566723947177,0,1,77.80030185837849,home,23.505359441275296,0,none,1,RET-000555
1034.867925593682,281,2,0.846623439571451,1,0,51.60026100870704,electronics,1.388302572978142,0,none,1,RET-004798
1149.9537842344205,756,6,0.6406597021871607,0,0,102.8245948353576,electronics,3.2803297501484963,0,none,1,RET-008054
602.2590000753072,564,3,0.770028821420542,0,1,55.80109655089978,fashion,4.81948148745949,0,none,1,RET-005039
673.3585368595159,459,2,0.873998239821773,1,1,253.23323632235218,fashion,2.7111673879536746,0,none,1,RET-005264
4387.642376289552,1300,0,0.8825236772997366,0,1,155.06344345787096,sports,10.156611833598534,0,none,1,RET-004419
4992.138946256898,337,3,0.8924489870738613,1,0,91.83104344236195,sports,3.595133348867501,0,none,1,RET-004640
769.2253495195444,40,4,0.8960628794377293,1,0,211.14483103482868,electronics,1.6835439367013005,0,none,1,RET-004086
627.1008774019168,291,0,0.8198156326038616,1,0,239.5093699868097,sports,21.397912920791555,0,none,1,RET-002872
1418.6695993244095,100,1,0.5622982477783413,2,1,134.2193260033744,sports,21.1021928957703,0,none,0,RET-004430
2307.8134021177975,126,2,0.7350471462691585,0,1,126.35860448802063,sports,5.6660662445747665,0,none,0,RET-007264
637.5809130671236,252,1,0.975357108887029,1,1,300.03251293171746,home,69.19587279798687,0,none,0,RET-000305
1334.275681154512,1,2,0.8024798818230573,2,0,97.75865008107202,home,7.78205747263474,0,none,0,RET-005749
872.8466721885763,1018,3,0.7225745718505799,1,0,32.819197171263006,fashion,13.769592478418106,0,none,0,RET-002017
506.88737448483806,571,4,0.827366544820071,1,0,60.35257148101315,electronics,0.8268068761468899,1,wardrobing,1,RET-009599
4076.702157149403,820,1,0.7973908179048689,1,1,163.81889055792647,electronics,1.9929721663988198,0,none,0,RET-002578
1133.3035466296556,101,1,0.7832257869414632,0,1,131.85979260380805,beauty,0.0763130690858009,0,none,1,RET-007077
4125.673057899219,1178,3,0.7837525818849326,1,1,108.61234105186213,beauty,14.946603052050973,0,none,1,RET-005878
684.6993591796221,1185,4,0.7773526631107818,2,0,117.96751245607568,books,30.64156436506646,0,none,0,RET-002577
1206.5112819095887,157,1,0.761860307964202,0,1,65.72791098997868,fashion,5.202088933627142,0,none,0,RET-003981
1201.094480485612,149,1,0.6330763551245495,0,1,82.00252352196362,books,30.569795604647855,0,none,1,RET-003329
845.0247452643002,646,3,0.8076346528867661,0,1,141.60081835490223,books,17.674004420902598,0,none,1,RET-007713
1149.7877801686968,84,1,0.7332162342328226,0,1,79.85591606291453,beauty,33.14936771943564,0,none,1,RET-006221
765.8122132531463,46,0,0.5407324828114596,0,0,99.86802442834475,beauty,2.4070471254374444,0,none,1,RET-008360
3358.598563902954,24,3,0.9613254936840249,1,0,102.75027375189273,fashion,18.39486958256083,0,none,0,RET-001863
1376.7397174611622,468,6,0.9454722871139729,3,1,139.60656055543555,fashion,1.1795138680771935,0,none,0,RET-007389
1971.3677893535892,542,0,0.8856901048270178,2,0,30.841575502115305,fashion,13.853971356561415,0,none,1,RET-005065
2396.781970837556,1489,3,0.6173262780472878,0,1,150.0002535595334,books,49.61412490711568,0,none,1,RET-005542
3216.078872162675,850,3,0.6646911404471662,0,0,99.23578790880693,electronics,0.8377812172296916,0,none,0,RET-006461
5103.560858842132,175,1,0.7946843770206587,1,0,93.54509114439688,electronics,41.02191984780613,1,wardrobing,0,RET-009903
5000.271688308803,10,1,0.812565258786382,0,0,97.90576636354382,electronics,35.312540656184574,0,none,1,RET-008058
2255.7680675476586,1043,4,0.7760606063514389,1,1,244.04647180749527,home,7.359358296479043,0,none,1,RET-005328
3833.319804180936,151,4,0.4783152570190303,0,1,46.74595943993477,home,27.57794452884152,1,empty_box,0,RET-009989
1235.9836036073618,245,3,0.7536110675979982,0,0,105.49312104581321,sports,19.178223606094072,0,none,1,RET-007547
1770.4328198450726,280,0,0.8973723384457989,1,1,55.139036529220185,sports,7.789275478396429,0,none,1,RET-007757
572.0857634954705,267,1,0.8458687740917447,0,0,120.45621892852563,beauty,8.815454537466563,0,none,1,RET-003169
2404.3453094710844,83,1,0.7481223134696026,0,0,172.51545850444288,beauty,26.760719876180477,0,none,1,RET-001718
3853.693595020393,657,5,0.5615352660735937,2,1,83.14666993726428,sports,15.19054921623759,0,none,1,RET-004926
1471.895810534999,146,2,0.8390463551731223,2,1,172.0059601381515,electronics,8.552592198782632,0,none,0,RET-001813
2581.9539036606284,187,0,0.7254233525844348,1,0,100.08898763746666,books,1.383555882547879,0,none,1,RET-005951
2116.098225402034,1,5,0.7182451830200886,1,0,113.0982292741597,books,18.505027445789924,0,none,0,RET-002290
447.94737310198866,201,4,0.8610317793682871,2,0,217.82003257045818,home,10.8004756924436,0,none,0,RET-007114
2027.420853737085,30,1,0.8458265938359041,0,0,32.05476509937904,electronics,1.3734357906011412,1,substitution,0,RET-009555
747.0499620174978,43,5,0.6048262033825199,0,1,62.20061679191031,books,16.398852452640202,0,none,1,RET-004894
495.32140415255805,382,1,0.965307580706669,1,1,187.75822450650134,fashion,2.7929656220966415,0,none,1,RET-006740
1144.8315985235554,76,2,0.7989556879370239,2,1,67.34326804575669,fashion,36.17852997884608,1,empty_box,1,RET-009234
2721.45090994628,137,3,0.6186848821410927,0,0,298.50224279567897,beauty,8.361603695174376,0,none,1,RET-006214
1272.3292150180735,1,3,0.9650046410288828,3,0,392.51275130941383,sports,21.705625558296024,0,none,1,RET-000440
5393.596768377899,263,2,0.8136709991705005,2,1,81.622349351133,home,35.66633934319501,0,none,1,RET-000344
598.4906173533777,362,3,0.9344433113441287,2,1,153.22359945027304,fashion,0.14110795282976263,0,none,0,RET-003275
1791.5937898006398,417,1,0.9628343176348176,0,0,310.261522950002,electronics,38.21742728121306,0,none,1,RET-005755
1202.0901298850767,689,2,0.5600904414361895,1,0,173.30840336784954,books,6.448829346585177,0,none,1,RET-003397
7112.467656969925,699,4,0.9212776326402708,1,1,70.52874060125545,fashion,46.655891458985636,0,none,1,RET-006142
861.0741769371982,52,2,0.8571902762847344,1,1,189.97972260571962,home,0.9209345001137742,0,none,1,RET-001938
451.04570344424707,30,1,0.8906175401285922,0,1,224.0073702512665,sports,14.731120928353677,0,none,1,RET-002684
5120.163782614458,217,3,0.8618826276961722,0,1,35.54645738253628,beauty,8.10679642562563,0,none,0,RET-006244
560.6617471880506,358,0,0.8756916409666331,1,1,118.66997451226484,beauty,31.507979678130468,0,none,1,RET-007511
4751.565186835146,781,1,0.9104641210404393,0,1,316.6697048421281,sports,9.64886127295671,0,none,1,RET-006964
6811.439755759786,631,3,0.8187773328325149,0,1,155.00199834367731,fashion,17.738448466386682,0,none,0,RET-004434
2173.8768877440807,234,1,0.7017948335005495,0,1,98.48915804826916,home,4.5738266144195565,0,none,1,RET-002363
1138.2492062547283,163,2,0.7086951900752823,0,0,132.29793005626698,fashion,14.663597427688737,0,none,0,RET-008615
1467.4903892847335,1371,6,0.7297465484832659,1,1,129.68232092626107,home,2.4675646366762973,0,none,1,RET-006860
807.8499592817655,388,2,0.7200021854345119,0,1,104.7782204885423,electronics,9.421678014616495,0,none,1,RET-006928
2358.7381808309115,31,2,0.7661384950600271,1,0,89.14373509169265,beauty,33.15460712224397,0,none,1,RET-007108
1494.9923457932007,148,2,0.7952232604688407,0,1,311.48402664216246,books,3.6589479732131585,0,none,1,RET-006257
347.75738114585175,728,3,0.917010450755106,2,1,64.00750913727057,books,13.057599098745458,0,none,0,RET-001216
2242.4752357791303,31,2,0.8910507119165049,1,1,123.30280330247838,electronics,17.408472084307824,0,none,0,RET-008305
711.873532268282,165,0,0.8651554993304091,2,1,107.75873412603273,books,21.80987111504449,0,none,0,RET-002079
2266.1720114611544,1426,3,0.6901342591634111,1,1,103.88742609548969,home,44.34720680794856,0,none,0,RET-000026
2103.156366571492,140,2,0.7959053525217775,1,1,148.20397597906924,fashion,17.86286684057106,0,none,1,RET-000313
1164.1580413271815,369,3,0.9450080614501056,0,0,103.62433008424357,books,43.40398097355808,0,none,1,RET-003819
5834.268987774233,55,2,0.872245488929524,2,0,52.24942873626043,beauty,5.585542523009673,0,none,0,RET-006188
794.2994828621147,219,3,0.7860741967787972,0,0,45.17081852077294,home,39.943244264241585,0,none,0,RET-006742
477.1670223200773,491,0,0.7655421027234226,2,0,199.05781753711938,electronics,10.226726166520669,0,none,1,RET-004924
1240.529315380245,351,1,0.6142285266403723,0,0,95.82590560316015,electronics,13.529639889971042,0,none,1,RET-006193
1014.3951782224494,365,2,0.9087422029061033,1,0,42.95212937285609,books,19.758305167187427,0,none,1,RET-004378
2907.79766275759,454,1,0.580566527426916,0,0,191.10000496760765,beauty,4.413966133873712,0,none,1,RET-004356
3956.2504600359302,165,1,0.8154418872566424,1,1,219.43479596423074,books,81.57736751237293,0,none,0,RET-005625
4014.9056908980274,240,0,0.7196003499471135,1,1,77.52296446203626,beauty,43.07584784127327,0,none,1,RET-002165
1433.5379430021567,360,2,0.8764938398590693,0,0,90.02798055007975,books,6.7807162232341405,0,none,0,RET-005423
4214.694965536085,533,1,0.717525028626368,3,1,105.87978095705817,electronics,15.141665389643496,0,none,0,RET-003946
2308.1279401300694,115,1,0.9185558570270008,0,0,159.88611124824396,beauty,62.4000912523193,0,none,1,RET-002518
2761.706407948103,632,2,0.6085925974733624,2,0,287.3652357301199,home,29.066638666033366,1,wardrobing,1,RET-009772
1004.4931595628947,1211,1,0.7244832954897332,0,1,72.33400696897615,beauty,44.61790568098487,0,none,1,RET-005142
5632.024999333837,8,4,0.8505006869622842,1,1,22.347875588021008,home,25.3749625134039,0,none,1,RET-005545
2902.8725305806233,336,3,0.7998779867178873,2,1,107.28708205757607,beauty,18.801010602622323,0,none,0,RET-000373
1795.9970697911344,21,3,0.7504530462233687,0,1,206.8066573829211,sports,52.09872320068375,0,none,0,RET-000617
789.1615894102808,317,1,0.5507694938376727,0,0,129.01839643571557,electronics,14.60569790972304,0,none,1,RET-006646
4371.53161932498,214,3,0.927699331608524,0,1,76.0210907049684,books,3.5154612572441413,0,none,1,RET-000419
884.5256177597424,30,7,0.7786395618624924,3,1,136.59676604758283,electronics,27.723314326556483,1,wardrobing,0,RET-009983
523.8846973225789,292,3,0.818281688641842,2,1,130.97994528309152,electronics,15.389120176544573,0,none,0,RET-007748
2472.0241192693834,971,2,0.7405627068050558,5,0,245.7338193844501,home,2.1765703946469004,0,none,1,RET-001712
298.19540979761075,332,2,0.9792878602305009,0,1,102.08243146003531,fashion,64.24188131216121,0,none,1,RET-003955
597.6367809291812,161,0,0.7770892524850054,0,0,58.636754451173644,books,28.10129518717712,0,none,0,RET-003095
977.7282332071792,200,4,0.9225449309015391,1,0,523.947421142653,electronics,47.56886227022151,1,wardrobing,0,RET-009576
2757.521710145397,703,0,0.7014697946838349,0,0,33.829257758666756,books,6.231656194870981,0,none,1,RET-001484
1148.4524504070644,92,3,0.86708997083268,0,0,672.773366228292,books,10.859338154990386,0,none,1,RET-001918
810.1295267558194,936,2,0.84158436623024,2,0,56.05113184146448,sports,1.907215397207602,0,none,0,RET-008502
609.6755283869193,207,1,0.8281199216181265,0,1,224.84680249161588,books,10.843437132337746,0,none,1,RET-007775
617.8552077438151,559,2,0.9109257549692822,1,0,169.22070410525006,books,19.838807685257358,0,none,1,RET-003261
2984.6413959961956,331,5,0.8659197418919746,2,0,120.40078874476788,home,4.742259596367014,0,none,0,RET-001332
2796.6971473276362,157,2,0.6318495269465649,0,0,67.10081167418318,sports,46.41819260237844,0,none,1,RET-004667
1067.2929066549684,258,4,0.7367674140306756,1,1,55.424662038667115,books,27.496734817771202,0,none,1,RET-002904
1565.5099108402824,88,1,0.8477127784820786,0,0,119.3628651052355,fashion,7.5687235404452835,0,none,1,RET-005077
1560.5281528817268,112,1,0.7246379936629326,2,1,108.06605501665678,fashion,13.259055719562275,0,none,1,RET-006187
776.3496501894598,1007,2,0.9371050476948534,0,0,172.8631291692446,books,5.499891570650456,0,none,1,RET-004708
2973.7539793501296,68,0,0.894334515370149,0,0,162.16059332904948,electronics,43.3513055053301,0,none,0,RET-002759
2513.8182001128166,383,1,0.6324546098325472,0,1,273.82724227154114,sports,10.835386261017407,0,none,0,RET-002468
1349.827390210043,278,0,0.8381434425941161,0,1,232.80624786906188,books,7.965240264290184,0,none,1,RET-003421
1827.5658235281169,30,4,0.7563583527922179,0,1,222.89449104693472,fashion,2.4570344198585685,0,none,0,RET-005128
1272.8383787664452,481,2,0.7674331454422375,1,0,210.22952704175512,electronics,0.6906365583490834,0,none,1,RET-004428
2467.6153189214237,60,1,0.9648694156522343,0,0,178.84125740129554,electronics,11.598506441992637,0,none,0,RET-002756
2379.971414607927,261,2,0.7845622750483582,2,0,150.33529500778099,beauty,6.413510119069566,0,none,1,RET-001269
931.9935556385407,154,3,0.8024186261610501,1,0,245.55067108134728,sports,0.025604549563438436,0,none,1,RET-007762
1742.715083520611,90,3,0.8994444926887901,1,0,99.42990680708166,sports,4.138283503583759,0,none,0,RET-008033
3050.4368947433804,292,1,0.8207185067590338,1,1,89.54324586634615,beauty,23.714197393659465,0,none,1,RET-005046
3103.356824329389,8,3,0.8555459383465522,1,1,269.7231272847145,fashion,5.764414817725767,0,none,1,RET-007599
5515.011695145148,879,2,0.8973029209060847,1,0,273.15036170923446,beauty,32.8839324262605,0,none,0,RET-007951
1836.0074539579136,211,5,0.7212073565725143,0,0,116.484379397155,books,23.33211000182408,0,none,1,RET-005474
1370.4501604951636,425,5,0.8919494305510864,0,0,169.837934675851,home,5.440611142574928,0,none,1,RET-006054
1321.3344190630914,130,2,0.631804284406157,0,0,142.57234917860438,beauty,0.8998772626948226,0,none,1,RET-000645
748.1210960163056,1510,4,0.8838846895385585,1,1,135.9875596708628,electronics,1.5954193526288116,0,none,1,RET-000009
4962.747741637888,112,2,0.7802576231786776,1,0,192.44950028468475,sports,39.93923465823849,0,none,1,RET-005304
1850.8369906694495,58,3,0.7293499070481306,0,1,223.29759314660063,fashion,13.92610365790654,0,none,1,RET-002311
555.303820887312,388,1,0.7098403310145706,0,1,71.77743813703673,home,22.10733802389504,0,none,1,RET-000173
386.3376229047662,39,4,0.8147610795465741,0,1,114.46454157922214,electronics,5.876610648298407,0,none,0,RET-002550
1360.7900002219612,1024,1,0.6758504738441926,0,1,232.6285116350034,sports,0.4066466360699129,0,none,1,RET-001452
2725.126438028069,17,7,0.8508459721580846,0,1,241.74616252365274,electronics,79.29053541868242,1,wardrobing,0,RET-009396
1478.439467209028,170,4,0.9205441726522074,1,0,37.15738927176651,electronics,8.202114981272194,0,none,0,RET-005187
2522.6558054228367,523,2,0.751972602485515,0,1,177.34750608502657,fashion,30.576949865772768,0,none,1,RET-008730
900.1228081509878,132,3,0.6523342272056906,1,1,121.26958478761676,electronics,57.976112142991916,0,none,1,RET-004456
2355.7670773105483,816,0,0.8480883259976726,1,1,110.03731421567528,sports,2.5892464017578773,0,none,1,RET-000483
5291.050612377238,129,4,0.9297575207110449,1,0,44.81287121877702,home,0.8366048038987015,0,none,1,RET-007969
2095.4820782532906,733,0,0.8070484735336285,2,1,154.24115654659175,fashion,2.9694667985428653,0,none,1,RET-000110
1062.5442503624681,453,1,0.7192654723482815,2,1,138.56169889670159,beauty,23.056658780436283,0,none,0,RET-001002
1438.7233128907867,76,0,0.52824264393467,1,1,188.98195219900134,books,1.4000474371736347,0,none,1,RET-000964
1502.961763503724,59,3,0.8018811965935699,2,1,91.41984540993286,home,2.190827945469911,0,none,0,RET-003330
646.4378093859202,402,2,0.9681613334474369,1,1,50.46426444236003,beauty,14.08382015917876,0,none,0,RET-000151
1833.8432309862133,313,3,0.6001558236747992,2,1,149.6204471231371,fashion,23.570468155782386,0,none,0,RET-000143
4402.670621444412,330,1,0.8509622450970091,0,1,386.2125958781468,fashion,7.984382791881309,0,none,1,RET-003466
6882.385893583672,489,4,0.8440720163554014,0,0,74.93433577632338,sports,13.114545147548144,0,none,1,RET-006795
1837.7083114286938,84,1,0.7287142124145789,1,0,204.93773296613534,sports,9.64863588144017,0,none,1,RET-000357
507.3971706317002,58,1,0.8388227292837412,1,1,258.1761343895794,beauty,0.5160849021290395,0,none,1,RET-001719
666.8621804515615,1187,0,0.7786782663295353,1,1,90.14503605600451,electronics,19.58629422056423,0,none,1,RET-008988
2745.639187098252,377,3,0.5291760590660094,0,1,95.47596761927694,sports,12.868464985159672,0,none,0,RET-003459
1924.0683892873185,1093,3,0.7856169217465416,2,1,177.65043237827425,electronics,24.543486741278798,0,none,1,RET-002472
200.0,741,2,0.41922318170274026,0,1,154.2673048834037,books,35.659476960077626,0,none,1,RET-008991
1299.533720659274,343,1,0.9629143001738559,0,0,249.5976636500813,electronics,0.7988435063798627,0,none,1,RET-001475
5543.02319659133,360,1,0.774416916828604,1,1,202.37351786349586,home,52.75301036498097,0,none,0,RET-007894
991.6072135356002,318,4,0.8313349936658574,0,1,200.96489323288546,beauty,7.864014954859599,0,none,1,RET-008612
2157.0992728041488,42,1,0.8970601325845976,1,1,235.35185123282326,beauty,14.705630620077981,0,none,0,RET-006999
1848.0297374690147,6,3,0.6063825879178639,1,1,235.81792762908074,home,0.01310275523527991,0,none,0,RET-003291
2620.331483536587,1,2,0.9125265101014363,3,1,178.79656983875165,books,18.235502145723146,0,none,1,RET-000616
1980.7540111123617,142,5,0.9131941132010265,0,1,170.31977560099025,electronics,1.2702927771780816,0,none,0,RET-008961
1082.8841244331115,84,6,0.725614689783647,1,1,75.69960155207177,home,0.6771010791690476,0,none,1,RET-005615
2137.7488548872084,792,0,0.8439214124495951,2,0,46.14642580975975,fashion,8.985939052704484,0,none,1,RET-000393
1763.66811890794,1589,1,0.9574121668287602,0,1,148.04688369927672,sports,52.50863636401523,0,none,0,RET-006519
2520.7407536662445,349,1,0.8369403856771244,1,0,58.64097868197086,electronics,20.954741509860924,0,none,1,RET-000090
1332.7252966788424,253,2,0.8771240472053111,0,1,216.66314863572404,beauty,2.919606400500436,0,none,1,RET-008036
904.2996525758423,41,2,0.9078627166235621,1,1,71.4843008042512,home,1.7054835774004806,0,none,0,RET-001916
972.6788715521759,7,3,0.5441259313151317,0,0,68.74010732984962,fashion,3.361613526680115,0,none,0,RET-007524
1946.139150184207,139,0,0.7325198917398866,0,1,232.24333232951636,sports,5.027231344801009,0,none,1,RET-003255
1281.635525921298,421,3,0.8012944206070459,0,0,132.94568410242567,fashion,12.52875276929007,0,none,1,RET-009151
2071.4360714690483,60,2,0.6506556428291609,5,1,153.67274689529603,sports,2.47625696298752,0,none,1,RET-008821
3796.859327364399,7,5,0.8827374815938017,0,1,64.67927571175088,fashion,35.27531585589953,0,none,1,RET-000310
1517.5742793202305,413,2,0.8280375216348178,1,1,171.31724427089304,beauty,5.0237375224153515,0,none,0,RET-000853
2025.6062520162732,143,0,0.9291180705509239,2,0,151.02508890828744,electronics,6.211959552144282,0,none,1,RET-005795
1200.1164865467044,669,2,0.7300378899631562,3,0,61.0118536195007,fashion,45.113406319555466,0,none,1,RET-007028
1218.2583875540283,17,0,0.7235782704559627,1,1,153.70189484650186,fashion,35.4323261030724,0,none,0,RET-003500
715.3713971371728,1688,1,0.6392302963459693,0,0,82.33042714434875,books,2.2124760346638968,0,none,0,RET-003151
1536.9895691864344,626,3,0.8627429674891478,0,0,144.19749150350614,books,38.98633629017955,0,none,1,RET-006013
1991.187527174305,261,1,0.9255430911824664,1,0,160.9374041322683,sports,11.21740547519724,0,none,1,RET-004940
12390.912780057144,464,2,0.7557636953958874,0,1,48.0,electronics,5.393990793070784,1,wardrobing,1,RET-009308
2095.42991487518,45,2,0.7124015310493313,1,1,139.8325010280884,electronics,3.4216281794546797,0,none,1,RET-007518
338.0848502761149,1648,1,0.8944550308214151,1,1,127.27664282269409,fashion,8.965110725746502,0,none,1,RET-005275
799.0764252051407,293,3,0.902334146511444,1,1,25.625300851336707,electronics,24.734786029100153,0,none,0,RET-005837
727.0259339205819,172,1,0.6903082901475835,0,1,76.07563937476135,sports,20.27065863615412,0,none,1,RET-000559
1184.7734427752378,442,3,0.9332702024831128,0,0,164.26774866716693,fashion,18.199237006492115,0,none,1,RET-004883
959.4851870956875,41,1,0.7086919912140525,0,0,124.52192830178019,home,7.238788931440599,0,none,0,RET-002764
944.404684205557,104,2,0.8677353623742181,1,1,164.25345739901246,fashion,25.972786102687742,0,none,1,RET-001871
1261.2136520986264,249,1,0.6538857823710076,3,0,52.59445524194709,fashion,3.4563236486301077,0,none,1,RET-006922
402.4481339641244,69,4,0.7512167566530147,1,0,211.32474908456302,sports,59.508186037738426,0,none,1,RET-003339
1919.356634333196,175,1,0.39858421643512876,1,1,101.02793997410164,books,7.710926181391299,0,none,1,RET-005751
1190.086197750899,113,0,0.6641857616303618,1,1,619.8069749032902,electronics,20.371131924403734,1,substitution,1,RET-009440
1828.0362566527683,631,0,0.9803960346047014,3,0,107.2760610145459,beauty,0.41203479725866016,0,none,0,RET-008443
436.436769830274,216,2,0.561899070635901,1,1,8.439435839569205,home,21.418778698173874,0,none,1,RET-008901
8324.241574728407,699,1,0.901462304375188,1,0,160.70474611761912,electronics,4.419254375041903,0,none,1,RET-002591
1317.3160280727955,98,0,0.5321547855668531,1,1,86.05302821406697,electronics,22.27324046465765,0,none,1,RET-001559
659.3832086437776,546,2,0.7359277551005672,1,1,154.43460997040293,home,14.779715724674226,0,none,1,RET-002779
771.8511836090735,43,2,0.8465287229857347,1,1,235.11601336662667,sports,3.749551116123048,0,none,1,RET-009131
1917.489468196752,526,7,0.5465008929411312,0,1,34.99600980497234,books,3.3317984325738865,0,none,0,RET-004494
3324.141544387413,40,2,0.8836068992401315,2,0,212.41270766359932,beauty,5.423776800214572,1,wardrobing,0,RET-009813
2673.5346726056405,476,1,0.9153107048070477,2,1,100.23048750407494,books,4.5692857669756055,0,none,1,RET-007201
2266.033327267816,527,2,0.9758458324488536,0,0,132.4530184355232,beauty,5.082803853981962,0,none,0,RET-007681
1083.7170863410681,754,3,0.6710820778529211,1,0,283.82109772203694,sports,36.25375706147428,0,none,1,RET-000130
1389.4131840108068,912,3,0.7674028547979453,0,0,50.74041875255455,beauty,30.306294744354744,0,none,0,RET-006268
213.81444807714166,63,3,0.8081359489193869,0,1,197.8472446265069,books,0.6551704225669853,0,none,0,RET-004106
1270.9119902843324,351,2,0.7860240425077062,0,0,45.73494784949931,sports,16.96109875930275,0,none,1,RET-008802
1460.4948870693183,793,2,0.6168903729010655,2,0,86.01739795938883,beauty,2.569597150610819,0,none,1,RET-002428
347.8701726710864,105,1,0.7185173754492847,0,0,102.43318886759323,fashion,15.136991447294871,0,none,0,RET-002057
1193.6553642022343,281,1,0.9200125445479437,0,1,97.60820847059497,sports,12.791224792453901,0,none,1,RET-005817
1629.6633629978496,20,4,0.8732520148310943,1,1,94.94823727651973,electronics,23.397251085151,0,none,0,RET-007464
2619.5776198355875,658,5,0.735939126234861,0,0,280.21886189426357,sports,28.321462685014144,0,none,0,RET-004057
1351.0428930631792,216,1,0.8352703850158893,2,1,297.51973402335835,beauty,7.831617220855596,0,none,1,RET-001455
1501.5381532482752,353,2,0.9864239711407992,0,0,62.0459420404055,electronics,5.554181486531993,0,none,1,RET-008619
1647.032503995875,229,2,0.8903809870012608,1,0,307.43527747287106,home,23.90706374953917,0,none,1,RET-007760
3750.0529933974863,102,2,0.8948020138358856,0,1,90.36275732908439,home,41.66338990932763,0,none,0,RET-008604
3191.875844491805,155,3,0.9472849356373597,0,1,235.4307967130485,electronics,4.260157072231589,0,none,0,RET-007514
890.1214862025423,1009,2,0.8034921915758798,2,1,148.96134720046015,beauty,2.091372565082946,0,none,0,RET-006035
827.2490574905993,463,5,0.8884762704961183,1,0,165.03268170819928,electronics,7.280376921299214,0,none,1,RET-003520
1253.2086445469554,602,1,0.800602935087922,1,0,70.35746922135347,home,1.7542329933480332,0,none,0,RET-008960
1548.3800316028642,121,2,0.8002525481764686,0,1,61.50046060596017,sports,22.846003963256763,0,none,1,RET-003334
5123.044120279463,70,3,0.8678864088426389,1,1,79.80583090824982,home,2.186689790213476,0,none,1,RET-001239
964.8536545798172,417,2,0.8784402902078907,1,0,290.7215499871861,books,24.248759162386147,0,none,1,RET-005412
2211.982233168672,1039,1,0.8588301284582472,1,1,348.14113188299035,home,7.831047406404772,1,empty_box,0,RET-009933
422.569275827428,550,3,0.8026753396459746,1,0,152.66525942695054,books,29.041055697941758,0,none,1,RET-001550
3658.2868279033028,363,2,0.7400804013477961,0,1,89.44573213749587,books,28.15250559993675,0,none,1,RET-008274
3553.6657823634023,534,4,0.9150527498471013,1,1,376.7441832524984,beauty,76.30927825807419,1,wardrobing,1,RET-009931
1195.993012738342,590,1,0.8726306532499946,1,0,44.13397810037641,sports,6.03124299678658,0,none,0,RET-008297
7691.0509639246,50,1,0.6606105965979664,1,1,225.57993600475328,fashion,2.7427744424693543,0,none,0,RET-005174
535.1332880449611,193,0,0.5947351074169162,1,1,193.6437636597449,electronics,5.002484871093039,0,none,1,RET-003757
2657.4473946662997,409,1,0.9354002468578789,0,1,149.76662874256726,beauty,0.1812676397588281,0,none,1,RET-008531
711.8159800902642,38,2,0.6132610147537093,1,1,37.71950061728005,home,32.707280242474106,0,none,1,RET-002830
227.73928946406502,748,3,0.5681737188314245,0,0,75.98207299347142,sports,20.213630752067957,0,none,0,RET-003892
1262.6080196609012,274,2,0.7643293275310087,0,0,185.23252395664446,home,1.8830766078729364,0,none,0,RET-003756
3128.9028670321004,716,1,0.6311884250245025,2,0,243.4452852367336,beauty,0.9553443133695819,0,none,1,RET-000495
722.5913695968163,430,2,0.6983556789333424,0,1,61.54573906731885,books,8.456366707342495,0,none,1,RET-004632
667.9105185411129,164,0,0.9373605033424851,0,0,187.78533112817036,sports,15.86572598669352,0,none,1,RET-005282
2714.939665365617,382,2,0.8876207991693638,2,1,249.13946346545956,fashion,0.3919265056153358,0,none,1,RET-006503
1689.2877219278955,96,5,0.881460682151856,1,0,71.87241094878036,electronics,24.176219114719057,1,empty_box,1,RET-009275
5019.283934538499,57,1,0.6335792583943144,0,0,130.7877195543567,electronics,41.41293551440174,0,none,1,RET-005969
1347.4460516999388,321,3,0.691819506840685,1,1,194.3100831159587,home,9.162765576257675,0,none,1,RET-000406
1070.912646183209,1081,3,0.7278798272825353,1,0,293.9018515628705,sports,4.592724391695549,0,none,1,RET-009016
648.9958838928272,650,1,0.5761247909324528,0,1,334.3823469347099,books,22.06944805103209,0,none,0,RET-001758
2025.6001152527394,221,4,0.826775382249941,1,1,269.85491272590303,sports,80.99084670526295,0,none,0,RET-007807
2068.8734171606848,187,2,0.72182667939302,1,1,190.36730644644442,beauty,10.668598968364007,0,none,1,RET-007106
1077.7587286152243,162,4,0.6685779445907568,2,1,7.086057158498613,fashion,10.698585368724276,1,empty_box,1,RET-009853
3335.614413070387,672,6,0.5857411713105531,0,1,124.30484836583533,books,31.596535631220156,0,none,1,RET-001789
5302.583632928846,1083,1,0.6964371851770252,1,1,357.52918598686796,electronics,5.1662069921498786,0,none,0,RET-005962
1486.454686951647,241,4,0.5652594366718944,0,1,48.545866139384096,electronics,23.643910732230353,0,none,1,RET-004019
2300.6647524472646,60,3,0.897328298441703,1,1,209.6395921602174,electronics,2.1739254110674002,0,none,1,RET-001548
5347.512113591094,51,3,0.9110089371494619,0,0,143.141788085827,sports,5.225733195128663,0,none,1,RET-003546
2100.9072176498585,561,0,0.76789943479923,1,0,203.24302360489256,beauty,21.557760855715692,0,none,1,RET-002207
2891.521833512752,496,2,0.9236587538372377,1,0,119.47611903511206,sports,14.598041706932738,0,none,1,RET-006405
3363.2716154839522,71,1,0.8911635906159272,0,1,190.70684486837595,sports,63.185412430469874,0,none,1,RET-000798
2149.937935293317,791,3,0.6806296191273471,1,1,146.41034244979713,fashion,3.42947231150132,0,none,1,RET-005811
1584.9325105054388,114,1,0.6796665482632438,1,1,242.5383523093267,books,43.35913763875177,0,none,0,RET-003221
3854.7891461284125,365,2,0.7202188676679885,1,0,95.23604211504448,beauty,3.2181077862430665,0,none,1,RET-002838
870.0315334543443,730,3,0.8600388903398575,2,1,123.80864711718405,books,1.8987742658209297,0,none,0,RET-006455
771.0635973250295,84,2,0.6718614995461858,1,1,83.14830793734205,books,24.408724055448115,0,none,1,RET-005008
3540.8880170814023,897,2,0.6646005737606506,0,1,143.69975276516317,home,10.31495250648389,0,none,0,RET-007934
803.963791119811,417,1,0.9304221400043337,1,0,223.63511862153342,electronics,5.671315153525798,0,none,1,RET-000276
480.97595426890047,44,3,0.9612031301224702,0,0,27.405487393149176,home,20.91902914574067,1,wardrobing,1,RET-009386
751.2472023300098,1612,1,0.3689546976184763,1,1,273.5140468213777,electronics,4.240217362811075,0,none,1,RET-005756
648.9456855671607,575,0,0.950859835005857,0,0,129.2988983262367,fashion,34.61074694059312,0,none,1,RET-000702
10075.895554797573,612,0,0.5041822377315671,1,1,67.13908584233246,beauty,1.8998105898977,0,none,0,RET-006968
800.4414341444368,771,2,0.8253829836171905,1,1,270.3088315852429,beauty,32.79957280306699,0,none,1,RET-005499
4432.137483587646,1286,3,0.8271733190230446,1,1,119.15102047424972,sports,11.5289532676903,0,none,1,RET-007350
1219.1446217158377,278,2,0.6742336902056598,0,0,96.97149293449777,fashion,27.81400327861388,0,none,0,RET-002434
1377.7615336169908,657,1,0.9067748458208925,2,1,31.842553727243324,sports,9.591056178263315,0,none,0,RET-002980
456.8918159228796,2165,1,0.7519915145443192,3,0,145.61648284542008,electronics,26.986021827074385,0,none,0,RET-008507
1283.4651561177575,267,0,0.9148511603190678,0,1,120.08468474018692,fashion,4.939849581846459,0,none,1,RET-005422
1453.980945877543,119,0,0.964152923907246,3,1,179.0718656245905,books,7.317368822554371,0,none,1,RET-007577
2320.2399306159978,103,1,0.5114157073340805,3,1,14.735554047086682,electronics,50.09664453038352,1,empty_box,0,RET-009670
939.9458670845305,306,1,0.6896424174344807,1,0,84.92213727259525,home,53.45193538714153,0,none,1,RET-002846
3855.279484337131,390,1,0.8710995113209062,2,0,220.68211652860245,beauty,16.07348740730686,0,none,0,RET-005217
283.2667227381896,80,3,0.828747181075311,1,0,73.57433835743275,fashion,5.470557827247385,0,none,1,RET-008956
4561.1924347341655,817,2,0.6712175732179952,0,0,118.61404706409586,sports,9.145841695937907,0,none,1,RET-008764
722.0276419309253,367,4,0.8804879837717178,0,1,95.4261261363561,beauty,17.654123111703896,0,none,0,RET-005291
1792.4289739317242,1158,6,0.7602861253608588,0,0,70.50653904926804,sports,1.2589467761301325,0,none,1,RET-005259
437.9692119321867,128,3,0.8574900031572401,0,0,72.81751590967023,electronics,18.226233040424745,0,none,1,RET-003902
634.6604843794828,244,0,0.6183939685325872,0,0,168.84221671387957,sports,34.84221532172985,0,none,0,RET-006136
1688.0307436640046,411,3,0.9459343369337002,0,1,137.99048164678624,electronics,3.9947008043102343,0,none,1,RET-005555
1175.0994919391726,93,2,0.8264029169642244,0,1,25.2696842027924,sports,20.66567408214283,0,none,0,RET-006973
4103.815921073548,11,1,0.5852044624364339,0,0,169.4032114866228,books,26.39941091284374,0,none,1,RET-005457
3322.322004069816,266,3,0.9877822104281996,1,1,263.3196103841458,sports,4.328031482902891,0,none,1,RET-006490
2820.1431114736333,22,0,0.8812974911710838,2,1,17.827801836137628,electronics,6.5762351052846615,0,none,1,RET-001038
242.89491419598812,1740,1,0.7450578168519603,1,0,142.33176771962067,fashion,10.829400145584895,0,none,1,RET-003361
2372.9286701549163,140,2,0.7739970413988385,0,1,173.81983784734686,electronics,6.768068930929704,0,none,0,RET-004454
867.078672774913,989,0,0.8697393420858156,0,1,230.9920193988126,home,2.0494506320326287,0,none,1,RET-005382
617.0328641811757,135,1,0.9099680807047675,3,1,56.55497011609061,fashion,17.171113468965157,0,none,1,RET-006653
4713.426355828731,46,0,0.9528832668093634,1,0,67.00090403306277,fashion,23.41136645250949,0,none,1,RET-006139
2669.0268911952858,127,2,0.7387637249529457,1,0,33.30983788056848,beauty,1.2943026849385442,0,none,0,RET-002035
822.0402753168731,167,1,0.899090533483611,1,1,442.66744196819036,beauty,11.50779788256585,0,none,1,RET-004492
1586.3778784792678,20,0,0.9382643646546315,2,1,201.70720920576088,books,11.459925246660264,0,none,1,RET-004865
3034.7646865203296,571,0,0.7797027730680852,2,0,211.2927640542687,beauty,1.7597472552158377,0,none,1,RET-005375
969.307747783043,99,1,0.8510678569694201,0,0,41.50233793167506,sports,7.7544173665191005,0,none,0,RET-001727
1298.7894310886559,247,3,0.4110839983447085,0,1,39.75514936069496,home,87.3681858170369,1,wardrobing,0,RET-009330
1609.840867052645,108,4,0.9348566957001871,2,0,48.93242886659506,sports,12.985848620513256,0,none,1,RET-008229
1005.7342550388614,831,3,0.8205644070407463,0,0,366.54011655443276,electronics,5.009654688594225,0,none,0,RET-006118
4315.094831898022,1342,2,0.855860441786175,0,1,36.796454310053896,sports,11.081787078998989,0,none,0,RET-008266
647.6659266569305,1049,2,0.8995710255825582,1,1,61.03151389423771,electronics,1.4325401310971382,0,none,1,RET-008198
1536.1705947569303,380,2,0.668987329293633,2,0,108.22370032825583,fashion,1.4607289609880911,0,none,1,RET-003626
1508.2182299092285,148,1,0.7449864974719006,0,1,477.89272577460935,beauty,14.164051961904418,0,none,1,RET-001275
1389.9337542950723,309,1,0.885601385398952,0,1,140.40637427618512,electronics,76.46467089431238,0,none,1,RET-004238
1437.8771465337295,493,1,0.7847793767525395,0,0,122.81492531816241,electronics,3.756838770641681,0,none,1,RET-006888
3339.517580592207,512,2,0.5667923286094965,0,0,70.55515244686617,home,30.657450862027275,0,none,1,RET-003214
531.8718427681192,916,3,0.7377558558902426,2,0,122.65791982383554,fashion,36.680998720879415,0,none,1,RET-002690
6619.5835593460315,676,2,0.8957571489793044,2,1,101.76610135481154,beauty,3.148986148997299,0,none,1,RET-006766
675.2819271380937,135,0,0.6310280018319501,1,1,222.18056436881434,sports,7.819697502953233,0,none,1,RET-003886
1902.2850072453448,330,5,0.7322838144001691,1,0,205.05675634337575,electronics,9.010983309315618,0,none,1,RET-000136
2190.0965642382052,388,1,0.7267546571431175,1,0,147.43640233869579,fashion,17.09263768801013,0,none,1,RET-006579
1286.239027742438,455,3,0.8463853307204571,1,1,135.9869374522454,books,40.97505119402695,0,none,1,RET-007009
817.1779794498647,574,1,0.9301908521046691,0,1,123.89147055594769,fashion,6.540850922117201,0,none,1,RET-003550
1928.0142182263662,198,4,0.8570568804045423,1,0,91.7155941670143,fashion,6.862324397959332,0,none,0,RET-004597
1787.1164795419759,306,2,0.7256597986454272,1,1,127.9881760001361,fashion,2.581251683751342,0,none,1,RET-000588
1769.520339306758,318,1,0.8945466266822573,1,0,63.75904031762942,electronics,7.830735650408841,0,none,1,RET-000480
1207.5073400048,536,3,0.8609519373992042,0,0,289.9745063345458,electronics,31.586117441726667,0,none,1,RET-001162
2131.3662310462432,284,3,0.8055317815485346,0,1,265.6964873735863,sports,33.16608082740092,1,empty_box,1,RET-009249
609.3928756053559,83,0,0.8900146350941615,0,0,42.50698627327223,beauty,3.331709976252618,0,none,0,RET-005830
544.0142781886681,425,2,0.9624432828858538,2,0,369.80702929292636,home,6.768660594826959,0,none,1,RET-006296
2339.0200675955025,134,4,0.8002163122904761,0,1,178.98839216133956,fashion,9.936856417541826,0,none,0,RET-003031
1079.2290072007193,1,2,0.8951817495746947,1,1,269.3087470021803,beauty,6.7548925926149685,0,none,1,RET-005976
815.9077644794498,981,1,0.6254097473801369,0,0,191.9620567196799,fashion,19.435472817627808,0,none,1,RET-002247
2539.640079531478,1166,1,0.9000591637633706,0,0,152.37605141937706,sports,11.384214037045654,0,none,0,RET-008323
391.8174584871316,206,3,0.935730191142256,0,0,161.23706914425867,sports,13.883907454957257,0,none,1,RET-003222
8923.607216276027,131,2,0.8175094774248929,2,1,269.61381956585205,home,20.79973515170022,0,none,1,RET-008331
2374.934312602514,498,3,0.7492415533826591,1,1,142.06309298195345,beauty,29.532272715006318,0,none,1,RET-000347
1204.6966131104095,246,3,0.8333608033789003,1,0,155.7194143429481,electronics,54.76347416312347,0,none,0,RET-002797
1292.7486854116958,458,2,0.8143219615707373,0,1,17.560826985394524,books,13.468424162233678,0,none,0,RET-004511
2298.939007566104,289,1,0.8423822465187731,3,0,226.79822718136907,sports,5.162864029747696,0,none,1,RET-003300
433.17076762686094,181,2,0.7880126758337904,0,0,268.40423518227243,beauty,8.10393742938777,0,none,1,RET-004842
3582.2392486998806,55,1,0.8987370976700781,1,1,206.51894370020213,sports,0.6167047266777008,0,none,1,RET-000976
2583.924652224153,190,5,0.9365354845388232,1,0,25.726557182925063,sports,14.29619406137717,0,none,0,RET-007386
13248.01894282008,66,0,0.6800854897688151,0,0,46.5746949131495,electronics,24.1729849171415,0,none,1,RET-003847
1313.073678327811,361,2,0.6517096055978322,0,1,99.55423116984161,home,23.852641805420845,1,empty_box,0,RET-009418
270.7213417858007,30,3,0.8568170641972273,1,0,38.36654251677314,books,0.4894638259912086,0,none,1,RET-007352
775.7002333128617,172,0,0.7708287570566387,4,1,56.5895470103738,fashion,36.390476108914804,1,substitution,1,RET-009260
4237.9981283999305,80,0,0.9912283333996678,0,1,83.92721407157909,home,0.644275769568668,0,none,1,RET-000993
505.8599573765594,974,4,0.7795621887618586,2,0,172.4466383157533,books,18.677405672809623,0,none,1,RET-000866
2545.2594624573962,582,3,0.8951070699181032,1,1,199.28785397630074,electronics,2.5819860606611087,0,none,1,RET-002158
449.82471328754133,335,2,0.8297834987605343,0,1,186.92589278449927,beauty,24.880069272664564,0,none,1,RET-008819
1266.5045868437865,347,3,0.8296397588436708,0,0,60.28587608197389,beauty,19.419861348447714,0,none,1,RET-002263
1758.5451096894594,295,1,0.6686432762466612,0,1,90.50174849630267,electronics,0.2867515822604535,0,none,1,RET-001954
1303.5225247307549,574,4,0.9916587609917782,2,1,85.14624507536897,books,13.36392745198862,0,none,1,RET-008915
915.7048136215873,429,3,0.9026758327597462,0,1,115.21904383482035,beauty,2.0740124883999425,0,none,1,RET-007022
1216.083587628465,1,2,0.41591812769911324,0,0,115.52708230201294,home,7.956786779929079,0,none,0,RET-000691
1849.4921218567927,374,2,0.8554097505330721,0,1,249.79252695155782,books,85.0469428043108,0,none,1,RET-002808
4505.916290166305,368,2,0.5761722441161966,1,0,97.4882199134533,fashion,16.890942767739244,0,none,1,RET-007258
2073.121335272022,728,2,0.8611891363453611,3,1,368.29744117098164,home,3.7092389413881324,0,none,1,RET-007139
200.0,644,0,0.7716281395991472,1,1,129.879530623205,books,8.3495446435172,0,none,1,RET-009117
1046.2138688714726,161,1,0.893400572932226,0,0,55.21653616879178,books,10.013252748871627,0,none,1,RET-007383
474.6560064653395,274,2,0.9310989093089457,1,0,86.19401562891107,sports,4.294307163676111,0,none,1,RET-003927
1853.4562241807753,73,2,0.6165752981268621,0,1,323.75421853792517,sports,19.620456981104123,0,none,1,RET-008732
2104.239261454478,279,5,0.8309268868908279,2,0,34.226711039982604,beauty,20.743003513634452,0,none,0,RET-000386
200.0,518,1,0.8585661917506268,2,1,265.1601755424598,fashion,3.5420798711027963,0,none,1,RET-001381
1200.9438091446195,140,2,0.7905455643535279,0,1,107.53183619995457,beauty,41.35160258410873,0,none,0,RET-004296
587.7675275768754,380,2,0.7333800760807345,0,1,96.47221257143227,fashion,11.910798638448343,0,none,1,RET-005535
9514.990996674314,184,0,0.8477276310382365,1,1,26.305631577361037,sports,40.10830502311183,0,none,0,RET-001446
1064.5213039461755,1202,3,0.9703849628787258,0,0,195.90744316311907,fashion,9.250036131900307,0,none,1,RET-001246
1410.8197561830111,22,1,0.720901681289489,1,1,187.02443702180426,home,3.96791320240225,0,none,1,RET-003517
1652.0788833852168,176,4,0.537495095820961,0,1,54.228940432595095,home,48.30783863822726,0,none,1,RET-007158
516.955249518067,861,1,0.7826089973772307,2,1,130.4337534342952,home,7.585940173883646,0,none,1,RET-004923
469.190310449282,520,3,0.8985048605578736,1,0,82.19346248575579,beauty,17.731491251475774,0,none,1,RET-005088
2033.726862771926,48,2,0.8662005337458847,0,0,81.8039138835862,sports,0.3983899559168056,0,none,1,RET-003758
1009.7601035520513,464,1,0.8729210888384337,0,1,98.8889500152205,electronics,11.273052118135121,0,none,1,RET-005070
548.3304398003555,278,2,0.9023480182122693,0,1,93.6940614485178,electronics,18.116596928104407,0,none,1,RET-005257
1620.8345184248383,717,5,0.9372507478422051,1,1,99.20434246717248,books,0.4420837596316389,0,none,1,RET-003561
949.3895932531955,525,2,0.7026297599179474,2,0,86.47901942999685,beauty,2.547879470514802,0,none,1,RET-005670
3965.947642608449,687,4,0.6899074897391161,1,1,77.80307797373149,fashion,5.969073364651134,0,none,1,RET-002499
695.382252021684,125,3,0.9438897115396253,3,1,187.9095215867809,electronics,17.282897412756675,0,none,1,RET-002736
1022.7990758443752,781,1,0.7012005712211353,1,1,143.99833365461376,books,16.66382368113033,0,none,0,RET-001815
2683.5225642049572,521,3,0.7225116035135175,0,1,144.80603678844412,fashion,4.197611028618747,0,none,1,RET-006276
745.5508923640494,854,0,0.949161499520772,0,1,199.62077203509767,fashion,18.09759361899261,0,none,1,RET-007294
1601.028527324902,5,2,0.7279140923684424,1,0,181.43974680745603,electronics,23.928211525210152,0,none,1,RET-002130
5129.952786932079,448,2,0.8578877124999753,0,0,255.73056992715863,home,10.879801360511598,0,none,0,RET-005885
4166.401425714414,131,1,0.8575782088729372,3,1,185.1659396473619,home,18.125619512293557,0,none,1,RET-001933
334.69164652439633,496,1,0.9063254627551318,0,1,115.48669974596002,beauty,11.467407336654535,0,none,1,RET-005735
2319.9736288316153,1159,2,0.5546059240995629,1,0,225.0512791565397,electronics,13.40715742946198,0,none,1,RET-008192
1147.6077327691346,915,2,0.7927887485745401,1,1,209.34393634649132,fashion,37.07591180802291,0,none,1,RET-006539
1899.1510840510434,526,1,0.8635097967668935,0,0,157.39520604150607,home,2.803776815417634,0,none,1,RET-000815
6235.883935212492,879,2,0.6925708102231035,1,0,213.08184333236042,sports,5.400591740448658,0,none,1,RET-000746
4315.179122838735,329,1,0.5648631919552444,0,0,100.79471837161498,fashion,17.79607652372618,0,none,1,RET-008103
366.9994163895553,289,0,0.5464225701388155,0,1,140.0695127561852,books,8.401790388498602,0,none,0,RET-008157
1023.7001859137685,100,4,0.5919739734215617,1,1,223.15703803378915,books,34.560976849623906,0,none,1,RET-002470
3519.0176794017875,332,2,0.8195963644035097,2,0,139.03825568824567,electronics,37.87157141078475,0,none,1,RET-006995
1423.3329969660417,419,1,0.7522637014855046,1,0,150.99393080838627,electronics,49.95910064663507,0,none,0,RET-008104
1637.5101355592908,1972,1,0.8939763234939408,1,1,57.21645250946641,home,23.633052561385412,0,none,1,RET-002857
3730.32122743441,411,2,0.933045509937823,1,1,73.93696979590926,fashion,6.217318135423643,0,none,1,RET-000338
1091.8773042147088,239,1,0.849938346119924,0,0,305.1891454083353,fashion,4.169855588608957,0,none,1,RET-004385
4876.0925631377695,550,4,0.9641525316324,1,1,80.79288088401026,home,45.152413258934004,0,none,0,RET-002559
1976.8904659739344,1001,3,0.8388742792915082,3,1,77.93191709539646,electronics,3.0676853738408836,0,none,1,RET-004010
628.2711611971395,312,1,0.8750270496000088,2,0,90.08229771198938,books,2.3095861892080327,0,none,0,RET-009025
1008.5361667113739,259,4,0.8713967780327407,0,1,84.44078387394065,fashion,3.5097600937274156,0,none,1,RET-007891
1746.470298836809,537,5,0.9050073305129628,0,1,124.30364831410785,electronics,3.855830916121018,0,none,1,RET-007424
950.4997291099969,245,1,0.8439630447380048,1,0,53.40298845113398,electronics,18.217879748568038,0,none,1,RET-005978
601.7374326023134,235,1,0.9191867378619628,0,1,196.58070427266395,fashion,3.6239438087861515,0,none,1,RET-003829
2636.821696028874,64,0,0.47228280356810953,2,0,91.19497417108333,beauty,7.495483584094798,0,none,1,RET-006399
527.7020589135955,120,2,0.7136273515207451,0,1,123.62761883225761,home,4.875021975834872,0,none,1,RET-006091
9121.535734050098,121,5,0.8127107767772958,1,0,120.70303608192543,beauty,7.298523386756867,0,none,1,RET-002570
1364.0471668809562,949,5,0.8481165312798988,1,1,172.58791370968046,fashion,1.0700238952389667,0,none,1,RET-007576
2472.6781433057618,967,2,0.9254618795705406,1,0,265.14096756467126,electronics,33.12827047579966,0,none,1,RET-008695
589.5198503755996,151,1,0.860876643198529,0,0,81.36314258954633,sports,58.00930351416392,0,none,1,RET-000936
694.8485141201437,188,1,0.8543876252256052,0,1,52.80167201662718,electronics,3.172151176733439,0,none,1,RET-005505
975.4917131890427,294,1,0.6724099046912452,0,1,138.58508366393337,sports,1.723087022867644,0,none,1,RET-000683
2851.379120341974,491,1,0.9232766583214608,1,0,152.70952901323452,beauty,8.642811916271075,0,none,1,RET-002998
506.5966037728171,1191,2,0.8017363818298261,0,0,98.64686217139165,fashion,17.71596689112782,0,none,1,RET-001974
2876.986980109333,1454,2,0.875079711705018,2,1,413.84706275892864,books,26.095962180936812,0,none,0,RET-006048
1518.815660152784,110,1,0.7612826113112364,1,0,42.75828873264836,beauty,4.509401741146925,0,none,1,RET-000621
575.9376320982207,211,0,0.688137789905736,0,0,182.96449190238093,sports,2.4053083513096487,0,none,1,RET-001310
246.51838902358958,502,2,0.7585499106246535,1,0,251.59923707300055,electronics,13.298408227737031,0,none,0,RET-004733
544.9815950036822,1391,2,0.8312199917625238,0,1,165.8823272002829,electronics,3.8038651916045683,0,none,1,RET-001694
372.3061837738509,463,1,0.8617149351850095,1,0,189.5580854661733,fashion,22.807323862436437,0,none,0,RET-003077
639.4206495283029,52,2,0.9344603155936768,1,1,112.6418273243465,home,32.067204991029485,0,none,0,RET-005047
928.0222553483571,237,3,0.8941558808314344,0,0,223.2614752415914,electronics,12.548669816727921,0,none,1,RET-001716
2572.2773927413195,301,2,0.9426059354753159,1,1,162.58476810833216,home,7.615306446546727,1,wardrobing,1,RET-009603
559.8101525364644,357,2,0.8799605029903718,1,0,57.019258136434736,electronics,4.014780567858292,0,none,1,RET-003890
1603.1693072653532,339,1,0.8371756506289442,1,1,60.77041074855556,fashion,37.43251937034721,0,none,1,RET-008093
1903.9310503134127,432,4,0.6723636374374744,0,0,78.786188886185,beauty,3.504306447838721,0,none,1,RET-008303
760.0543369946155,536,1,0.6679114364363288,0,1,150.6674927770125,books,22.448552754419843,0,none,0,RET-002590
5091.085959705431,523,5,0.8815415446148019,0,1,79.52909612968476,home,31.638638311885614,0,none,1,RET-007174
922.527568339593,195,3,0.5232434670993036,0,0,97.63601840102753,beauty,19.493846200644484,0,none,1,RET-000346
1593.9873591620053,791,2,0.5897812253091197,1,1,253.59424629023533,books,0.009398913095226528,0,none,1,RET-009130
1433.2875788518822,650,5,0.7294027609635898,2,1,85.90078493120419,beauty,3.5216366203244025,0,none,1,RET-003409
3865.258435115802,50,3,0.8837892413820249,2,1,57.71561041595196,electronics,6.708550985408217,0,none,1,RET-003936
8042.569205502151,154,4,0.9421832977980462,3,0,168.5096876171528,books,89.49137812083352,0,none,1,RET-005176
2763.7086391636476,495,1,0.8344022821477219,0,0,163.44572547871815,sports,15.1461843980746,0,none,0,RET-008910
9530.421926198316,74,0,0.974300881173274,2,0,179.8644911849377,electronics,36.22850079550612,0,none,1,RET-006909
357.82554542116105,593,4,0.9269734862069205,1,0,139.9009799621924,sports,1.4220177316707954,0,none,1,RET-003598
1230.720817997368,236,4,0.8634562996849122,1,1,52.7946495604083,fashion,3.9058792906388544,0,none,1,RET-006881
945.067921294644,245,4,0.8537154669435469,2,1,108.37943864183117,books,24.47348937237476,0,none,1,RET-006942
1747.9526680797626,196,1,0.8417591784751827,0,1,158.76466079596477,beauty,48.54566694011814,0,none,1,RET-003071
1203.0708306027364,318,4,0.21212979135584906,1,1,224.1674352003886,electronics,3.9273593798728963,0,none,1,RET-002115
2314.2458979308453,327,2,0.6470910170851141,2,1,61.515658594671585,electronics,4.7740635080112455,0,none,1,RET-000707
2867.68450026787,132,5,0.7458727081403547,0,1,7.886437183526038,home,2.8703456393136695,1,wardrobing,1,RET-009327
502.8654137555429,408,2,0.8996708320790204,1,1,53.42907542926578,beauty,2.965428956294887,0,none,1,RET-008877
2729.4172869205136,294,5,0.6713692692907068,0,1,351.36750456530035,home,3.6066096042963816,0,none,1,RET-007207
2342.516751765707,327,4,0.86307458393289,2,0,104.92568080264432,fashion,2.715819712446004,0,none,1,RET-008256
928.1388059398764,109,1,0.9018504921969664,1,1,93.34527956298052,beauty,41.503445537443916,0,none,0,RET-004714
1096.812955390182,27,0,0.5121257425007955,0,0,417.2203947648897,books,13.698284059793918,0,none,0,RET-003733
1303.6637213454223,471,0,0.7562221702983613,0,1,167.13882900308042,electronics,22.484847724067002,0,none,0,RET-008101
357.40920681436296,72,3,0.5586619089994636,0,1,130.63622141447001,sports,6.27376749514087,0,none,1,RET-001952
3002.949318757331,409,3,0.7717427898121835,0,1,325.6731994737827,books,35.49580201004958,0,none,1,RET-005218
2253.075133293956,1695,5,0.8485145582195697,1,0,183.50323643026493,books,11.545291045624877,0,none,1,RET-008219
1424.8564994101848,103,4,0.9356847763285319,0,1,131.7835941823572,books,19.728689580334716,0,none,0,RET-006476
664.6751641528416,228,4,0.8647060940780001,2,1,290.89236875990514,electronics,20.609434493660277,1,wardrobing,0,RET-009490
254.27722862257826,284,2,0.6199064277052758,0,1,143.25128499380605,sports,6.304667983209425,0,none,0,RET-007646
1852.1887333603065,99,0,0.7426267968649887,1,0,54.896199227850815,electronics,62.387210337888796,1,wardrobing,1,RET-009558
1198.3959389211568,177,3,0.7927184065931625,0,1,99.30894398653223,fashion,18.826040877527046,0,none,0,RET-005387
846.4538243788277,96,4,0.7633621584061527,0,0,56.34281140483927,home,0.9529899129003806,0,none,1,RET-001669
560.9812555325396,213,0,0.6799682443069235,3,0,226.01133979730537,books,9.796821005195149,0,none,0,RET-005567
689.6378096983505,424,2,0.8053007259502949,0,0,451.1458071938525,sports,28.95242756977501,0,none,0,RET-001040
1279.2127464728753,335,4,0.623102252291962,1,0,182.16950029139096,electronics,13.790757621806517,0,none,1,RET-001397
711.4756675664178,434,2,0.6998472474870506,0,1,84.06408825707243,electronics,14.003402989282087,0,none,0,RET-001389
2345.556263772493,198,3,0.9470543192352174,1,1,170.76412485017684,fashion,1.364037286410304,0,none,1,RET-004705
2733.7222848895995,41,2,0.9211683485786856,0,1,126.1576303681398,books,17.884186908032078,0,none,1,RET-006949
1160.4086610472089,684,2,0.8729406859268625,0,0,95.93494187172762,electronics,5.184055648197657,0,none,1,RET-003941
2192.600768740142,1379,1,0.7491206147463323,0,0,218.87194804789303,fashion,4.236420877169591,0,none,1,RET-006127
1577.000424959954,902,0,0.9653789338572866,1,1,313.5407550896295,fashion,4.652298046428733,0,none,0,RET-007365
2493.390009493712,367,0,0.7953212623653181,2,0,110.28665406942343,sports,1.5702535302272476,0,none,0,RET-001407
368.31834420264886,212,0,0.8608159420656093,1,0,84.93066019932853,fashion,11.544786357355616,0,none,0,RET-004519
6239.3429586938955,627,2,0.9184267989456605,2,1,95.47671970728186,sports,1.1473120664994343,0,none,1,RET-001663
2923.3657093041134,189,2,0.8938006254443349,1,1,33.88419167694205,home,10.300765055280685,0,none,0,RET-008435
1663.8286288138788,35,0,0.7820126051529164,0,1,348.0933125626602,books,21.711545264938955,0,none,1,RET-008461
1651.240043939714,90,2,0.8075070012066848,2,0,93.00075125363665,books,0.06640447784599862,0,none,1,RET-003418
861.2697224911597,61,3,0.6866041456946675,1,0,135.47254204023344,books,6.098934890726316,0,none,1,RET-005068
4897.91741763369,435,4,0.8142232804225938,0,1,265.92651707094547,sports,0.8797170329585781,0,none,0,RET-004928
1234.9623999526868,212,1,0.8722389902447598,0,1,200.3775106373641,home,5.2021881880317,0,none,1,RET-007839
826.8436428812352,355,4,0.9160200507640843,1,0,208.40661442904835,fashion,21.848968610522974,0,none,1,RET-005788
1407.8269901090393,193,0,0.8042673388638303,3,0,138.2669606254192,home,34.72253538004144,0,none,0,RET-003227
926.8847187613686,682,1,0.9208134174491515,2,0,62.7080434668541,beauty,16.794982131838477,0,none,1,RET-008716
1335.4093317977843,760,0,0.8591921383489475,0,0,49.71383845556508,beauty,2.378498201478748,0,none,1,RET-006820
647.5548981916792,415,3,0.9916717875650434,1,1,132.96254867253077,beauty,35.32236150397816,0,none,1,RET-006898
4204.910933451009,190,4,0.7214348497118019,3,1,104.5553775227076,books,8.394807168865864,0,none,1,RET-006108
1063.703576702591,106,0,0.7018216937293772,2,1,105.12414093158324,electronics,29.46246094770637,0,none,1,RET-005815
4994.461602238272,370,2,0.7485325548494033,2,0,290.3644445822833,sports,15.299620248725232,0,none,1,RET-006799
403.85136154012406,161,1,0.9343550867194869,0,1,609.2729094580997,fashion,21.900991058669877,1,empty_box,0,RET-009928
671.2208916260303,85,4,0.8789272250216177,1,1,189.59072986270195,fashion,34.307643252972696,0,none,1,RET-001119
539.7472718552956,545,4,0.7016250208983199,2,0,269.81699122185336,sports,11.30217045571066,0,none,1,RET-005605
948.6561772594671,110,1,0.9090345956502485,1,1,247.19770302228235,home,4.403784121678691,0,none,1,RET-000767
2258.4069261086397,241,2,0.8759607542987937,1,1,159.797220061936,electronics,1.0551671539123897,0,none,1,RET-005914
1869.392530877325,79,2,0.807028132107262,0,1,96.22322987369243,books,1.2225875259106893,0,none,1,RET-005364
614.9359509144657,90,2,0.48339821709082686,1,1,197.9120974016523,beauty,16.192166332127513,0,none,1,RET-007914
2715.367075836313,133,4,0.9495701552219081,1,1,132.43901711068014,books,1.5601881097413117,0,none,1,RET-003106
830.157069060649,406,0,0.9225246772146346,2,1,83.77904023943543,sports,7.222033837005625,0,none,1,RET-009027
1902.9719399071096,333,3,0.8274461909831986,0,0,31.53339980626687,fashion,16.895737864770712,0,none,1,RET-005915
855.3531341921189,218,2,0.8183172277534635,0,0,85.88101348325318,sports,12.021427164886067,0,none,1,RET-004402
4747.393837813086,649,3,0.6846256421733821,1,1,88.26104019027025,fashion,28.758669221808006,0,none,0,RET-008382
826.3357782326252,30,4,0.82143645909535,1,0,110.39280483451068,fashion,44.23201542062583,1,substitution,1,RET-009491
3431.4224430801446,161,2,0.9293297889011386,0,1,121.63624272367434,books,13.423786830312688,0,none,1,RET-009063
4865.829396138164,463,4,0.5408381376355326,1,1,71.12747162526311,fashion,1.9383830254754268,0,none,1,RET-006572
739.811774412339,335,1,0.7915434658718525,0,1,86.12148431283086,fashion,30.4197103916496,0,none,1,RET-000921
1352.3075429118612,570,1,0.8450942713660855,1,0,135.1169677138378,books,15.788902621417648,0,none,0,RET-004015
1463.4219832729034,292,5,0.7179751895634313,0,0,69.40934568505531,beauty,12.370844578812887,0,none,1,RET-004802
718.5048407088066,435,0,0.5779865089371555,1,1,49.660757031259486,sports,53.584694880168676,0,none,1,RET-003052
5914.3861992545035,110,1,0.6787792525578397,1,1,323.7556615122011,sports,19.162922840381796,0,none,0,RET-004932
420.72415282853444,395,1,0.691696637039372,1,1,220.9509040533347,books,8.123542879906198,0,none,1,RET-001691
5062.281364050352,3,3,0.7298133622022338,1,1,86.07603127175896,sports,1.6784039144901177,0,none,1,RET-001270
528.0817427764272,3,0,0.8596269262928377,1,0,76.74585991142256,electronics,57.31477670667734,1,empty_box,1,RET-009280
2712.6863472595883,539,1,0.8646427987237361,2,1,71.12956241659282,home,7.987976531084874,0,none,1,RET-004594
5798.845426576345,90,1,0.6795612105258997,0,1,195.39773595702079,electronics,10.410796131834996,0,none,0,RET-002511
2306.1371816481465,501,1,0.9043918552512809,3,1,191.12163931320646,home,3.0585694789948636,0,none,1,RET-006197
1763.4995541190674,722,6,0.7826709072817333,1,1,94.34239681768273,home,4.206709707074668,0,none,1,RET-006090
1065.215722727927,768,7,0.8442665587680757,2,0,141.6539690661241,sports,5.311967653402034,0,none,1,RET-007876
563.6318985508937,126,1,0.7989715894634193,2,1,42.00924246272618,sports,62.46887465784436,0,none,1,RET-009090
2582.9426883230026,274,4,0.9286189048373105,1,1,117.6209427524091,electronics,5.001000085199778,0,none,1,RET-008681
1180.235574440516,144,2,0.7243308715860249,1,0,77.29914833530921,sports,28.023152362018045,0,none,1,RET-003367
1514.1421155705195,232,0,0.773613439471331,6,0,219.68480565244874,sports,6.291613612889087,0,none,0,RET-005672
5000.835923735711,87,1,0.9670364675986841,1,0,196.51827818438977,beauty,0.45589294335709624,0,none,1,RET-002506
738.2083561348066,100,3,0.6066594458716564,1,1,207.41903442562722,fashion,12.201833851256335,0,none,1,RET-007663
1187.674687211775,181,2,0.7169708836151177,1,0,217.3416589519098,electronics,15.39767256425171,0,none,1,RET-005227
1037.3704542813718,870,4,0.7589823113661958,2,0,99.92879575477538,sports,0.419711905948093,0,none,1,RET-007150
1692.7694115790673,236,3,0.9232952770193009,0,1,67.77269617552241,electronics,3.838063656524458,0,none,0,RET-006441
808.7441616910032,463,1,0.5995049318974202,0,1,197.1536550320848,fashion,18.531464141346177,0,none,1,RET-003884
2515.1268542820967,283,1,0.6938547360005094,1,1,140.55911693111193,beauty,12.013249305767738,0,none,0,RET-005622
331.3003968464053,388,4,0.7203886497390497,2,0,116.7418652002537,fashion,7.669638099637384,0,none,1,RET-001394
1077.9617779171972,192,3,0.4837231967201404,0,0,153.05504899421086,beauty,11.080765432751537,0,none,0,RET-007286
2423.549105350805,456,4,0.7541143668455123,1,1,311.18587719728856,beauty,1.6663330640613256,0,none,1,RET-002418
361.2360145442438,271,2,0.9379106284129866,1,0,100.57369066802089,books,15.327831044903771,0,none,1,RET-005398
2042.546520388567,149,2,0.9223620590710851,0,0,196.93258808120194,electronics,12.471527090701075,0,none,0,RET-003661
3452.459839476171,162,3,0.8738804593203309,2,1,118.19095703130928,fashion,5.444584057914402,0,none,1,RET-003195
3754.8238467442216,252,2,0.8680919584135607,1,1,238.2143261526085,beauty,7.233030479798156,0,none,1,RET-003201
2194.7809588002365,119,3,0.6572275831030678,0,1,228.522533782853,beauty,14.843840354842722,0,none,1,RET-002244
2266.3390266688284,471,3,0.7893462957703598,0,0,478.8134906423334,beauty,7.232973504319216,0,none,1,RET-007348
1086.6139821426127,243,3,0.8754764117312862,1,1,79.53536534298478,beauty,10.793141924094597,0,none,1,RET-005473
2675.000814963332,156,1,0.7562947028584894,0,0,59.60259322486667,home,10.141110090592463,0,none,1,RET-003009
398.3485426694034,699,4,0.9101969308691671,1,1,133.44444308025,books,2.0961950887048877,0,none,1,RET-008936
3958.0255210983496,91,1,0.7101730384673682,1,1,156.98433964101105,electronics,5.936201253333334,0,none,1,RET-002240
1972.460184315664,819,1,0.8818028474908898,1,0,315.0742497789097,home,1.5734363720255913,0,none,0,RET-002507
2573.057225215805,496,3,0.8552486374203184,0,1,85.91526698676267,beauty,7.097967339446637,0,none,0,RET-002670
2016.0945356870732,114,2,0.692520869134319,3,1,98.31638294640337,fashion,12.586802549434497,0,none,1,RET-005671
208.9351098100649,252,0,0.5679664461296324,1,1,85.18657669938511,electronics,49.88081501223349,1,wardrobing,0,RET-009504
1345.6937120836387,182,3,0.7827068345512017,2,0,88.5737673504437,home,21.912954480745782,0,none,1,RET-001646
2084.1345728732294,961,2,0.875042098126826,0,0,98.57402732740634,sports,2.1336318840951756,0,none,1,RET-004488
575.2569126720635,133,1,0.8886017741705933,1,0,327.89237043993916,home,12.028702302493189,0,none,1,RET-001499
3299.071413871707,408,2,0.8308829489477695,0,0,146.42706111797375,sports,17.519123201482873,0,none,1,RET-000740
1337.0184182508997,38,0,0.9416176625876989,1,1,137.39515282274985,sports,1.179420235979828,0,none,1,RET-003633
1768.1795510052314,193,0,0.6357706670145741,3,1,228.35999922651666,books,10.167016303582736,0,none,0,RET-004244
832.7484509327497,499,1,0.9064981552593897,1,0,112.66011466411577,fashion,53.61150934305739,0,none,0,RET-005530
2054.6540471298463,766,0,0.8390823859523473,0,0,224.6238409630617,home,44.92113821059155,0,none,0,RET-001022
1958.2103596320844,88,2,0.959563099889917,1,1,101.38496128010357,fashion,10.452241330713264,0,none,1,RET-008154
909.5904662116502,244,2,0.8480633885288483,1,1,52.76478037830553,fashion,35.666315743268186,0,none,0,RET-004115
1103.0565674261093,206,0,0.9774898061940507,2,1,133.30798319659573,beauty,2.5334154282223915,0,none,1,RET-007989
802.3377624296546,45,3,0.783131695523219,1,0,122.21376253107444,electronics,22.663799442257044,0,none,0,RET-005287
2416.017822955857,48,5,0.8361144031832022,0,1,186.88167246517202,sports,34.05288973421429,0,none,1,RET-005416
1712.845620185346,990,1,0.9573636336879711,3,1,54.678589488794074,books,2.126693784166904,0,none,1,RET-004390
1497.2706493990268,429,2,0.6900075325696209,1,1,21.75453436912448,sports,36.05078898187364,1,empty_box,1,RET-009502
272.2379338780033,296,2,0.7629249737317627,0,0,139.77640252336718,beauty,41.29964207326399,0,none,0,RET-000823
2001.607701643544,466,4,0.9171967160609739,0,1,124.67459376739127,books,2.204768621334713,0,none,1,RET-007809
1504.5459017588475,698,2,0.7899176869302446,0,0,207.07895574231853,fashion,16.216976390311835,0,none,1,RET-005703
1682.4280399032282,35,3,0.9461828016321745,0,0,233.4430950067776,fashion,23.328247449672148,0,none,1,RET-000177
4203.96101034908,108,3,0.7256833106960286,2,0,69.22102285236672,fashion,11.645676629451406,1,substitution,1,RET-009208
626.8392462586141,112,3,0.8768289217111941,4,0,74.5209865803283,sports,37.1549774965148,0,none,1,RET-009076
7396.342423596076,401,0,0.9348283524100479,0,0,200.50239690768797,sports,12.854500386853761,0,none,1,RET-002188
4174.551267321571,656,2,0.8276528195095858,0,1,82.7079628429516,books,3.2570725280206476,0,none,1,RET-005448
4430.31733826058,175,2,0.833676321659477,0,0,50.07942660262653,electronics,6.915566645606872,0,none,0,RET-009037
2965.9781035486576,160,2,0.7077392932076421,1,0,65.29771483054193,home,12.38191203850103,0,none,1,RET-004595
632.7456157455614,254,2,0.791457764080936,1,1,191.98245692922228,electronics,9.753903876103948,0,none,0,RET-000238
1664.8663659411145,79,2,0.7161763279068782,0,1,153.72003323965572,home,0.34344451707030377,0,none,1,RET-006867
4894.919203908934,34,0,0.8775626533652957,0,1,272.63893720552596,home,4.542062815091953,0,none,1,RET-000057
2735.198710819729,112,3,0.8754260005457383,0,0,133.26310410539097,fashion,14.371487769876964,0,none,0,RET-008445
257.45537831730667,255,1,0.8501109378935662,1,1,53.908936875945315,electronics,26.43748934506507,0,none,1,RET-002355
1495.0110924917853,325,3,0.7575810433440566,1,1,87.52963456572789,beauty,13.909273472686362,0,none,0,RET-005511
1066.6528610876246,277,3,0.8048457883517257,0,0,45.3120783213811,home,3.094998857719011,0,none,1,RET-001803
4396.5486308948675,493,2,0.7689794296139506,0,0,43.52178174396462,electronics,35.949064622625585,0,none,1,RET-008124
912.3278679077973,739,1,0.9141477760113017,1,1,172.9126937864419,beauty,5.31174386011016,0,none,0,RET-000435
1067.7288464533424,5,2,0.8415147657909392,1,1,264.62518316199936,beauty,8.725032243823293,0,none,1,RET-000892
1512.1205358822322,450,2,0.8590569307874286,0,0,275.34699160857485,sports,6.26789619994313,0,none,1,RET-001236
656.4138785817355,1232,3,0.89360395671276,0,1,113.88801835846616,fashion,1.3893820659726392,0,none,0,RET-006704
5095.870176494036,223,2,0.7629840839884209,1,1,119.79690007127533,books,11.714171532201702,0,none,0,RET-002981
804.9087745248362,12,3,0.6262316067980013,1,0,401.76582858974655,fashion,8.818192203498148,1,wardrobing,0,RET-009834
2078.4932475286955,216,1,0.9009388098713751,0,0,435.3641126280923,electronics,7.978643973746028,0,none,1,RET-004446
2527.1419385439594,311,0,0.6384648798897437,2,0,294.90277845025366,electronics,23.11656125002653,0,none,1,RET-002387
3172.3807762123083,141,1,0.7427095173247557,1,0,103.59242333504514,beauty,9.050248023784997,0,none,0,RET-009129
1075.8089613430166,155,4,0.7182070869944945,2,1,108.97538692714592,electronics,4.115133087233379,0,none,1,RET-006683
1295.2482516963687,5,2,0.6460378250338261,2,1,107.67199761930173,beauty,2.3382257656264245,0,none,1,RET-000679
10478.222001415246,1290,0,0.6533919495379577,1,1,216.5643582500158,books,4.807843936938999,0,none,0,RET-003905
673.1741465896018,191,2,0.9345453384109027,0,0,257.8218270373245,fashion,18.126739211819974,0,none,1,RET-001588
1250.4142513854079,745,4,0.8920333876213788,0,1,208.48233032217175,electronics,21.284936622999098,0,none,0,RET-007144
1028.21310385075,1175,0,0.4983005069824621,1,0,264.7097902206697,electronics,9.081082164092118,0,none,1,RET-001589
325.8519044593784,1104,4,0.6759279822143756,0,1,73.50620422142158,beauty,8.28963619137253,0,none,0,RET-000874
2264.2040941981936,84,1,0.7638444427306148,0,1,285.5002405283426,fashion,33.23051127260197,0,none,1,RET-002956
628.4612700657033,1545,2,0.9049522306306286,1,1,108.65273875076518,beauty,2.0339254554377124,0,none,1,RET-004174
1341.923113086409,570,2,0.8164632674277637,0,1,268.1366792431419,books,19.650155846514835,0,none,0,RET-006274
2724.0473442825873,55,5,0.8777737637961753,0,1,139.17297607958966,sports,24.47943206201086,0,none,1,RET-008287
621.7198206951133,249,2,0.7465072256187367,0,1,148.24236383895592,sports,17.566916627412027,0,none,0,RET-000223
3177.030501418865,140,1,0.8017252610078375,0,0,214.5795181574522,home,10.054300148412489,0,none,1,RET-004515
1016.863458396482,162,2,0.8765440548484231,1,1,52.51678488839167,electronics,22.706536197618114,0,none,1,RET-000086
3101.5593659546785,126,0,0.9429497531806555,1,1,124.77571575521024,books,14.338419582290275,0,none,1,RET-005469
265.6471106235791,16,3,0.5607894262326777,0,1,262.21081169696436,home,15.651991827621405,0,none,0,RET-000236
667.8425518603169,759,0,0.9117984449033356,1,1,82.76419976677818,fashion,31.995324022620796,0,none,1,RET-005704
10314.791448071868,904,4,0.5408104525236683,0,1,124.27998300617023,sports,5.307889031887829,0,none,0,RET-004468
540.4613012718925,439,2,0.944310127728571,0,1,402.88483231747597,beauty,1.5045049303651719,0,none,1,RET-005924
1170.6068015472235,230,4,0.7026847953740634,0,1,127.36779164555165,beauty,56.85227225665082,0,none,1,RET-002943
6174.200760725246,300,2,0.8169763591861806,1,0,26.15210047177154,fashion,19.518815229619463,0,none,1,RET-000754
1786.646994010914,166,2,0.9399906946981391,0,0,108.26995015947394,electronics,36.88385636182916,0,none,1,RET-003110
2017.5657380249784,590,4,0.8143583393834417,0,0,115.54275108369806,books,10.358140667025552,0,none,1,RET-002081
1918.447180909392,110,1,0.8540277593511661,1,1,103.36700370234504,fashion,9.985620872451753,0,none,0,RET-002133
1974.085501784888,332,8,0.7626367083747415,0,0,84.30133248262027,books,10.714175592069807,0,none,1,RET-006943
11883.439117169737,664,4,0.7604513706448284,2,0,131.15403284370183,home,12.932378117142552,0,none,1,RET-002445
12876.871649782473,798,2,0.8712579651383603,1,1,67.2450135777917,sports,11.662417719459613,0,none,1,RET-002142
2189.6722435935303,1017,6,0.8716893017927765,0,0,86.3692338201852,sports,24.214368369537304,0,none,0,RET-002114
1988.2310986495643,202,3,0.5419642941704593,1,1,345.5527163752573,beauty,0.6818095203821093,0,none,1,RET-000016
1523.625454744592,70,2,0.8967333938775587,1,1,73.5850344327682,sports,2.015729582938177,0,none,1,RET-001027
823.4520616362246,54,2,0.9660847097484768,1,0,207.00829879597666,books,10.13373658136687,0,none,0,RET-006902
4576.136139810332,248,4,0.9457723050979087,3,0,169.57261724076162,fashion,3.0752062126361674,0,none,1,RET-006206
4485.683021109024,30,4,0.8178407413734434,2,1,39.71625417432867,home,91.55876566341072,1,empty_box,0,RET-009948
1216.6448150579636,533,4,0.7710124699795681,3,1,222.44287033766682,beauty,8.02137166192033,1,wardrobing,1,RET-009286
470.77234381407646,706,3,0.4832690983418262,4,0,95.09833728824191,fashion,36.64973871758391,1,wardrobing,0,RET-009780
252.65992948390263,3097,1,0.7936488474838692,0,1,123.78682123259117,fashion,20.03423813775383,0,none,1,RET-005537
1987.1751107253374,114,3,0.9103482194577479,1,0,161.42375424481946,home,39.48913525393416,0,none,0,RET-008200
1055.3931128730233,137,1,0.46488545919797264,1,0,44.188028201367835,electronics,28.167516214265028,0,none,1,RET-004436
412.91190796945773,291,1,0.7599530650336642,0,0,80.56311049012437,home,9.18653335836358,0,none,1,RET-004860
2089.451358089245,89,4,0.40074818526811656,0,1,72.30305040816918,home,18.18947673959948,0,none,0,RET-000029
4797.158352086185,668,1,0.6576141581063928,0,1,98.9677331242433,fashion,0.6536695876071104,0,none,1,RET-004822
1099.5174082317326,44,1,0.8362370842984155,0,0,27.215369151023904,home,16.611819548211898,0,none,1,RET-000748
860.3334932491666,613,0,0.7238005800324283,0,0,295.28038907743996,books,0.054134588370598986,0,none,1,RET-004474
2862.8907260945266,694,11,0.792346699938893,1,0,152.56309020534545,home,28.058698493362925,1,substitution,1,RET-009541
1669.5250218708022,559,2,0.6959778756497572,1,0,8.926061627513514,books,12.480916107150296,1,substitution,1,RET-009545
1500.284395035656,183,3,0.8839940395170371,4,1,189.30108615508473,beauty,16.187358832066796,0,none,1,RET-007820
844.651976331435,41,1,0.6752570783002252,0,1,205.6298049233371,sports,9.952651389303918,0,none,0,RET-003617
4703.681436916149,137,3,0.9189749478782177,1,0,222.6195682333482,beauty,9.324553012078031,0,none,1,RET-001068
1081.60043285898,496,2,0.7274425230465663,0,0,133.88402986962657,electronics,1.3645992367340223,0,none,1,RET-007484
1459.6871360675918,393,1,0.7568429123325259,2,1,119.87004945618294,home,2.590241675451772,0,none,0,RET-006852
5686.822118911528,667,3,0.6495181870335367,1,1,11.755673648880899,electronics,1.8291177855757295,0,none,1,RET-002563
1972.713238383069,741,1,0.8049274978936246,0,1,141.54015114092786,beauty,0.11680579093443182,0,none,0,RET-002560
1815.59902484584,136,2,0.6949628292879582,1,0,183.00788378408527,sports,1.926397384600836,0,none,1,RET-000772
2152.2214630537387,288,0,0.8102887669892274,1,1,98.14768502012234,sports,2.2977616726621255,0,none,1,RET-002089
544.03249118968,94,5,0.725672970498261,1,1,120.70692333258783,home,3.616753133653133,0,none,1,RET-007159
2114.8574267133495,64,3,0.732847891487617,0,0,132.11103937783682,books,12.897546592771993,0,none,1,RET-004569
1039.521067622395,464,0,0.9106796890061821,1,1,52.533935386427586,fashion,3.1654832189852478,0,none,0,RET-004290
1074.3776730986895,949,3,0.760709688774925,3,1,55.953643872484406,home,12.190679736473953,0,none,1,RET-005022
1461.3818393263205,404,3,0.8351524791476272,2,1,85.94625652182214,beauty,16.926672360283135,0,none,1,RET-008098
281.9171550071591,813,0,0.8695830876150176,1,1,89.49841330876384,books,4.308408722784946,0,none,1,RET-000463
998.4724064380196,51,1,0.7032654680479736,0,1,138.04847449608346,home,25.11005012009796,0,none,1,RET-007564
2389.1134571021935,568,2,0.7078716005596541,2,1,290.3928756491354,fashion,74.86107930570613,0,none,1,RET-001102
415.7174160150391,778,2,0.7945772248366156,0,0,49.42317130671157,electronics,5.210409977701149,0,none,1,RET-003740
2733.9256837252133,778,2,0.843479525894561,0,1,92.63954790754543,sports,24.709269721046798,0,none,1,RET-002050
2432.245713229553,131,0,0.8923841461543023,0,0,91.51842647847378,electronics,3.0352221236232646,0,none,1,RET-007349
328.7709335362915,632,4,0.825687810709444,1,1,181.3334901981639,home,3.902158563287023,0,none,0,RET-000919
1228.7091516792057,799,2,0.8382092495560929,1,0,178.15665561490786,sports,10.402577279289657,0,none,0,RET-003656
669.8170064648742,358,2,0.6763066994092138,0,1,58.088168394346894,beauty,5.5253128447732065,0,none,1,RET-009038
9153.982951892713,552,3,0.8528983458959147,3,0,110.70420776402807,electronics,13.939814045827104,0,none,0,RET-002287
6953.8554030087635,31,1,0.8345875261074719,3,0,97.4192123493739,beauty,13.01877653343895,0,none,0,RET-008854
2458.0614804148454,22,1,0.8975815730498778,0,0,251.85674263983984,home,0.3205659486218402,0,none,0,RET-001003
3836.5578510859405,185,1,0.8668907130691815,1,1,39.315074874165646,fashion,24.233990672172116,0,none,0,RET-001319
415.84864476648255,1153,2,0.779117976085955,1,0,142.2694082020894,fashion,1.8225743029732127,0,none,1,RET-001569
1729.1785057099123,12,1,0.863558738778458,3,1,91.56152344858495,books,5.140981151021082,0,none,1,RET-008482
308.5976526316178,360,2,0.8579794047583811,0,1,169.69523594869233,electronics,0.5863505524259626,0,none,1,RET-008380
428.2892837042016,612,1,0.7545298122361966,2,0,19.127874002551163,fashion,5.697793000047872,0,none,1,RET-007453
5235.420732744747,74,2,0.8815437654011359,0,0,190.84505325964517,beauty,8.059296580266071,0,none,0,RET-007064
579.6489870990011,170,4,0.5963799884362617,2,1,149.45310521202285,fashion,2.9539023336439194,0,none,0,RET-000883
734.4427589757872,633,1,0.9749281729720078,0,0,174.09867179175538,fashion,16.121276555763185,0,none,1,RET-001828
2102.6096315950595,35,0,0.6053664972551213,0,0,79.81172641140908,home,6.106029646364828,0,none,0,RET-007065
273.70187935364993,401,2,0.7585982505437282,0,1,57.18461014122208,fashion,2.995078301466821,0,none,0,RET-003277
891.1699991540086,15,1,0.7995577089218239,1,0,120.88298914122775,home,7.923346905917299,0,none,1,RET-002810
4843.4786729891875,13,1,0.9140497585549452,0,1,128.1976863078489,electronics,4.799724801714488,0,none,0,RET-005125
1041.075753995667,311,1,0.8409840683161027,0,0,241.95851574108875,fashion,26.656102140877266,0,none,0,RET-001436
1043.0885538456682,318,2,0.9633016435211221,0,1,308.91886316925775,sports,1.764744409017478,0,none,1,RET-006716
1812.2199274013817,16,2,0.9657552697106705,1,1,182.5488921556475,sports,6.991693892540642,0,none,1,RET-000812
1573.2134392448222,402,1,0.9092317146478294,0,1,269.3422296569648,sports,6.2025441407266335,0,none,0,RET-006998
1203.5356646465762,142,2,0.8627517526101276,1,0,12.812899843694654,sports,20.459953074107606,0,none,1,RET-005418
1811.4386903454601,371,2,0.722924616740326,2,0,81.92218312988994,electronics,7.5481191720787635,0,none,0,RET-005200
3731.631550482733,805,3,0.7784321808335365,0,0,84.24691330480776,beauty,3.548064087575481,0,none,1,RET-005405
2797.8943846841144,133,0,0.734439981492586,1,0,383.87408318722265,books,35.66363511701825,0,none,1,RET-001262
4674.109612088356,94,1,0.8158725574221712,1,0,343.65085533434404,beauty,29.72916644908168,0,none,0,RET-008998
1116.8786563148963,868,1,0.899983706614207,1,0,139.83345803011827,home,4.085076776097389,0,none,1,RET-000025
862.5635594318038,486,2,0.8628476605919188,0,1,140.87152456010588,books,0.7616807076260136,0,none,1,RET-001312
1489.9208088124956,835,2,0.7822093927596422,0,0,87.02276099351562,electronics,1.3979011426573644,0,none,0,RET-008741
1223.7146382002911,1439,1,0.877473747594773,3,1,2.0,home,3.83001087776484,1,empty_box,0,RET-009844
1065.5626146625866,507,2,0.7574317651729365,2,1,100.22810417898025,electronics,10.021353779545406,0,none,1,RET-000182
3045.878661864839,411,4,0.5696396978035317,1,0,83.89724236196999,beauty,12.965975271630226,1,wardrobing,1,RET-009789
2282.221684594865,314,2,0.9745293656873412,0,0,199.53794033949083,electronics,2.357218520703294,0,none,1,RET-002452
3354.0564748095767,532,2,0.7957271086793068,0,1,61.6752262466995,books,11.686606749176136,0,none,1,RET-002084
3224.043351268553,197,2,0.7435716780088765,0,1,54.35024139386936,electronics,1.4959402380914446,0,none,0,RET-007148
214.58667138873258,32,3,0.9205384335770849,0,1,361.2728390599334,books,5.732529040896112,0,none,1,RET-001642
10578.668899434047,1173,2,0.7238781810363542,1,1,226.38860479964256,beauty,0.09090287642013842,0,none,1,RET-002738
565.1661892061866,181,4,0.824263103676941,0,0,91.88482627150529,home,4.269546890921839,0,none,0,RET-006897
1022.4294849556661,325,1,0.695365119250589,0,1,126.67930505260938,books,9.630178372123945,0,none,1,RET-007362
2173.5449316746526,77,2,0.8139136420370484,0,0,46.57006367726979,beauty,1.4155626360586642,0,none,1,RET-000280
2182.148920599236,976,5,0.8189248746230604,0,1,149.67451079968507,fashion,63.91067716634447,0,none,1,RET-002230
1738.3301331584498,157,2,0.8613812757321507,0,0,55.82301090990217,beauty,18.396472089576598,0,none,1,RET-003044
2828.0869862798336,394,1,0.6097890007047994,1,1,117.14708055678167,beauty,7.518367732349828,0,none,0,RET-001780
863.6463947064409,186,2,0.676339265666512,1,0,325.7549139283032,sports,122.25000475715326,1,substitution,0,RET-009346
6292.612678646414,737,4,0.8372319772999745,0,1,231.55295119920942,fashion,1.069617334485556,0,none,0,RET-001877
559.9218545569533,58,2,0.6407387761083675,0,1,188.04417704168316,sports,32.2667039768017,0,none,1,RET-007316
2061.3414275847767,37,4,0.4168803706647209,3,0,166.15818305659,beauty,4.35374472678371,0,none,1,RET-000343
1289.0009797033401,1376,0,0.803809476893694,1,1,228.5137813485416,beauty,37.23413622909847,0,none,0,RET-008433
3061.343428165896,696,0,0.7157881902033933,0,1,175.94005815789095,home,3.9723554961106826,0,none,1,RET-005283
274.1395618628966,48,3,0.9949526159615372,0,0,95.56080535648995,home,24.180291267354242,0,none,1,RET-001024
513.9730762670574,1264,2,0.8992403607898369,0,0,141.3628340376838,home,26.74131650216731,0,none,1,RET-003693
2245.29926181185,146,1,0.7953311693105414,1,1,141.97028742967328,home,64.582271110985,0,none,1,RET-009140
1301.3634159507665,50,3,0.7571304536856758,3,1,439.042877153241,beauty,44.358640152730196,0,none,1,RET-008692
423.6709954241955,30,3,0.7560313936242621,0,0,60.74501781067081,sports,6.864116550315566,0,none,1,RET-007216
871.0664123083994,164,0,0.6144208356580569,1,1,228.15462620254428,sports,5.687511952926292,0,none,1,RET-006228
851.0348189406784,41,4,0.6659761111043516,1,0,80.40906712369258,electronics,1.466830716383547,0,none,1,RET-001855
640.1661966476985,438,2,0.9839253986950205,0,0,256.9260184886283,sports,1.331040041624801,0,none,1,RET-003907
3608.068134874905,296,2,0.7558194529101542,1,1,169.83000895677458,sports,2.0094820563338867,0,none,1,RET-003240
403.0789341315578,233,0,0.9169823748562904,0,1,37.3448755898106,home,15.39928148046647,0,none,1,RET-001879
4071.7325574191655,3,1,0.7730161573646366,1,0,123.11553599704357,books,15.872361762774375,0,none,1,RET-006308
714.2794187985367,830,0,0.8893687432534046,0,1,92.3670370049285,sports,10.930629945120028,0,none,1,RET-006669
2107.1402049076373,419,1,0.927010088999094,4,1,231.00012736492803,sports,28.642541360936793,0,none,1,RET-004884
3933.0786125444333,309,1,0.8488177840939595,1,0,181.4957020815853,books,12.23564207138187,0,none,1,RET-006311
214.8146869412273,36,1,0.8299498781752087,1,1,112.84623720995006,fashion,24.341601781453935,0,none,1,RET-000629
2895.1475705438547,244,4,0.8654280346904072,1,0,231.45413061617256,books,14.269028299625019,0,none,1,RET-000164
1130.051942539103,53,2,0.9196068266649042,3,1,215.83196053547314,home,7.2786653515041015,0,none,1,RET-004920
1111.5935154722035,483,1,0.5130337860747987,1,0,156.52729493760847,fashion,8.809842484828046,0,none,1,RET-003413
2284.895503182004,289,2,0.7089106955341846,2,0,58.92273150494584,home,0.3633448488746927,0,none,1,RET-001047
1446.7974967138505,284,5,0.8778834878315093,0,1,2.7309903159520803,home,14.889095977532968,1,empty_box,0,RET-009706
1169.023747080529,385,3,0.8879682585133547,0,0,95.80146106385509,books,43.25578496181499,0,none,0,RET-008967
2182.6615571500097,738,4,0.7325745216305162,6,0,85.37542405507453,fashion,46.87428230129576,1,substitution,1,RET-009632
3509.4257931735724,30,2,0.7868005866215271,0,1,219.2774683278187,electronics,14.3322105073066,0,none,1,RET-002754
1998.2952508990752,58,2,0.9536848035286793,1,1,115.47432191922371,electronics,2.4607854500973674,0,none,1,RET-001628
2524.0914068153984,2,2,0.8893459944783154,0,0,29.09463482002701,home,36.408180678810226,0,none,1,RET-007582
1539.4041641846507,8,3,0.844278105419119,0,1,174.62394556070174,fashion,3.033342293750782,0,none,0,RET-007298
2320.3551494194207,518,0,0.7049126484501658,3,0,108.21107221473704,sports,48.62311005594102,0,none,1,RET-007739
1585.7214949475538,449,1,0.8582971704746869,1,0,128.7200876450019,books,12.774720860024132,0,none,1,RET-002222
1103.9577598278624,195,2,0.8353278310190333,3,1,169.702690555788,beauty,18.16700629594842,0,none,1,RET-003745
4993.578470497307,230,3,0.7206491423189779,1,0,73.12757725081993,sports,27.284302617315667,0,none,1,RET-008791
4188.017214020484,107,1,0.9548845361598026,1,1,236.06085231859578,fashion,7.015444906384451,0,none,0,RET-008897
1421.5420464074869,370,1,0.9693735123566223,4,1,146.0639806324613,home,14.58848099729965,0,none,1,RET-002710
529.458256392195,202,2,0.6866046729479854,0,1,95.87645311977305,beauty,14.009617367807314,0,none,0,RET-008959
2201.896751058972,69,0,0.795405069049575,3,0,142.64460198097356,beauty,7.383767888281143,0,none,1,RET-002111
1685.0246871859292,11,2,0.7602289478731257,0,0,227.95960649019403,electronics,2.5747842357905246,0,none,1,RET-002717
1086.430777284195,213,1,0.7804464104380949,1,0,116.63405507977942,beauty,18.61105951561908,0,none,1,RET-004811
5342.922125650665,13,0,0.870208643228314,3,1,206.98889901055094,home,15.243278938729487,0,none,1,RET-005390
2059.6948426566614,639,4,0.9036753004733618,2,1,38.35214122257975,beauty,42.750109403898605,0,none,0,RET-003127
2326.0181252607154,464,6,0.9328609805643004,2,1,337.0157890402894,books,4.68787233049896,0,none,1,RET-008920
400.8076559841593,77,3,0.6136259074603777,0,1,104.09493009652249,home,12.346995118345781,0,none,0,RET-008475
4946.005369907424,2797,5,0.9045797977925777,2,1,136.74784356922277,home,7.217927992777806,0,none,0,RET-008672
2465.197114805733,469,1,0.9031905146622182,0,0,102.48412332403088,home,10.955333133255484,0,none,0,RET-000331
2905.1115260176703,120,3,0.718428462131106,2,0,78.63999232995731,home,8.706635797619784,0,none,1,RET-008034
1196.1818937150365,27,2,0.6078326634095271,1,1,129.07204314677605,sports,29.656367647261035,0,none,1,RET-000261
2836.7905086225064,991,4,0.9602841483529494,0,0,72.95696266515628,books,10.388526862938233,0,none,0,RET-006931
1284.5700222094322,36,4,0.6105100683325472,2,1,175.04268580309932,fashion,41.767699620697115,1,empty_box,0,RET-009748
2792.7315714084057,134,4,0.7578258551037884,1,1,220.27245605566534,fashion,3.0551312083782594,1,empty_box,1,RET-009674
4541.211111134466,378,1,0.770989516251204,0,1,207.2285930190193,electronics,12.581203247191452,0,none,0,RET-001423
2956.2083431493725,647,0,0.7189099489249283,1,1,228.09533665160458,fashion,0.2950993171856211,0,none,1,RET-005570
1016.3702944586155,449,4,0.7403283766770171,0,0,67.17943026226511,books,17.352923774396967,0,none,1,RET-005800
1282.5668489705906,77,3,0.7304277705006084,0,0,272.75600075654785,beauty,24.748460102437843,0,none,1,RET-000543
3146.494053879539,735,0,0.9065804048455668,0,1,113.25620247756665,home,23.439958811067566,0,none,1,RET-008553
4372.404814079781,138,1,0.7322173910024482,1,1,166.69379601370574,beauty,7.025749794951218,0,none,1,RET-005222
798.970719637437,157,0,0.9234405798066793,1,0,86.80911433541681,sports,1.8750575301935843,0,none,1,RET-007128
2600.6828778334284,258,2,0.921970744281,1,1,27.01073796699795,home,5.611013615485232,0,none,1,RET-005983
10263.323660633581,598,3,0.652235578175109,0,1,130.43760584233763,beauty,19.51754739536755,0,none,0,RET-000506
1544.6062122811386,332,4,0.8156876111528406,1,0,119.0784995496139,home,17.61204202907604,0,none,0,RET-000268
2022.2538897210006,255,2,0.9626413257493394,0,0,128.84468500284578,beauty,40.272314598887775,0,none,1,RET-004986
305.46543219701556,451,2,0.662948888339829,3,1,133.51452598183266,fashion,9.124994231202983,0,none,1,RET-006495
581.2611091392383,1229,1,0.837990269395046,1,1,77.32891791373923,fashion,20.89315693408266,0,none,1,RET-008924
850.0280382069178,888,2,0.8998371951463601,0,0,105.81511968702677,sports,18.80181605301452,0,none,1,RET-006219
1246.2329839520771,226,2,0.8041783482329846,2,1,119.98527220350287,sports,12.49355818696857,0,none,1,RET-002198
1688.7604813968092,269,7,0.6802846634002324,1,1,91.34196185910879,beauty,7.138035587219818,0,none,1,RET-006331
3101.0194949613724,157,1,0.9104938523146593,1,1,212.0854245857727,beauty,2.4193949174912204,0,none,1,RET-000968
2458.984462563512,73,4,0.8653748511049373,0,1,72.66598138345397,sports,4.352011396456852,0,none,0,RET-008149
486.0554864358873,330,1,0.5851040641830593,0,1,93.08959387340616,beauty,3.1342003198143122,0,none,1,RET-009196
1140.7503332513443,342,3,0.6822858123205867,0,1,228.04878232380094,books,2.179538757948606,0,none,0,RET-001795
1078.4343889055547,152,2,0.7250637929150096,0,0,219.3794985880721,fashion,41.238278869000936,0,none,1,RET-004150
1029.4295391105893,86,1,0.8370728757303694,2,0,116.37355300023243,home,23.44202716243691,1,substitution,1,RET-009988
1198.2031333490208,101,2,0.9231651000376919,1,0,75.0040251446991,sports,8.09777471780634,0,none,1,RET-009096
2243.3564952112356,831,1,0.5656814145293751,2,1,151.95257811898023,home,18.488365705095262,0,none,0,RET-001103
255.66116735705407,487,0,0.9332515586493876,0,1,103.33076511335304,sports,2.830103433443147,0,none,1,RET-003410
514.2672285415683,1083,2,0.862518361594467,0,1,94.27361226459159,home,2.6395810498971666,0,none,1,RET-007415
1984.3954254083453,368,2,0.7604088560971113,1,1,124.1049649359496,home,33.496680431449604,0,none,1,RET-004535
864.2681496537587,1258,1,0.5218130335303146,0,1,100.55516735465302,home,15.132778478095739,0,none,1,RET-008228
1162.8804806504654,272,4,0.7438418394617795,0,0,138.71960299150382,beauty,29.11936207715333,0,none,0,RET-006034
926.4398432016942,97,3,0.704733929555591,2,0,222.07225968759673,fashion,11.49345032274528,0,none,0,RET-004823
765.6272426684566,7,1,0.9350878424985254,0,1,182.15435429986073,electronics,2.855847394553094,0,none,1,RET-003118
1073.8397426701247,196,2,0.8987217534445535,1,0,294.30605152019945,sports,11.690412230619089,0,none,1,RET-002938
1862.9277116244966,173,3,0.8170381248400337,4,1,103.67089627706814,home,1.9448888938896216,0,none,1,RET-004718
1464.2267502284108,310,4,0.9085684868755739,0,1,172.09289725914394,home,1.6207932939949183,0,none,1,RET-000710
917.0476301575837,51,4,0.5742756759957219,1,1,73.71446338840163,books,13.524087213743874,0,none,1,RET-008301
640.4495059671837,331,1,0.9216471597458579,0,1,44.981478251381155,books,1.5028950303236017,0,none,1,RET-002107
921.8817428837538,113,2,0.6172205752108345,1,1,110.50652380751542,fashion,7.151991943645326,0,none,1,RET-003225
1374.0478376246647,1150,3,0.8413196848906138,3,0,147.18627284633246,beauty,44.913611778537735,1,empty_box,0,RET-009815
3796.3534488549526,341,2,0.9030127508769438,1,1,61.60855396275748,beauty,14.209040710189038,0,none,0,RET-009033
893.7111601123921,184,0,0.9176762625155637,0,1,68.93490582495625,books,4.923602585236752,0,none,1,RET-007473
2108.5961001192923,255,0,0.7806768651533353,0,0,97.85918032763098,books,21.621628848898766,0,none,1,RET-003296
3944.7038631211626,154,3,0.6885806096256528,0,0,153.04685731989738,books,2.912034964754894,0,none,1,RET-005380
492.07842442240474,930,0,0.6823918859395552,0,1,19.25021996081159,fashion,8.110094358809977,1,empty_box,0,RET-009372
453.36337519852844,115,2,0.8407819042124435,1,1,66.90389976897737,home,16.65957909500805,0,none,1,RET-007215
2102.9135213827853,436,2,0.8951216023444234,0,1,329.55473183642863,sports,30.75066193912417,0,none,1,RET-009023
785.2320943171605,1459,1,0.8386934056422809,1,1,154.51207245615214,books,15.268579471852936,0,none,1,RET-001235
409.5236051082153,385,4,0.8195229849575053,0,0,108.75027685869236,fashion,1.8670917771015398,0,none,1,RET-003320
2173.015752710689,326,6,0.8126203098553091,3,0,187.12604699287525,fashion,3.738670859582578,0,none,1,RET-005126
1363.5819827409796,234,0,0.6831009103817085,0,0,159.46314949597343,books,60.359299805598724,0,none,1,RET-001662
1675.4445225025554,237,1,0.8766798384674597,1,0,492.69682318522075,beauty,30.2832292421726,0,none,1,RET-004719
1716.8740774937237,712,4,0.8383140439615572,0,0,50.75300123558175,books,64.17823216071793,0,none,0,RET-000473
1083.1501070850356,367,2,0.3528247441789005,0,0,139.73791165417256,books,23.51086044443225,0,none,0,RET-000649
713.848031796743,326,1,0.8616860133434323,2,1,93.46852963536377,fashion,6.7150658691913305,0,none,1,RET-007411
1433.9529565344465,1315,3,0.9075987114269882,0,1,164.26947906953532,home,6.641264226859526,0,none,1,RET-004813
648.313388628738,433,2,0.8710443125734754,0,1,51.77005953277026,beauty,8.951212536009889,0,none,0,RET-002691
909.0078392603585,395,1,0.8330119383530156,0,1,126.54713056616984,fashion,3.850186696475788,0,none,1,RET-007561
1194.9162023639396,512,2,0.6931863573842405,2,1,181.94086718015782,sports,28.207210178292698,0,none,1,RET-004250
2013.1726056650664,1072,1,0.7551320115287536,1,0,67.35620771904372,fashion,4.856801954681769,0,none,1,RET-004185
701.6393737676018,63,7,0.9122782866679381,0,1,177.35020295808337,home,14.651784304498808,0,none,0,RET-004324
588.5063368570892,952,2,0.8408204852094848,2,1,62.267797419071805,home,2.219295368442278,0,none,0,RET-006068
4381.438458545477,111,1,0.8848500611849075,1,1,99.50812615163233,fashion,0.0011007159643735833,1,wardrobing,1,RET-009412
1943.3488622188268,42,0,0.7859319887339483,1,0,67.05497196734865,sports,12.25713702357639,0,none,1,RET-001005
833.8050835029245,986,1,0.6445285495464038,1,0,289.91307042565325,books,5.594672533888362,0,none,1,RET-006301
2823.3451731363066,4,2,0.8387469958091927,1,1,261.9911338688596,fashion,0.01666270634330562,0,none,1,RET-006356
581.6090379608802,59,3,0.8312217162425907,1,1,249.72589406051097,sports,10.277990678513058,0,none,1,RET-006774
816.4055738984297,546,4,0.8404079490285655,1,0,280.4190179003689,sports,21.60386318022973,0,none,1,RET-002159
996.4522846632491,80,0,0.7451098683035816,1,1,257.120295957052,electronics,7.8198395768382065,0,none,1,RET-003292
2021.1952288938537,121,2,0.5472300763631247,2,1,317.957485220682,home,14.5728289262654,0,none,1,RET-004479
2046.4954448564777,85,2,0.8662115407178623,1,1,227.95771984843768,books,3.5671326480638976,0,none,1,RET-001372
880.5878222582063,159,1,0.9512232641100619,1,0,187.35026800246968,beauty,0.7496673873903751,0,none,1,RET-002218
1221.981471496815,149,4,0.7230903496455187,1,0,201.84203081564743,beauty,32.39771477263919,0,none,1,RET-005905
576.5847634280261,1157,2,0.8268854064563846,1,1,165.24698828211265,home,0.3234471135860203,0,none,1,RET-008240
658.4907396041679,684,0,0.919509552620863,2,1,147.9820592907153,electronics,85.51197598688009,1,empty_box,0,RET-009302
331.05204479703286,367,1,0.962228606305118,3,0,184.1944490808353,sports,10.293609658323115,0,none,1,RET-003855
980.9291766970689,963,3,0.7929605617641964,1,1,57.76143437412816,electronics,64.21895122204107,1,empty_box,0,RET-009868
1027.1589975350116,1048,2,0.7084570403983527,2,0,207.9961173811819,fashion,7.090519147919433,0,none,0,RET-001882
2310.564861646099,381,1,0.5430750106743326,1,1,138.92055169427132,books,1.855943153781325,0,none,1,RET-007036
3027.131234764073,78,4,0.5367907498444697,0,0,92.67289614943684,home,0.37365923590751793,0,none,1,RET-000783
1806.8429973830782,187,1,0.9347045825182095,1,0,174.63710770056423,books,0.4267949273234717,0,none,1,RET-006471
4431.9529215643315,1299,2,0.5991655794416929,0,1,102.51970385575007,electronics,10.59138811121841,0,none,0,RET-005732
1680.351775068109,260,3,0.8220584573314276,1,0,184.51861009360286,electronics,9.30111575182904,0,none,1,RET-002083
3478.272319650785,567,2,0.8773441975051559,1,1,122.87164606351594,sports,117.30112411293386,1,substitution,1,RET-009497
4569.611952560016,1068,2,0.6582224054216519,1,1,104.17406935916708,electronics,40.13332276201608,1,empty_box,1,RET-009900
1040.9913835905136,155,1,0.656926510408151,0,0,220.19210817514923,beauty,0.08794271544281705,0,none,1,RET-005278
1937.7813533204253,776,3,0.9308766918940923,2,1,107.30519156389433,fashion,17.85915799151698,0,none,1,RET-004177
340.9767655837033,214,0,0.9783153148405495,0,1,93.11799169323109,sports,14.344661305085928,0,none,0,RET-008643
1132.3544976208898,927,3,0.857935930919032,0,1,384.8296810569072,books,21.797268585154576,0,none,1,RET-003537
2216.8681693650333,219,3,0.8264209105534409,1,1,202.4500150113293,sports,5.087202330061688,0,none,1,RET-008453
2182.352244226577,485,4,0.813653626617765,0,1,114.86244994480843,electronics,3.2026029521287533,0,none,1,RET-002673
1282.172096274415,762,3,0.725224326221122,1,0,236.1923127538688,home,4.986448146309979,0,none,0,RET-000400
4419.181250035766,13,1,0.4968768240559921,2,0,148.88745433011655,books,33.21242095809362,1,empty_box,1,RET-009986
7316.133262794851,51,2,0.43698963730475865,1,1,122.08390585867122,sports,15.871669033793333,0,none,0,RET-000585
364.97455109456644,66,2,0.6402088185764373,0,0,52.91108064039992,books,0.13451760122082365,0,none,0,RET-007414
1133.0896830686193,755,4,0.8452471672596275,1,1,332.7387858959477,beauty,4.725759151949127,0,none,1,RET-002999
2421.652442416192,157,1,0.8454882348220533,0,0,157.99252108019238,home,12.16555528211702,0,none,0,RET-000646
4650.524161163313,1218,2,0.6873202189110948,0,1,252.9057124536355,home,14.611420657232086,0,none,0,RET-002851
650.8085563223334,62,4,0.7915393096938772,0,0,319.99147449051463,sports,7.286951344008055,0,none,1,RET-004354
2191.397790084251,12,3,0.9238952935251609,1,1,248.75640710587916,electronics,25.7232912839042,0,none,0,RET-005581
2465.073052945203,921,0,0.7550997190208009,0,1,77.87604714327234,books,0.6785994420577506,0,none,1,RET-000535
2177.8826004083726,418,2,0.7630958332087919,1,0,184.7113469132662,beauty,1.641800822758071,0,none,1,RET-005863
1166.941275184677,358,1,0.7859613208438915,0,0,79.88762619476483,electronics,28.77732595419807,0,none,1,RET-000511
3565.178911617498,976,4,0.6459943973646401,0,1,109.53123392814844,electronics,2.945140112106907,1,substitution,1,RET-009356
877.0582226981794,37,2,0.829255999187368,1,0,255.7962676939721,beauty,3.563391725987549,0,none,0,RET-000438
267.41351914304823,120,3,0.6857942027264867,2,1,163.2350499808296,beauty,19.336851882067005,0,none,0,RET-008745
2991.4646019699494,71,1,0.913437615506231,0,0,99.03868167536967,fashion,0.18962829072501358,0,none,1,RET-000010
1116.761180742505,748,1,0.9222409646989216,1,0,87.94392905209259,electronics,22.721222891628376,0,none,1,RET-002362
913.8051363172158,262,1,0.716291120687368,1,0,111.51661052573036,home,32.6707756499678,0,none,1,RET-002612
3152.532005276533,185,2,0.9670621512313355,0,1,215.17376408648818,beauty,9.128195045594744,0,none,1,RET-008026
996.0536323193721,2926,2,0.89031645821231,2,1,191.14833196492492,books,7.505242258645086,0,none,1,RET-006247
2397.9004405092733,248,4,0.847419240563137,1,1,145.0905222494595,sports,14.170257566115172,0,none,1,RET-007185
1567.1465685315811,461,2,0.8558438541524618,2,1,304.3604802690687,fashion,0.16912723497848936,0,none,0,RET-007299
987.9380707960563,117,2,0.8996072767662615,1,1,161.3688222398481,sports,5.42265658644881,0,none,0,RET-008768
859.9003827429196,47,3,0.8415606543558005,1,1,86.79665161948522,electronics,8.11836344922807,0,none,1,RET-002615
2963.778982775453,923,0,0.8613829958286773,3,0,119.38211189334362,home,9.525928096433105,0,none,1,RET-004263
875.594675941598,173,2,0.8258640646994517,1,1,309.35863039661245,beauty,21.447868263206434,0,none,1,RET-001752
2249.076594687425,1299,2,0.8531682633399542,0,0,22.681975344768183,fashion,8.1535360908304,0,none,1,RET-003047
3867.3945636447716,209,4,0.8761381510709735,0,0,275.4998245680029,electronics,16.78274707933336,0,none,1,RET-004838
5820.481324709483,198,4,0.7706020859576551,0,1,133.93243435593374,electronics,4.2958729253769405,0,none,0,RET-006366
380.4397498303751,656,9,0.706295360914403,1,1,192.4794096861604,home,14.942820610787553,1,substitution,1,RET-009985
3411.7980482120515,224,3,0.7829063976926077,1,1,41.35167471326381,books,48.05587175644361,0,none,1,RET-001857
1427.9624312223023,404,1,0.7467243608734326,3,1,110.92930570545651,electronics,5.270581406434194,0,none,1,RET-002389
1429.6182713523947,11,2,0.8601248912716604,4,1,127.72934286882283,home,10.03371697142689,0,none,1,RET-007635
1720.5148733589829,184,3,0.8818209030539355,1,0,149.35592224136363,fashion,0.7824046224315111,0,none,0,RET-000569
2296.6028751599847,623,1,0.87836291367942,0,1,35.18061991141329,sports,16.150831355465275,0,none,0,RET-002189
5851.656116457267,210,3,0.8559791530009958,0,0,100.83601946739711,books,11.977406346406456,0,none,0,RET-005904
2182.535659584284,742,3,0.8153756157124331,0,1,197.90840128436315,electronics,40.84081636390955,0,none,1,RET-003046
441.8727085095507,56,2,0.7346628957679355,0,0,216.1835610848542,fashion,21.536317916503045,0,none,0,RET-006017
1296.9694426062642,463,5,0.9098219632294767,0,1,185.35220791764104,electronics,28.47172432752924,0,none,1,RET-004046
797.6971660729638,187,1,0.7478549706088312,0,0,215.3156691540585,sports,16.748465739933803,0,none,1,RET-008019
1247.4259721604094,535,4,0.870568343671859,0,1,115.71463017017484,home,1.5476225668895824,0,none,1,RET-002637
1149.4534371486063,722,4,0.8722283655391353,0,1,202.36447574286504,home,10.429949147665667,0,none,1,RET-001186
3861.5188488153854,357,0,0.8045939390079762,1,0,104.60753607864261,home,0.25897542190555894,0,none,0,RET-001526
2055.2846076419196,724,1,0.7357683586881933,0,0,218.96496908624852,home,1.3977686657648096,0,none,0,RET-001695
350.58985873508084,209,2,0.8866309298071174,1,1,177.64118820091434,sports,10.22084455595161,0,none,1,RET-002523
1937.436043646631,1414,1,0.8043243994889558,2,1,283.4761608764146,home,7.061693820497122,0,none,1,RET-001388
2046.5236033268093,592,2,0.8527790943186265,0,0,98.14740653605392,home,24.44902880448616,0,none,1,RET-008010
2459.3848097315745,1894,5,0.6500229728677172,3,1,38.01248288736237,books,12.799518891712955,1,wardrobing,1,RET-009964
1749.199485124525,385,4,0.680691091786964,1,1,111.23119720107863,home,24.584193552897673,0,none,0,RET-005831
1565.1116520366543,260,2,0.8838213535816072,1,1,39.50512011531297,sports,18.24834442819792,1,empty_box,1,RET-009432
578.2097721127132,30,1,0.8067537226081543,2,1,140.1958016344362,fashion,39.97805060327225,1,wardrobing,1,RET-009938
1702.221561832644,133,4,0.9212351117120448,2,0,151.95164842920303,beauty,34.395731357770714,0,none,0,RET-006105
2522.5607268479484,658,2,0.8405372605771769,0,1,72.13849523026556,sports,25.796447647088204,0,none,1,RET-004862
1286.983123423284,270,2,0.8721185217716451,2,0,248.3294120856888,beauty,11.018228344748241,0,none,1,RET-005834
811.0834910401269,757,0,0.7296124677126687,2,1,99.9984127994335,beauty,8.348002767331334,0,none,1,RET-004243
10482.68391832957,432,0,0.7624014056401001,0,0,27.619585834532977,electronics,9.944507972127173,1,empty_box,0,RET-009265
2534.4298577913755,52,4,0.7396960482598257,2,0,76.17640521206441,books,12.326367169802763,0,none,0,RET-007271
447.4083889376682,272,1,0.8760415296869568,1,1,207.41277495991542,fashion,5.353502306736478,0,none,1,RET-004322
2984.9602810893243,126,1,0.6505891481538169,1,1,189.4897225280467,home,0.7458808035310402,1,substitution,1,RET-009936
730.4220188447028,1415,2,0.9025055662160681,0,1,355.17906306144647,books,15.41693103527362,0,none,1,RET-006517
1227.299416461509,762,3,0.8252395844440277,1,1,147.9238324569812,books,1.815333587426736,0,none,0,RET-006538
1148.688693420814,1165,1,0.7216102634298864,0,1,34.77796702568088,electronics,20.293234543817906,0,none,1,RET-007530
8346.131565705973,927,2,0.8402273897318666,0,1,72.44533134099692,electronics,18.058259152318787,0,none,1,RET-007276
2869.055727181305,40,2,0.8279349421387562,0,1,54.2143022533438,beauty,12.891526180456923,0,none,1,RET-002608
1519.5297336325561,94,1,0.8442547506589726,0,1,103.44225926194213,electronics,0.6693156466353928,0,none,1,RET-001846
1655.6342543155702,4,3,0.7395171463666015,0,0,110.38929275620548,home,15.734654442330084,0,none,1,RET-001561
487.4488308211944,65,4,0.6882896545588121,2,0,564.8929377726588,home,22.206006786459547,1,substitution,1,RET-009865
2974.998464111165,112,1,0.7321805313409053,0,1,134.1481169043071,electronics,55.17020506216178,0,none,1,RET-005270
1493.531370772394,379,4,0.9170056401432495,3,0,53.672371155554856,sports,20.945297878722403,0,none,0,RET-007840
1960.682176276799,97,0,0.7487287050688759,0,0,49.60713468795731,home,6.499300441751465,0,none,1,RET-003932
287.10911041557307,735,1,0.600240153756128,0,0,101.29102738806885,fashion,13.886725425897945,0,none,1,RET-000204
526.184523734513,919,1,0.784740581916754,2,0,86.43983425658477,sports,17.44617318854147,0,none,0,RET-007039
1612.7951299874555,892,0,0.8970308719331566,1,1,235.0442211437226,home,29.452805652855268,0,none,1,RET-003433
4258.737364991963,199,1,0.7295369081580738,1,1,188.59797707026175,home,23.930325960144717,0,none,1,RET-004675
3921.118288824339,870,0,0.6585577272543094,1,1,379.04989000932613,electronics,45.99126150212962,1,substitution,0,RET-009435
660.3877865983518,56,1,0.8302177048850363,0,1,52.48901807915056,books,15.793797686674413,0,none,0,RET-003308
1679.9096109166856,156,1,0.8666565454689833,0,0,183.70730233432042,home,13.388497070439279,0,none,0,RET-000735
1324.6062836325686,31,1,0.8802526958252436,1,1,317.74745425893644,sports,1.5705308787673742,0,none,1,RET-006195
447.62298904904304,838,1,0.811398250252284,2,1,39.136651403974206,home,1.7764322022778731,0,none,0,RET-000499
3863.529314680666,172,1,0.8022731653824712,2,1,203.76035520030103,books,35.48450490308101,0,none,1,RET-005860
831.4326591495385,458,2,0.7272272518600633,0,1,67.78258866431621,sports,22.35328613081307,0,none,1,RET-006109
774.8896144523299,84,1,0.8409534620253025,2,1,191.4001339132119,sports,4.676809992112732,0,none,1,RET-004200
1562.9503050706007,85,4,0.8048999970452483,0,1,54.68592893190609,books,4.523374974540414,0,none,0,RET-001510
616.6137965320253,677,2,0.8965394648627689,0,0,136.76192435650105,books,3.5729094595067066,0,none,0,RET-006492
1467.7546436177736,180,1,0.809450083034832,0,1,346.0228774892528,sports,3.472779603527618,0,none,1,RET-001184
319.48873851609807,201,1,0.7231847622274374,0,0,76.4735154210973,fashion,15.829224926962887,0,none,1,RET-002459
889.575638281574,499,3,0.8678377435923642,1,0,145.76323086231105,beauty,17.213224980292967,0,none,1,RET-006161
2931.8587556360567,121,3,0.9382896000782991,0,1,130.28107542540357,home,39.92978728793857,0,none,1,RET-003826
5385.130781210337,779,2,0.777942469162662,1,0,62.73586037076797,sports,1.5705747355073962,0,none,1,RET-006164
901.4792893953774,331,6,0.860943626620041,1,1,170.16417558894673,electronics,10.674580873870676,0,none,1,RET-005513
6219.130739424717,15,1,0.941186607748581,0,1,108.7227006804058,sports,55.4310104814213,0,none,0,RET-004532
1054.8087130554848,128,4,0.8853406843409964,0,1,368.0867862570254,fashion,10.643740617552384,0,none,1,RET-000595
3744.615712924231,20,3,0.8935930176305463,2,0,189.62410472004248,beauty,7.11252059894213,0,none,1,RET-002745
378.7232434272712,306,2,0.7163710559542394,1,1,86.59953255835356,books,7.491223308375915,0,none,1,RET-000889
1210.129108076328,432,1,0.8927398202244543,1,0,119.56725454394329,sports,23.444437389406062,1,empty_box,0,RET-009362
4586.256905848779,175,3,0.8183432756201496,1,0,179.20729599219035,electronics,4.291790512990136,0,none,1,RET-008077
3561.232620964966,196,2,0.8580625902277187,1,1,205.26946419785457,fashion,2.556535493517842,0,none,1,RET-003236
4431.23139149598,12,4,0.7252941013404102,1,0,91.45895420043573,sports,18.817766222565947,0,none,1,RET-000955
1105.9383047342203,179,2,0.936241866849985,2,0,199.0258549804337,fashion,4.84036040454662,0,none,1,RET-001025
1663.5307536874889,128,2,0.8711958790696378,2,1,54.38416726626816,fashion,21.32139572567401,0,none,1,RET-006112
4783.664940709156,426,0,0.831264718775905,0,0,236.8703564987441,fashion,18.946053283599156,0,none,1,RET-002627
1591.556783821987,460,7,0.7786412801451731,0,1,176.23004631675204,fashion,10.911492725131664,0,none,1,RET-000202
2912.88767620122,276,1,0.7849762234026347,0,1,108.3533048599697,electronics,24.516758147570634,0,none,1,RET-004623
1070.7503401034917,860,2,0.7096072925550813,0,1,154.80423257765239,home,2.129030408780286,0,none,1,RET-006711
620.3052792408422,748,0,0.3316018550955742,0,1,183.49840232997167,beauty,0.7042955516036981,0,none,1,RET-006695
2408.397706185552,142,2,0.680822000606639,2,1,197.69037120301923,beauty,15.312434180443637,0,none,1,RET-006523
3434.009776490336,6,2,0.895601412003646,0,0,10.717636524483728,sports,7.510676813040664,0,none,1,RET-003403
945.8191377954886,716,0,0.9156067097825985,1,1,193.9419369972676,sports,14.445916970874661,0,none,0,RET-006102
327.51756146947844,862,0,0.7957634076902641,0,0,231.5521977167707,sports,0.16386847612684693,0,none,0,RET-003332
747.6931166488088,746,3,0.4533456502360081,1,0,45.839292204163364,sports,10.870158596161442,0,none,0,RET-001462
752.2872941303989,159,6,0.8302060098719131,0,1,97.535602756661,home,8.817452143957206,0,none,1,RET-003455
2460.50220742747,508,4,0.8832886702419647,0,1,114.70096192093808,sports,0.41647997616017646,0,none,0,RET-000132
389.65089850572355,215,1,0.9425328058140827,0,1,207.6499525954995,fashion,15.527432548712273,0,none,1,RET-009068
4765.488998456038,33,1,0.9776515110962597,1,1,267.3849626211312,fashion,19.898922990803236,0,none,1,RET-000193
1171.82114950932,162,3,0.6043018920340587,1,0,292.68808227132735,beauty,46.025793597402384,1,substitution,1,RET-009481
1500.2702946007703,433,1,0.8162632113319509,2,0,153.81241837989236,home,28.344348142968588,0,none,1,RET-005722
502.66337199859714,667,2,0.7742803538632353,2,1,210.58449223904216,sports,0.6058764833255659,0,none,1,RET-001934
1273.9316786454297,1119,4,0.7102532697772623,0,0,73.09063120896,beauty,12.853488294812676,0,none,1,RET-000733
2696.1546240297,84,1,0.6256660230875052,1,0,206.28200220437583,beauty,20.378528373391145,1,substitution,1,RET-009455
200.0,339,1,0.5532100964111614,4,1,45.91678820009925,books,9.226743562830212,1,empty_box,1,RET-009380
1638.9206422538373,254,2,0.8940606551917303,3,1,327.1097848624708,books,6.203464320215875,0,none,1,RET-007040
369.94678252553723,55,3,0.8008596134272732,1,1,234.88646194686146,fashion,6.64973229298497,0,none,0,RET-004149
1511.3668072397913,90,2,0.800946374854466,1,0,123.3812227406343,fashion,9.896364390608596,0,none,1,RET-003954
4150.839632516023,6,1,0.3768794358241183,1,0,144.4131414467929,electronics,63.559355650552796,0,none,0,RET-006460
2815.4236187965953,238,3,0.9085869832891467,2,1,275.01003869942207,books,8.446700430196875,0,none,1,RET-000426
238.74826771784666,1000,1,0.973048092639881,4,0,137.17004632626006,sports,9.580576850643267,0,none,1,RET-000722
2681.8492976195635,378,3,0.7452443646640677,0,1,148.0016051814033,electronics,3.7167701638223707,0,none,1,RET-006842
2808.300250742904,1166,1,0.9008762036083803,1,0,302.97834293289554,home,11.86566230391575,0,none,1,RET-006450
6836.4665677483645,2743,5,0.7926300340681837,1,0,106.4106821769376,sports,30.297696327279983,1,substitution,0,RET-009605
1064.9244217461153,247,4,0.8480572538740772,1,1,36.74328957646542,home,17.814783575761687,0,none,1,RET-005640
830.5695854047281,717,2,0.85412904275249,1,0,114.2205681654005,home,46.85517501955732,0,none,0,RET-004302
4953.732176397986,113,0,0.7542802814526786,1,0,198.18350679097904,beauty,7.848676171140702,0,none,0,RET-003231
2742.9390523607162,305,0,0.9163190515121253,0,1,194.6166538888914,fashion,7.216152509772668,0,none,1,RET-005614
2526.4192799028833,28,0,0.8285437448220793,2,0,106.07850561279675,books,9.270996128296282,0,none,1,RET-003711
5101.496099881776,290,2,0.5392270793301286,2,0,254.03162618262533,home,19.191461280653336,0,none,0,RET-006759
7524.123615424919,15,3,0.7739091614760435,0,1,277.6953623151616,sports,3.4689818923795306,0,none,1,RET-003585
5147.560040895017,226,2,0.9601392668566389,0,1,97.72842134251012,beauty,44.11767193404768,1,empty_box,0,RET-009248
1362.681032426524,792,2,0.9349140600478878,0,0,140.788980425047,beauty,2.888153738451127,0,none,1,RET-000289
1027.6963706598985,187,0,0.7500770155953372,0,1,156.16260104702582,books,15.569080130110464,0,none,0,RET-002206
703.3033103494519,1679,1,0.9169867526157306,1,0,169.54230512468175,books,8.492301689760918,0,none,1,RET-001538
1805.1713708715986,220,2,0.672626916222013,2,0,102.67764743097088,electronics,10.343766944384548,0,none,1,RET-008232
489.9889110327073,995,2,0.820370228463939,0,0,161.48816865188263,beauty,11.75612593423619,0,none,1,RET-008072
6439.437719367653,141,2,0.8222322562772559,0,1,291.43713190755216,electronics,9.78835083894336,0,none,1,RET-007238
1440.031270518761,101,2,0.78215125282099,0,1,222.36383095870033,beauty,10.247029819811564,0,none,1,RET-002076
5180.290321805296,480,4,0.8577498272846944,0,1,91.33298527648304,electronics,19.022396053632836,0,none,0,RET-008387
200.0,86,3,0.7772932538580111,0,0,39.831951405810514,electronics,1.506868741321908,0,none,1,RET-006662
592.1841337669659,1148,2,0.8602934406188705,0,1,330.85384602263997,fashion,3.046763502016219,0,none,1,RET-006294
1429.7279957412584,36,2,0.7291152629770175,1,0,193.19394330775302,books,12.806863119507483,0,none,0,RET-005532
1266.4797721741263,572,1,0.9944807656405371,2,1,138.93238442453938,books,12.40909236526402,0,none,1,RET-004688
1370.6752784720504,83,2,0.8233601291022216,0,1,74.17198750940945,books,6.130270625353692,0,none,1,RET-008337
3479.964058824631,55,1,0.5473284139102139,2,0,141.72066995478124,sports,11.298376197447126,0,none,1,RET-000354
1912.4515104449445,274,9,0.7252981157595756,1,0,128.2684763541088,home,8.161216252379367,1,substitution,1,RET-009955
2408.504728067088,556,2,0.9630756280042616,3,0,160.50472324330204,home,4.589802504511516,0,none,1,RET-002266
619.3022889031806,13,4,0.9468249665614484,1,0,320.9560159461876,electronics,3.21629428622012,0,none,1,RET-006621
1894.6903333643809,229,2,0.8131098413455733,0,0,188.06049276814215,electronics,0.7937019323491281,0,none,1,RET-007626
471.727462710685,1222,2,0.8242057151420092,0,1,188.75051545314668,beauty,2.376886164408178,0,none,1,RET-004753
902.2058940491011,169,5,0.5541392343603674,1,0,84.87933444244416,home,13.699251376866487,0,none,1,RET-001751
1975.2956100814044,744,2,0.7561304729528529,0,0,85.63931289092392,electronics,8.1040817625817,0,none,0,RET-001441
2878.65267018787,452,0,0.7501630167002613,1,1,125.41800795698519,sports,1.5780047416353284,0,none,0,RET-009111
17113.53557032562,164,3,0.9121416605718986,1,1,264.8767804394563,home,20.911166616817354,0,none,1,RET-002863
3804.624545958406,551,3,0.8062697280869614,0,1,201.96088283043832,beauty,21.76719458147915,0,none,0,RET-007612
390.17433560245723,40,3,0.8511374148472854,0,1,52.02554786442511,electronics,6.596346301877112,0,none,0,RET-003746
3029.4852075701997,32,4,0.8577178209571892,1,1,156.87356013936667,fashion,14.528930862520575,0,none,0,RET-000501
1243.161790522997,331,2,0.8742605153903691,1,0,112.28519409590025,books,1.977208123374287,0,none,1,RET-005063
1704.8947997079422,40,4,0.7986982688512643,2,1,257.6195869237297,home,0.2658502125805401,0,none,1,RET-000222
2375.314696652215,15,2,0.5993990915912099,0,1,126.97951202606328,books,1.172359566157608,0,none,1,RET-003850
3019.141661556193,227,2,0.6187713951227266,0,1,145.5219890303313,sports,6.918203909769754,0,none,1,RET-005067
870.9870967285228,202,3,0.8385525479565724,0,1,79.18177661694794,books,7.2369559573997915,0,none,1,RET-006988
555.7042219988531,100,1,0.9340845786546225,2,0,332.46741421609744,home,5.429104624108254,0,none,1,RET-002051
4729.9528144434435,460,3,0.6775253636889841,2,1,37.29719543843969,fashion,24.44718141505636,0,none,0,RET-006115
452.262878734846,240,2,0.7087905144695625,3,1,116.68476446716305,home,1.3495077357629666,0,none,1,RET-007601
5270.831782186086,189,2,0.8674089812422939,2,1,383.2238521024102,sports,17.48145531097445,0,none,1,RET-007823
2852.5433561871714,319,3,0.7863381916002643,1,0,75.6493485193562,home,0.2281418516074832,1,empty_box,1,RET-009492
221.62331405567897,387,3,0.8934259033810603,1,1,90.82762421438233,fashion,19.07110789848624,0,none,1,RET-007478
770.2690843808085,941,4,0.6496849633861662,0,1,110.26596942870088,home,9.50338117270037,0,none,0,RET-001562
2727.9113562753073,583,4,0.7479946312180167,2,1,71.37653028850019,electronics,11.051712579474755,0,none,1,RET-003341
2115.2118708201237,159,0,0.9352566101727742,2,1,109.22521358537358,sports,0.3526259420301982,0,none,0,RET-005636
1322.6165532709706,53,2,0.8764422572193791,1,1,142.70078125663196,books,3.8046057575629044,0,none,1,RET-000147
2783.5802687024575,79,3,0.9663366245009254,1,1,81.20632180153903,books,12.312925077831784,0,none,0,RET-002265
7553.016641198831,322,2,0.7485068192038143,1,1,95.71379763859171,beauty,31.489149155547075,0,none,1,RET-004852
2236.722226417642,383,0,0.9265518300254685,1,0,83.66883962311383,electronics,6.417997443924941,0,none,0,RET-003305
3302.928227591964,557,4,0.8385580875035716,0,0,157.49299797890964,home,6.180985606927469,0,none,1,RET-004190
2676.2676926954664,918,0,0.7384196879543126,3,0,108.8410817505483,electronics,18.915635309490977,0,none,0,RET-005211
8605.107825691317,100,8,0.8388256953150339,1,0,8.486222355907683,sports,14.517889696889071,1,substitution,0,RET-009203
203.77058662746853,759,0,0.549232593788216,1,1,118.34809823745564,home,2.5825945782710984,0,none,0,RET-005984
911.4624905177826,1096,5,0.8719815164389149,0,1,328.51298346889416,books,3.8219366481238204,0,none,0,RET-007288
371.96496120138994,344,4,0.7742663466390751,1,0,303.0105343054567,sports,2.9069934873162167,0,none,0,RET-008105
1331.1025165727167,36,1,0.3128905398763905,0,1,108.177782171812,fashion,27.763832408046966,0,none,1,RET-007666
2952.684437702488,681,2,0.7737902186965536,3,0,132.18347814024835,home,32.64337482127069,0,none,1,RET-003176
614.1709584348113,46,5,0.6774627315335462,1,0,278.65231236382533,books,29.324106756292217,0,none,1,RET-002224
2072.898639623401,374,3,0.6727775072030601,0,0,45.30398454981891,books,22.782197762413883,0,none,0,RET-007527
587.503372310769,391,4,0.927016805495131,3,0,28.915069537452037,books,49.89167703683121,1,empty_box,0,RET-009573
591.2191771817952,325,0,0.759138413752039,0,0,127.56567634336906,fashion,28.616384513512365,0,none,1,RET-006516
2138.2965022067892,1,1,0.7673059508262985,1,1,59.94409759509429,home,20.154295154188503,0,none,1,RET-001463
2386.408498123794,291,0,0.6565750131509728,0,1,36.825692521334126,sports,0.9041722296638822,0,none,1,RET-007787
200.0,746,5,0.867999335173297,1,1,230.47330287270015,home,12.609114656423875,0,none,1,RET-007815
226.91186563352534,56,2,0.7742140922462133,1,0,109.97409155473503,sports,11.333945159292607,0,none,1,RET-001626
301.7803202591906,722,1,0.9098840028197929,2,0,143.9855631698149,books,5.48897529304713,0,none,1,RET-005645
936.3781119765924,443,3,0.8769409077724966,0,1,204.29459251948634,home,25.34880566775956,0,none,1,RET-008626
805.5374042404547,153,1,0.7255701784934944,1,0,416.4202158111141,electronics,7.294243360794693,0,none,1,RET-005147
3500.2104491391915,59,4,0.9512490125739419,2,0,14.190889956183295,home,29.243880436495036,0,none,0,RET-003513
1379.1939300669214,151,2,0.5554119161474995,4,1,76.56937247207641,books,19.946136742662972,0,none,1,RET-008816
1416.5471810254912,268,1,0.8340331242838027,1,0,130.32711682993937,books,5.459945585360703,0,none,0,RET-006817
1284.8395569624104,2,3,0.8427004744206562,0,0,180.13521074327136,books,8.880416213361672,0,none,0,RET-004048
6041.990157740179,97,3,0.5037573034475842,1,0,268.09817711542945,electronics,10.212778948806818,0,none,0,RET-006410
618.7134231036179,201,2,0.7766932610546201,3,1,118.84608891917327,fashion,20.8352311457152,0,none,1,RET-002271
1110.1724660604043,258,1,0.8849227689966164,1,1,98.67291926174397,books,26.236427237405184,0,none,1,RET-004596
707.4669017779468,820,1,0.8316179336689173,1,1,85.19178825658284,books,9.037533889584147,0,none,1,RET-000724
5219.026984614758,750,2,0.9058845169041185,2,1,51.523833452528635,electronics,27.677532723027394,0,none,1,RET-001978
2294.958783939706,1265,2,0.9004559772408761,0,1,209.28286051819828,electronics,6.027188566906265,0,none,1,RET-006678
3418.1057448581055,160,3,0.8935363564128114,1,0,112.39273982727656,electronics,19.197593732600215,0,none,1,RET-002746
772.6316625162401,6,2,0.7651473848249581,1,1,89.57360913677445,electronics,16.077059453393144,0,none,1,RET-007878
11571.003909602508,405,1,0.879723788921802,0,0,208.99880075028682,sports,13.805653174805265,0,none,1,RET-005713
6953.739060098236,443,3,0.7023888731382242,1,1,163.60626469436446,home,8.026658041097276,0,none,1,RET-001194
3970.217398099717,125,3,0.7114712822845569,0,0,52.520405640528246,fashion,86.55008850982074,0,none,0,RET-009041
701.1561462330004,226,3,0.871827285189395,2,1,81.64846144093124,home,4.108931353988532,0,none,1,RET-007965
1774.774828869053,336,1,0.8667923092113323,0,1,67.44213453122696,home,81.79666440424924,0,none,1,RET-001075
2238.569618539773,22,1,0.6671324111253546,0,1,146.50148928968503,electronics,10.910368808305122,0,none,0,RET-003962
3620.1383431876793,377,1,0.9825277904941102,3,1,64.10851850086941,electronics,26.950955395672683,0,none,1,RET-005803
850.9795013936532,531,3,0.852478948880551,0,1,212.61962764926267,books,7.896296456147615,0,none,1,RET-004383
1256.4507837672397,99,1,0.8715722152116347,0,0,155.46377172409368,books,54.44325743826171,0,none,1,RET-007676
941.0196934068468,103,3,0.7029758790575992,1,1,61.80540182383256,fashion,19.30591776665703,0,none,0,RET-001500
3571.3050875276895,171,0,0.9404084508993497,2,1,93.3885039672339,electronics,41.54700518066329,0,none,0,RET-008048
2321.2007044018014,881,1,0.8137749909872469,1,0,204.38411057956534,home,0.24541056216793677,0,none,0,RET-007800
1224.7376695126068,10,4,0.807751347463521,1,0,270.72964901634833,sports,13.038424780204965,0,none,0,RET-006916
821.9192420989801,100,2,0.8086443169056282,2,0,140.2747274391303,fashion,19.57538960796136,0,none,1,RET-009057
811.93501436429,1006,2,0.6255174506397613,0,0,317.73477119258246,books,39.421489776984586,0,none,1,RET-002939
2096.0562031749464,245,2,0.950723069357457,0,1,153.79641449690723,home,19.533382220112802,0,none,0,RET-000256
815.5765987450767,455,3,0.7694634932266997,1,0,342.47870641594693,fashion,7.310475746051767,0,none,1,RET-007392
1737.2182799403602,196,4,0.6169636420511179,1,1,221.60933161656456,beauty,3.1253940594857412,0,none,1,RET-008189
926.3623192795893,13,2,0.9292816012478794,0,0,142.0197949709897,beauty,20.658384622493433,0,none,1,RET-002655
3980.148981393176,405,1,0.9717824764985202,0,0,169.87615851584226,fashion,1.2236376035551817,0,none,1,RET-008001
1950.1935904817835,346,3,0.8235194440699439,1,1,191.93463490006332,electronics,37.26046087930299,0,none,1,RET-000802
2313.446330228048,84,2,0.8298059201417911,0,1,60.250425260275684,books,7.763450531056058,0,none,1,RET-005460
200.0,45,1,0.6970460545343474,1,0,51.13676963888876,books,3.669244185589813,0,none,1,RET-004670
1672.8709629885655,628,0,0.8546247038930783,2,1,64.06309652941748,books,6.26226680404689,0,none,1,RET-008680
3364.2210671163375,143,0,0.5184634833915731,2,0,54.93323321402232,electronics,38.97008638664756,0,none,1,RET-004084
2419.4108562697875,584,2,0.6844719041671468,1,1,150.29401948451758,beauty,4.413542619339598,0,none,1,RET-001101
3046.9425789806596,569,5,0.898565412261768,0,0,51.45753297961193,fashion,45.61457426084024,0,none,0,RET-004846
962.8233313997989,95,4,0.6271309136697768,0,0,313.2388115539725,electronics,3.363122383152675,0,none,1,RET-001046
2118.5337290814577,299,6,0.7411918488439654,0,0,200.5895808150447,home,9.177352095256587,0,none,1,RET-000607
3160.8224829403325,180,3,0.7510740182681003,1,1,100.18245237404244,home,3.3303146217657447,1,substitution,1,RET-009649
7070.977519380484,520,5,0.8943821982176275,0,1,183.20083870985914,electronics,9.988454814722182,0,none,0,RET-004359
3261.0283923377506,52,3,0.9325118284148491,2,1,155.4030164473591,sports,35.702906920718306,0,none,1,RET-003014
1102.7468791684557,303,2,0.8993231897346234,0,1,201.08830909243295,home,5.149476327636591,0,none,0,RET-008947
495.84939405635026,280,1,0.9284010695508375,0,1,74.45429602751085,electronics,16.513460036883387,0,none,1,RET-009107
1216.1232095912626,1002,2,0.8843972147328402,2,1,31.69339758735685,home,1.3036857206140318,0,none,1,RET-003997
484.16722526999007,643,2,0.8314761147380066,2,0,114.7841834986362,sports,10.509427625160024,0,none,1,RET-001859
962.7087472574436,190,1,0.848631557619186,2,1,163.34536545862483,sports,12.280532206957785,0,none,1,RET-001682
1068.2174787752024,1446,2,0.8341682717643707,2,0,26.296482087771896,electronics,51.19276202295859,1,wardrobing,0,RET-009477
1546.0875666288214,2,0,0.596939019304444,0,1,176.3528606671149,home,6.356230351434214,0,none,1,RET-000391
4835.173536260442,1261,3,0.8167866934024637,0,1,185.87175956038772,electronics,3.1721753026759627,0,none,1,RET-002790
6505.022552571063,320,1,0.7520825122576797,1,0,312.2629605319662,home,12.144679167112965,0,none,1,RET-004103
819.0264606373444,581,1,0.7528979010563811,2,0,206.66509492819475,beauty,8.537893186256285,0,none,1,RET-008714
1635.5882787281923,147,4,0.7549030499584062,0,0,85.77748174046793,books,5.909940667893488,0,none,1,RET-003369
3716.9986210839297,187,2,0.8057704464128661,2,0,109.81140594264285,electronics,7.298824737658785,0,none,1,RET-005637
1167.6439004745826,284,2,0.7831636381102549,1,1,30.88414904544526,books,2.0108333869319828,0,none,1,RET-000315
791.4073931119748,887,3,0.872540840090988,0,0,217.85381081082429,home,5.601120620210402,0,none,1,RET-005216
971.454703867477,38,2,0.7758071517140462,1,1,149.30692487385326,home,31.381795313295008,0,none,1,RET-003134
6743.314849124409,100,2,0.737502764432947,1,1,181.284486960144,home,4.166465415101508,0,none,1,RET-005681
887.9342712635853,57,0,0.5396105002499113,0,1,207.79122344435805,electronics,9.456355374253148,0,none,0,RET-000055
4810.611454371816,179,3,0.7951471149640423,2,0,76.77191366683532,home,13.923260225310358,0,none,1,RET-006741
1371.0503450361282,354,5,0.8826931874111589,0,0,319.9090151814679,fashion,9.881112333014487,0,none,1,RET-006020
2979.2359176081295,622,2,0.9271031650417288,2,1,212.86612303743198,home,3.045673074035634,0,none,0,RET-002802
2808.976039982415,116,1,0.9086409887650474,0,0,48.695243612981635,beauty,3.479553575261652,0,none,1,RET-002926
2305.7535109230757,85,3,0.7555471522885295,1,0,65.55443129950514,electronics,33.80745421378386,0,none,0,RET-003293
1525.0496854553908,204,4,0.7253665489319798,1,1,311.57562387250783,fashion,32.804625137125086,0,none,0,RET-001137
1355.896365076023,88,4,0.7347652041241386,1,1,239.3101296498747,home,3.621763020868075,0,none,1,RET-000963
2864.8249547730857,164,6,0.5582456636850245,2,1,188.45747116459012,fashion,11.388409906582533,1,substitution,1,RET-009564
3873.456319523708,375,2,0.8090572306313358,0,0,47.40560176909941,fashion,10.888920140408494,0,none,1,RET-008703
618.6081409864473,449,1,0.623608846295148,0,1,187.98953072501757,home,12.474895309748257,0,none,0,RET-005502
1859.689358300051,527,3,0.962836521594263,3,0,228.13637570666847,beauty,3.8402808715662133,0,none,1,RET-006587
1069.4466329477193,1023,0,0.8482285487348634,0,0,158.1421422084455,books,1.5075161813658426,0,none,1,RET-007361
1134.8606830031065,254,2,0.7483763001516737,0,1,129.04458818335334,sports,1.0011760989605298,0,none,0,RET-002141
819.9954039456923,189,3,0.9552458533356103,0,0,87.80958642725498,books,9.704837087368618,0,none,1,RET-002168
1006.479640681458,128,3,0.8313558528888907,0,1,64.48037130696147,home,2.359475990771653,0,none,0,RET-001259
3706.718064787559,3,1,0.7292980739508581,1,1,73.35735300990792,electronics,7.0281148295108,0,none,0,RET-005728
559.7414077599082,122,1,0.5063024673575285,1,0,172.99354027887807,sports,5.661898928052814,0,none,0,RET-003785
2588.920143499291,369,3,0.7649209004859376,0,0,75.15228441368959,electronics,4.602886082757431,1,empty_box,0,RET-009320
513.2722079440792,65,3,0.8627154725441167,0,0,333.9486528551252,books,31.765222708832535,0,none,1,RET-005563
1200.8086443833283,44,1,0.6309836905636,0,1,116.03898231264856,sports,3.1482409680279524,0,none,1,RET-002073
1567.184052516631,178,2,0.7443143709484845,1,1,111.4685907625304,books,55.89973016621892,0,none,1,RET-005196
467.27565921358485,749,3,0.8030081131822229,0,0,146.7626128829923,fashion,2.7219800538644847,0,none,0,RET-002413
313.2334325660505,153,1,0.9366783927981791,0,0,94.96986514163834,fashion,8.779302127159095,0,none,1,RET-006182
1521.3088895349379,421,4,0.8525905425016512,1,0,123.93045097205469,fashion,27.61383011355357,0,none,0,RET-006177
4015.5960431966523,103,4,0.9067170468845481,0,1,80.12980096244651,sports,8.554715402083614,0,none,1,RET-007447
947.4582978913953,432,1,0.8701370130050139,1,1,92.34420180220867,electronics,7.269947496815347,0,none,1,RET-001037
1377.7501050578392,32,2,0.8074413594014379,0,0,92.87485642612549,beauty,19.448224640792887,0,none,1,RET-007940
757.2863057604596,352,3,0.6445608612864717,0,1,210.6960149925297,beauty,28.872012205521084,0,none,1,RET-003942
3241.9921720776706,36,3,0.8329185744355645,0,0,221.11140665578003,home,20.30885777173795,0,none,0,RET-008143
5873.616121800196,267,3,0.8433946849188769,1,0,89.96124475597978,home,33.31429321880137,1,wardrobing,1,RET-009664
2571.058940527751,709,0,0.9909289866857067,0,1,35.35159695644271,beauty,4.388602176831246,0,none,0,RET-003184
2473.448276052714,1180,2,0.8259003533831933,0,0,90.30253712225239,home,12.411176684848591,0,none,1,RET-006602
5635.262839274471,205,5,0.8488795107938254,2,1,24.364190627617653,sports,42.98230654003308,1,substitution,1,RET-009482
1626.6351913534893,179,2,0.8616619007154382,1,0,46.72997484244291,electronics,4.064465074166526,0,none,1,RET-007917
2048.595681068017,266,1,0.8145702932796339,1,1,125.34177037335871,fashion,17.81118344431406,0,none,1,RET-004453
1138.521459536994,316,2,0.8594459188402067,1,1,61.395301816162316,home,1.5976702668507994,0,none,0,RET-005674
849.2802257729597,646,0,0.6166307073565126,0,0,122.31465737652236,sports,12.22556307181688,0,none,1,RET-007667
2103.313722526353,279,1,0.877548515155573,0,1,82.32091268077453,fashion,9.2097499301549,0,none,1,RET-000311
5615.506829849554,213,2,0.692514892322166,0,0,218.84257910439385,electronics,9.760970158897832,0,none,0,RET-007236
1529.8791376700872,93,2,0.9201895325665161,1,1,40.89836374275238,electronics,11.405756005364788,0,none,1,RET-002905
2089.281289457462,443,2,0.8083356869886786,2,1,76.75519070388233,fashion,5.0354360608089035,0,none,1,RET-005707
279.308078848564,176,1,0.9213491334599095,0,0,76.07875142031642,books,4.950834486672335,0,none,1,RET-006137
1697.2264486486717,435,1,0.6732391644959539,0,1,59.55452798328751,home,16.32669840246523,0,none,1,RET-004101
1351.8428795350183,588,5,0.9175516734265937,0,0,69.12774686354494,sports,22.931252528458057,0,none,0,RET-008584
409.8466241593352,715,2,0.6841946250112669,1,0,172.06697801033394,sports,16.93559145224596,0,none,1,RET-001373
2113.64699521276,492,1,0.7148505214090463,0,1,240.85510848287953,books,1.175522823365479,0,none,1,RET-007465
1332.7120094346062,162,2,0.5830624140885301,0,0,123.56359434778166,books,15.552349165930062,0,none,1,RET-007975
9227.652860509565,262,2,0.5922460252076641,1,0,177.53012307529687,books,17.75249073799353,0,none,1,RET-005429
6993.200167990666,389,1,0.8662086676186485,1,1,133.15152668435343,fashion,5.86288709983324,0,none,0,RET-003452
723.148989107369,191,1,0.7142483376604535,0,1,93.14645211076657,sports,37.69870955429416,0,none,0,RET-008565
378.2208284118082,1211,3,0.9686630365968227,1,0,139.8442635039048,fashion,14.023170986921313,0,none,0,RET-000665
4830.297216942213,70,6,0.8784114633723502,2,0,247.9235837332873,beauty,2.6804479109546078,0,none,0,RET-005253
573.6646469751545,40,1,0.6473564604635221,1,0,148.3053051178946,home,4.376926125360635,0,none,1,RET-000159
1209.528789475506,217,1,0.8221395390695191,1,0,176.99113046388808,fashion,6.328710212985526,0,none,0,RET-000578
978.244851240315,623,1,0.8101501443365708,3,1,114.17033289701497,books,70.51337548517618,0,none,1,RET-005783
463.51434809422653,10,2,0.9791218449491087,0,1,195.1504209642158,books,2.767847432326098,0,none,1,RET-006185
2627.73822871405,407,0,0.8970357944122661,2,0,122.76980641830824,books,5.367372900458515,0,none,0,RET-003566
1346.2649577842087,794,4,0.8098374099517754,2,1,375.8868263917239,beauty,13.986276569990117,0,none,0,RET-000178
1013.0614607706599,305,5,0.474877217264834,2,1,66.51437678497473,home,22.086730804070285,0,none,0,RET-008040
482.1923826781419,1285,0,0.8570783148229854,2,0,32.50056055712298,electronics,4.909963142205338,0,none,1,RET-007388
1438.4770124870722,227,1,0.3938453295617413,0,0,141.26771836948814,sports,6.200009354416178,0,none,1,RET-002483
3901.280672618531,345,7,0.7367622998093233,0,0,245.29059557438256,books,11.15803035188174,0,none,0,RET-008796
871.9224496172441,522,0,0.603759771822853,1,0,102.18149581400036,electronics,25.509587638222918,0,none,1,RET-006217
864.7758851558193,81,1,0.8570199445830184,2,1,74.54780344768315,sports,28.03122222222509,0,none,1,RET-001390
3416.6841734836275,364,2,0.5835380185552173,1,1,250.02284456395242,electronics,1.2469017738408903,0,none,1,RET-001029
1418.421800546032,447,1,0.8029660930584888,0,0,84.66609341902755,electronics,2.6378316516161884,0,none,0,RET-004461
17914.458318068617,222,1,0.5781638517151059,1,0,145.30411730526228,home,7.7877215528880805,0,none,0,RET-007536
696.630542748717,229,1,0.808592938338774,1,1,283.96892631374766,fashion,11.33798403008318,0,none,0,RET-007241
788.709774276138,111,1,0.6945605400666945,2,1,93.35302092276319,beauty,19.788183987644405,0,none,0,RET-004669
1888.4154746555441,429,2,0.7895509168543587,0,0,59.680930253267604,beauty,20.67061404804577,0,none,1,RET-000341
231.2999123034751,82,3,0.9731860815849864,0,1,346.23837359963466,fashion,3.867304561063218,0,none,0,RET-000696
683.7789259269254,584,2,0.8321789229005698,4,1,87.67789019595584,home,25.029403551674744,0,none,0,RET-006648
1753.357475448473,246,3,0.3741195961508,2,1,106.14662744181899,electronics,0.43363099715237163,0,none,1,RET-000940
1741.620028367851,1095,1,0.8918228754050431,0,1,220.7795679190109,home,16.381936885601995,0,none,1,RET-007387
1286.943840448192,506,3,0.8152822273225155,0,0,136.76411464775856,electronics,1.7765354290102024,0,none,1,RET-002534
2507.3362901116716,562,1,0.5400817062545105,1,1,68.90867847020534,beauty,1.361040170371425,0,none,1,RET-007973
748.0323748916303,361,1,0.7677376041304745,1,0,46.511586236599065,fashion,4.802633725299781,0,none,1,RET-007983
6716.8004365466595,1278,2,0.8046322688764515,0,0,101.17458532466277,sports,51.91180077037732,0,none,1,RET-004599
2391.479798395953,1041,3,0.6894555668746138,0,0,163.95796282323448,sports,21.021864870055087,0,none,1,RET-004235
990.5891794316586,225,0,0.7424958486173463,0,0,113.12802215395266,beauty,10.3896603039153,0,none,1,RET-005876
1515.2586160276512,505,2,0.8615664833575468,0,1,152.70221641492356,beauty,11.639175127802403,1,empty_box,0,RET-009825
1367.3510566245213,52,2,0.7126937825765035,1,1,28.558362143254413,electronics,9.364202316624901,0,none,1,RET-004051
603.8965687150096,1733,0,0.9374338651524772,0,1,7.919595322140031,electronics,4.941407248094595,1,wardrobing,1,RET-009376
1488.0392332839585,28,2,0.8558466350616396,2,1,174.7613007286252,home,13.618657047185273,1,substitution,1,RET-009222
301.0722905642797,136,2,0.9563468143211217,1,1,214.85971006692063,fashion,21.17798754074484,0,none,0,RET-000498
1819.2081027802747,524,2,0.8371701485298224,2,0,52.73034518274821,home,1.3988560826399783,0,none,1,RET-004476
342.8468173781379,17,1,0.782012889403482,0,1,146.23606355720844,fashion,3.201251493187491,0,none,1,RET-001875
606.9754088035979,432,1,0.7924293568419918,0,0,196.16954916362874,electronics,35.6299293258711,0,none,1,RET-006258
1430.0034537819772,345,0,0.7373060636524008,1,1,75.92944041324105,books,2.200930761382026,0,none,1,RET-004844
354.49879396613636,48,2,0.6720569376033126,0,1,201.83402601199236,sports,5.108487805404405,0,none,1,RET-007583
3946.5819689870696,66,0,0.9557880795777529,2,0,146.64820977582534,sports,12.014940343447373,0,none,0,RET-007645
1365.1630534844471,103,3,0.940578091648534,2,0,144.40709103950292,sports,17.034972983734605,0,none,0,RET-007253
959.426166242289,93,4,0.9469422515063034,1,1,196.57829242136748,beauty,8.652562261538506,0,none,1,RET-004317
2429.2476845876195,164,2,0.8619527761361657,0,1,87.21183570085077,beauty,10.296232332659198,0,none,1,RET-000474
1007.1179154949806,416,2,0.7927540672659811,1,0,47.891542251293515,electronics,10.311562190885509,0,none,1,RET-005987
404.15001600713975,255,1,0.8633315884301659,0,1,96.00235099684818,beauty,3.2296448485343547,0,none,1,RET-004660
771.9978904178656,368,0,0.816316334044828,0,0,45.88493910003262,electronics,63.63127386553491,0,none,0,RET-000033
1046.5542836650072,6,3,0.780738588395104,2,0,319.90789469195283,electronics,19.14506086755973,0,none,1,RET-004251
581.2278217906527,125,2,0.7314939603564522,0,0,78.65327060043641,home,6.918900721488838,0,none,1,RET-008973
1385.0934641441563,149,5,0.7670035304752291,3,0,175.478682256276,electronics,45.01651730322229,1,substitution,1,RET-009289
810.4280854748098,1656,0,0.7865272363932627,0,0,133.71873205459536,beauty,11.582531333259576,0,none,1,RET-007843
1439.795833152732,483,3,0.9119548302336876,0,1,175.91132843604368,sports,7.411838351208864,0,none,1,RET-003331
1734.0796066686182,176,7,0.508841907215481,0,0,112.4276903872884,beauty,17.99956453174382,0,none,1,RET-000415
2249.1412001939902,443,0,0.8407592197815271,1,0,379.5879664909633,fashion,24.31116706939222,0,none,1,RET-005669
1201.4448361033856,70,2,0.9791168269367408,0,0,141.14435871813419,beauty,25.339384851381666,0,none,1,RET-001540
692.2743634893882,47,4,0.4840787537744419,2,1,112.86239778981452,home,2.659055427378016,0,none,1,RET-000106
1562.5031338376784,5,3,0.9306204287616392,0,1,115.91540756412546,beauty,14.12969836271411,0,none,1,RET-002715
895.9906439053268,1096,5,0.7085737354349302,4,1,75.68908872276063,electronics,35.27780528239246,0,none,1,RET-000603
1134.472054390494,827,4,0.9648885672122032,0,0,116.83156137037409,books,15.311705854887789,0,none,1,RET-004867
889.5429340098872,331,1,0.8409698456329482,1,1,94.07757211434988,home,5.4322581463681745,0,none,1,RET-000604
417.49241944097554,426,1,0.9216462758632367,3,1,53.79285466036353,fashion,7.895426957408058,0,none,1,RET-002246
1226.6466653985851,632,0,0.9624568300043547,0,1,325.57581508490205,fashion,22.422818340153043,0,none,1,RET-005205
555.8090358892357,304,3,0.9938776445197094,0,1,343.61233158803896,electronics,12.062509712448623,0,none,0,RET-000187
1287.7610254759763,60,3,0.7702398665880983,0,0,210.24970651757994,sports,0.8021003263925889,0,none,1,RET-003312
1397.196072741129,614,2,0.733193024722247,2,1,51.11715136470954,fashion,26.72755944449271,0,none,0,RET-008941
1179.1139513514122,208,5,0.9532051966998896,0,1,243.42541242720728,home,4.772630731755214,0,none,1,RET-008599
541.9404723013241,201,2,0.7431754427681775,0,0,44.68658243925929,beauty,8.300390454472446,0,none,0,RET-003562
3825.698557985248,47,4,0.7131659221841731,3,0,119.08417060852874,home,4.483406100763597,0,none,1,RET-009004
925.3234849061314,313,3,0.8945166122382376,0,1,78.39043855155403,books,10.513357523619726,0,none,0,RET-001840
2135.210988442226,124,4,0.9140291630459252,1,0,59.96692645279356,fashion,29.900721625913757,0,none,1,RET-009101
1265.569047589469,24,1,0.8149491453613424,2,1,53.630570978459716,home,3.6409540955733646,0,none,1,RET-007539
407.5242695124564,22,3,0.8364053008502141,1,1,133.2476674286199,fashion,5.935413742119893,1,empty_box,0,RET-009262
890.7313720690304,569,0,0.9023572073947692,0,0,54.47426309402867,books,5.434733943365945,0,none,1,RET-009007
2917.1634292207577,106,4,0.7929298423219314,1,1,154.37766837548068,books,15.709163233206997,0,none,1,RET-002487
200.0,403,4,0.7645355635870433,0,1,59.77248977287335,home,3.484867617028878,0,none,1,RET-004566
1867.0345736674872,73,6,0.9137812449055519,0,1,131.58299325123048,electronics,4.400333394757746,0,none,1,RET-004531
2790.583323089299,422,2,0.9265854272611749,2,1,171.34304184730715,fashion,15.728408837478124,0,none,0,RET-003429
440.4053960131172,71,0,0.6346575239727436,1,1,158.04628193975637,sports,30.86594358156696,1,substitution,1,RET-009820
2796.948641489034,4,3,0.9339887081645967,1,0,49.549590509822025,home,6.78213735035317,0,none,0,RET-005113
1565.4610571523974,1569,2,0.6572059951335137,0,0,264.14948682611555,home,49.19086422717902,0,none,1,RET-000908
1901.7551194959617,24,2,0.6408020128740043,0,1,98.20079244439405,books,23.60896276525467,0,none,1,RET-004783
2717.498364531298,42,3,0.863799739157472,1,1,86.64398721188063,fashion,6.960376120833109,0,none,1,RET-006947
4440.863476966553,447,2,0.9204328099275849,3,0,228.03860383821979,beauty,22.739514062517262,0,none,1,RET-007619
1080.909018536522,212,0,0.625209058363211,0,1,126.8310270194816,books,41.069808297910875,0,none,1,RET-003647
1379.3996396570806,315,1,0.8901544451507034,2,0,142.1148667892962,beauty,72.19595214296092,0,none,0,RET-004125
1971.208227837709,371,2,0.552814650133395,1,1,195.00028688718513,sports,3.4850820303140044,0,none,0,RET-007984
723.8058280670965,1765,3,0.6866212822199322,2,0,477.29050501922217,fashion,13.356968131266743,0,none,0,RET-000835
521.4504145311098,270,0,0.9479005101635409,1,1,131.8539155003328,electronics,2.0192893363235993,0,none,1,RET-006919
1896.3685854448045,158,3,0.7737702252813686,0,1,378.85946629349394,sports,3.6428965452327833,0,none,0,RET-000934
3309.6431129169578,22,2,0.7156820872678936,1,1,226.84357540960167,electronics,64.0144125970188,1,empty_box,0,RET-009944
1119.8856434783243,128,0,0.5413134303340885,0,1,74.9177134853155,fashion,3.280019763709598,0,none,1,RET-004885
1022.6152196965334,571,4,0.548618790384941,0,1,102.11127098829849,books,6.880925090565323,0,none,0,RET-000067
2697.6022734797834,270,2,0.8968086611791178,2,0,196.78364942797666,books,77.14090880834937,0,none,0,RET-002758
2940.6346518292507,547,4,0.8202302948920293,2,0,54.16399069297113,beauty,1.1344069936434487,0,none,1,RET-000068
5370.738756756664,569,2,0.7219611268118789,0,0,48.04506875675978,electronics,5.712424243645934,0,none,1,RET-006369
12549.18125523805,80,1,0.886778783025564,0,0,80.55921919926492,books,4.329132019372541,0,none,1,RET-003156
4362.465905067234,140,3,0.8887362371727293,0,1,157.664851788383,fashion,14.14409880053589,0,none,1,RET-005308
344.09002233898303,104,1,0.8059767794210967,1,1,250.11867788545032,fashion,4.6951595428867865,0,none,1,RET-008750
949.4307747329583,675,2,0.786616279572106,0,0,104.13464604456411,fashion,11.936467165457767,0,none,0,RET-007302
514.7397754249284,37,2,0.9080603816799596,3,1,101.75905818414488,electronics,6.697033886863468,0,none,0,RET-003913
2667.5491534962202,646,4,0.7625480271835859,1,0,31.376629760722064,electronics,21.87497092338201,0,none,1,RET-004369
7140.191775810481,556,0,0.9174083439786603,0,1,126.71894451212229,books,2.6548279866441935,0,none,1,RET-006660
491.1161210522618,4,0,0.9530812162033142,1,0,88.59396412673586,fashion,0.026317163012017045,0,none,1,RET-002044
960.9065451530518,726,2,0.6952182224061798,2,1,74.71267609308683,fashion,4.3267515862546455,0,none,0,RET-006816
474.32705869355016,134,2,0.8708653485004758,0,1,119.2299342242293,fashion,17.37253743206889,0,none,0,RET-005121
1067.967929656445,551,2,0.5468295144038481,1,1,169.1907780920603,fashion,0.7755221496821386,0,none,1,RET-008060
4489.938052753892,92,4,0.9122407760055508,0,0,97.7872769686531,fashion,2.099422150018629,0,none,0,RET-003725
998.1915566562832,341,0,0.9521013364321731,0,1,163.7315978445694,sports,35.87261943019138,0,none,0,RET-009078
1457.0858284767962,529,1,0.8716278648024196,1,0,115.3542853985651,home,4.407496606745018,0,none,1,RET-004085
2082.153415289716,191,1,0.8580093918155178,0,1,158.0892602369191,beauty,22.149217408837437,0,none,0,RET-004710
1374.3437097944404,319,4,0.8529214433605409,2,0,12.505555320572803,electronics,18.98355713037282,1,empty_box,1,RET-009875
2923.0701453888223,1596,2,0.8241791894031579,2,0,184.38150436014377,sports,9.529024892349765,0,none,1,RET-007155
1825.5355036984884,96,6,0.8716976505040533,3,1,19.520232971149117,sports,5.936584493211496,0,none,1,RET-000572
1265.9927110984775,551,2,0.8231377746728771,0,1,115.50443113354174,sports,17.426620420231366,0,none,1,RET-008178
404.4224089867711,137,2,0.9646828942496727,0,0,71.71319313192474,beauty,24.13186237790421,0,none,1,RET-002537
2801.2416629889854,418,2,0.6730082111448713,0,0,199.65062836177125,fashion,0.48579615727624736,0,none,0,RET-005721
813.2298833665434,99,2,0.898239274284155,1,1,42.09295830344117,sports,10.019683436750602,0,none,1,RET-008632
530.3206151630375,441,4,0.9353971145679576,1,1,118.10160115416961,electronics,11.580141340574587,0,none,0,RET-004686
1856.5122469826204,233,2,0.8216608902796403,0,1,94.96549301793948,books,23.10364194533684,0,none,1,RET-001634
11188.985995402518,96,4,0.5378759592038472,1,0,280.8263296800751,sports,16.31989159859253,0,none,1,RET-005827
1004.3340919213911,1180,3,0.7832713718456235,1,0,139.88740424092933,home,15.777123466267627,0,none,0,RET-005624
1355.1084824446039,309,1,0.8756069969021127,2,1,95.4337970915732,sports,17.013240620482488,0,none,1,RET-008110
1449.5523685703422,1387,3,0.5750642782652258,0,0,126.55057364872522,home,7.766617582851806,1,empty_box,0,RET-009510
1226.665151089986,648,4,0.7815381085591413,0,1,65.8792504877848,fashion,22.810306612301698,0,none,1,RET-007783
971.6987254813258,253,3,0.41352033764600177,1,1,171.0810618097301,sports,3.568143286092713,0,none,0,RET-008367
657.6495865836115,396,3,0.9190032150508441,0,0,275.73319760409396,electronics,41.763546333236484,0,none,1,RET-006415
655.5705405648214,135,2,0.6357869076934791,2,0,299.9939031395738,home,26.375463052219075,0,none,1,RET-002955
1392.757465331639,220,5,0.9101948262527995,0,0,228.28470944444757,fashion,4.094560234322635,0,none,1,RET-005437
617.6804255703919,152,3,0.8412216045323243,2,0,80.4740493547894,books,55.58905412095237,0,none,1,RET-007963
685.6301181502331,432,4,0.7620015054478569,0,0,214.99969688300928,electronics,25.224958929294793,0,none,0,RET-004907
1176.5274660379655,6,3,0.8946326732962158,1,0,279.4847045644922,fashion,1.5062261146607765,0,none,0,RET-007680
3739.017424003637,731,3,0.8805839771552258,0,0,59.78981245672508,beauty,5.52214887260243,0,none,0,RET-005879
2069.4502319620606,202,2,0.6586974337606223,1,0,87.43054406829641,home,1.2893329648654195,0,none,1,RET-004225
3537.97478267984,476,4,0.9646163022469895,0,1,78.02394874695354,fashion,18.813951621013963,0,none,1,RET-007445
970.4430142071909,106,3,0.9068863350111527,0,0,39.38940884789722,books,13.456521758857104,0,none,0,RET-006990
376.76647293812033,506,2,0.8207409757564228,1,0,77.1619412925283,electronics,1.288314079660347,0,none,0,RET-005726
8198.818973407764,649,3,0.8604937224223574,0,0,208.87592944279635,beauty,3.8669534701816697,0,none,0,RET-008074
200.0,542,0,0.864261432855167,0,0,92.56567390327041,electronics,9.40538663081732,0,none,0,RET-009008
377.48462359821417,292,2,0.7686826396866514,3,0,136.55210838042254,home,11.036536016534855,0,none,0,RET-006021
1667.6435032273496,287,2,0.8122088075898192,0,1,101.31599331599443,home,1.6890460877143543,0,none,1,RET-007468
215.3064640467347,749,3,0.7921597690882599,0,1,109.5149487316513,fashion,17.888831945819007,0,none,1,RET-000580
4646.316164766392,205,2,0.6474119465333614,2,1,81.19763291445575,books,7.223055701159609,0,none,1,RET-004004
5864.167838093846,107,1,0.9158896420333573,2,1,144.79394135713903,home,3.798152521065176,0,none,1,RET-000427
4066.205067816556,360,1,0.8662609047090946,1,1,6.0,electronics,70.48442397096322,1,substitution,0,RET-009691
813.2626768963432,205,1,0.8085802725885454,1,1,143.50348336563675,sports,10.750257809669884,0,none,1,RET-006198
761.6154813844163,385,1,0.9440364410818095,1,1,186.33863925802947,electronics,44.85897864989613,0,none,1,RET-006940
5232.220855122314,57,4,0.5532973245732459,4,0,96.7129580789634,fashion,7.602859076306979,1,substitution,1,RET-009608
497.44230953041387,675,1,0.8272980634538265,4,1,116.77586979748634,home,16.137274016652565,0,none,0,RET-008788
918.0114548005922,69,2,0.89560755742356,1,1,185.07561113508277,home,13.053762678806537,0,none,1,RET-007893
934.3259719057475,184,1,0.950126378001005,2,1,225.88650662281623,fashion,28.614344302869778,0,none,1,RET-008842
1080.403674494082,205,1,0.8705934665605318,1,0,72.15909532231444,sports,38.158719554384575,0,none,1,RET-002751
1778.570408949072,167,2,0.6684731293247202,1,0,129.88331222152613,books,12.155025130597481,0,none,1,RET-005608
849.5997369861506,673,0,0.8046948745905865,0,1,255.8820426331166,electronics,22.572490060807592,0,none,0,RET-002765
2952.696096259587,392,2,0.8512094851571151,2,0,156.40816750855592,sports,23.442963424965416,0,none,1,RET-003538
796.5409297140469,73,1,0.8275242244118813,1,0,214.71452364214196,fashion,5.925613838999932,0,none,1,RET-001745
1490.8120423619953,32,1,0.793683764485852,1,0,303.17419832960405,beauty,1.566283753290168,0,none,1,RET-004206
10280.028597536326,928,1,0.7971851245033383,1,0,215.10479185762424,books,10.310031839068769,0,none,1,RET-003911
2335.919127168063,959,1,0.8512394711309902,1,1,68.03068590508707,books,61.6582221541143,0,none,1,RET-005193
430.09930029712615,26,2,0.7365425404315855,1,0,109.57023859447368,books,17.528187212461315,0,none,1,RET-007614
19791.488718861747,191,1,0.9443290880659752,0,1,415.1339240220879,books,4.52011435483591,0,none,1,RET-005246
695.1226507667932,72,0,0.9470400035738628,0,1,36.23669222686816,home,27.012194998778575,0,none,0,RET-005286
11220.791746107057,268,0,0.7718451922620063,1,1,181.6416485967622,beauty,2.381366004481116,0,none,0,RET-002364
549.9455940157098,520,0,0.5264514345484166,2,1,128.34611523681212,electronics,20.421365172744835,0,none,0,RET-008892
2817.643683073272,411,1,0.7044483775832978,1,0,150.91933077754683,beauty,1.8715509996803974,0,none,1,RET-001311
2851.1358454801402,44,1,0.7505017428982357,1,0,236.10072788021307,home,3.379496389263923,0,none,1,RET-006686
1330.9507563259078,126,8,0.8420961292435103,3,1,139.0005289427708,sports,55.77873140801801,1,wardrobing,0,RET-009984
884.4819087875607,38,3,0.9372557494727596,0,1,75.58665319467154,beauty,3.1603036773144795,0,none,1,RET-004857
640.4896692036282,53,2,0.7478196203785049,2,1,339.2240064673965,books,1.4489995040592063,0,none,1,RET-003676
1478.9745018026226,918,0,0.5501142115995026,0,1,302.4199151511923,sports,12.707764520247771,0,none,0,RET-002912
2022.00601920047,276,3,0.8890411763327413,1,1,14.577302986680646,beauty,14.52709503641391,0,none,1,RET-006033
3800.016471288414,261,2,0.7454358738417984,0,1,162.14506407085486,fashion,1.8185329892185618,0,none,0,RET-003060
1254.940441253923,211,4,0.9144450122174127,1,0,130.7583262140485,home,47.57136771676243,0,none,1,RET-003197
628.0620319060891,323,3,0.8260864418341131,1,1,109.26326727317988,sports,1.5439052244609663,0,none,0,RET-001493
1273.660348112345,174,1,0.7426865593806967,0,1,59.44184504013737,electronics,119.86486529314763,1,substitution,1,RET-009896
3461.5075512569983,122,4,0.871307301962859,0,1,97.69866767183571,beauty,15.138723851924205,0,none,1,RET-008914
1225.0238356234636,344,1,0.8098253125411621,1,1,182.9060759710644,sports,3.602335928240507,0,none,1,RET-006830
2364.207205550724,301,5,0.9851314806286507,2,0,165.0151722366116,fashion,37.57503327637416,0,none,0,RET-003326
2130.606968208186,261,5,0.751378785593246,1,0,93.91565917295107,books,1.4433180367823994,0,none,1,RET-005526
1600.274939040995,378,1,0.5405928750116678,1,1,233.0568143815103,books,25.99691925768805,0,none,1,RET-001261
1853.7486491472512,134,2,0.885555751550775,1,1,274.2517464679795,electronics,19.321121770359852,0,none,1,RET-004918
1380.0205399106017,402,3,0.39612349324559104,1,0,206.1968950063265,fashion,19.155477736299623,0,none,0,RET-008409
7903.200481525469,92,1,0.9311807606651512,0,1,330.1551318941095,fashion,10.1982588271069,0,none,1,RET-006155
308.37714209578513,96,4,0.4676106142489112,2,1,65.40193129263045,books,3.0166457194775496,0,none,1,RET-002390
1428.1524466173087,125,3,0.6569344791424087,1,1,223.27695908357447,books,21.36880629769304,0,none,1,RET-007594
837.4138280265161,348,2,0.840552853345916,1,0,375.33058335881105,home,0.7511770095614391,0,none,1,RET-000954
572.5535150246507,448,2,0.9186560698995521,1,1,23.863869726192515,beauty,141.1600614749866,1,empty_box,0,RET-009758
345.96249620228053,68,0,0.918996351549994,1,1,207.61941856101745,fashion,4.8130065703872695,0,none,0,RET-008489
2959.1389287363845,506,6,0.9279338300472786,0,0,111.02196139715717,electronics,17.00742253197597,0,none,1,RET-004056
947.1699810116662,100,3,0.5139033839564697,2,1,119.75750193728764,electronics,6.843594768589945,0,none,1,RET-007572
836.1465712779022,1,1,0.8715676189340071,1,1,291.76352401608534,books,14.607676011805156,0,none,0,RET-005215
585.0926924028655,954,2,0.7975493777046773,1,1,58.62457975796447,beauty,13.52530306104227,0,none,1,RET-006256
940.9090567610717,1263,1,0.8547928139024709,0,1,64.50600697549538,fashion,5.60534055756513,0,none,0,RET-008457
979.254341735216,36,2,0.956499652006862,0,0,150.1622370160332,fashion,8.775083388494496,0,none,0,RET-001734
799.428848956157,60,1,0.6905317507913105,1,1,187.78179698866845,home,0.581086703889581,0,none,1,RET-006776
3633.4559527387196,771,3,0.5476339940742821,1,1,105.56655255346547,beauty,0.3510660323708527,0,none,1,RET-008942
2383.4623613478925,237,1,0.8062097201139602,1,0,288.932663920046,fashion,7.740524623856829,0,none,0,RET-007910
3424.1601231698332,305,1,0.565536266828617,1,0,181.5543888093836,home,8.377628869367106,0,none,0,RET-007429
482.43156755588745,99,2,0.8087127499265697,0,1,101.21054868279514,home,1.2574703557416436,0,none,1,RET-006930
1649.6868948592482,1099,3,0.6820618566520568,0,1,51.254413459268854,sports,31.60603585125804,0,none,0,RET-005903
655.6381400599392,20,2,0.6982913464922327,5,0,60.82606897385482,sports,12.579475249403133,0,none,1,RET-004837
1197.7290485569204,161,3,0.7439740179847353,0,1,18.21346083303946,electronics,2.222970276596424,0,none,1,RET-006665
3093.517767045791,700,3,0.8079132546820124,2,0,174.86561875643184,sports,35.376822845949654,0,none,0,RET-005610
2470.4878678420673,36,3,0.707270157968549,0,0,178.60238810968187,beauty,11.97953953587612,0,none,0,RET-001685
2131.2508713349603,1031,3,0.8735648098897247,0,0,114.34403290523551,books,24.612106812688268,0,none,1,RET-006963
3108.938479070272,435,4,0.9473979095708505,0,1,121.9543954975625,sports,13.672826808213753,0,none,1,RET-003768
846.4863432690455,843,2,0.7927770632912856,0,1,174.9322976106327,fashion,6.41385859002625,0,none,1,RET-005165
8677.70786487485,54,0,0.663425941606843,0,1,366.28941912651175,sports,11.60564527049765,0,none,0,RET-002495
925.5429026697859,323,3,0.7612508345438929,0,1,135.5579107516972,fashion,10.851402978878246,0,none,1,RET-007543
1330.804394637117,765,1,0.6572941441039816,1,1,63.329805242245186,books,22.723482024341614,0,none,1,RET-004213
2225.7663588042687,848,2,0.713782912450208,1,1,139.55612279642077,electronics,13.270054451454493,0,none,1,RET-001911
4216.9176489742995,31,2,0.5383584556211745,5,0,41.80923261169067,sports,69.54942753116507,1,wardrobing,1,RET-009458
710.77849617366,22,3,0.7449930693545938,0,0,92.29426761264745,home,10.813289814170268,0,none,0,RET-003349
1221.9255213130448,310,7,0.8107969383810677,0,0,292.1054619591074,beauty,15.892494833461594,0,none,1,RET-002687
1517.9642850805492,301,2,0.696613733953947,3,0,112.20822219074473,fashion,3.146051804906904,0,none,1,RET-008567
660.2205702916186,694,0,0.6782384958205808,2,1,60.996942472747875,sports,9.20815488108056,0,none,1,RET-009138
562.6754273240149,45,3,0.5263501669672709,1,1,69.94506773718753,books,14.6450368944784,0,none,1,RET-006757
1909.5692310499844,246,2,0.9871203458098468,0,1,303.22087901592926,fashion,44.994648069656165,0,none,1,RET-004199
1576.3922603751414,970,3,0.8740163422733354,2,0,84.38898042847049,electronics,7.43883223529317,0,none,1,RET-002897
2718.418559930787,184,1,0.9471042061507862,0,0,196.06215121744904,fashion,10.851929018820108,0,none,1,RET-006875
1509.0897374948518,1182,0,0.7204902693862799,2,1,136.19663794917562,home,1.3236229939474644,0,none,1,RET-006402
1300.7540175152935,79,3,0.6611399949154183,0,0,55.49202107539208,beauty,77.81456307560153,0,none,0,RET-007385
1841.5531611996207,1204,3,0.8787296993452092,2,0,273.48146287051156,home,17.263036706952185,0,none,0,RET-003029
695.8978652246574,244,3,0.5945435346842405,1,1,100.9524111428624,home,11.8565830232988,0,none,1,RET-009147
2075.9011614213946,38,3,0.8895474495568817,0,0,24.98373603074873,fashion,4.0637206384628675,0,none,1,RET-009153
1518.157236323113,1169,3,0.9704507421054176,0,1,346.25930463294196,fashion,83.4576429265548,0,none,1,RET-004779
975.2596372015863,30,1,0.7417212043032348,2,1,172.85634846515254,books,9.792839143252968,0,none,0,RET-004941
909.966892089826,17,2,0.9723448961995947,0,1,92.01270931226178,sports,4.244459840345264,0,none,1,RET-003154
709.4132154358031,131,1,0.9261945303425324,2,1,183.35754718797344,books,12.69979016893162,0,none,1,RET-000072
2442.0561173188717,241,1,0.7755224616767089,1,1,153.23420060148473,fashion,19.782116610341394,0,none,1,RET-007062
2172.9519246122577,1039,1,0.7662112725181904,0,0,66.42159459912061,home,0.15474627916669736,0,none,1,RET-005091
1382.9969955544836,292,1,0.7514164244628522,0,1,381.87258173743464,fashion,0.3543516262424166,0,none,1,RET-005967
576.9572570373376,877,4,0.8529891694954254,0,0,46.91587554336254,books,65.1783876577402,0,none,1,RET-004633
1093.8621360099191,308,1,0.8540488324246991,0,1,217.7329765030195,home,11.012083603474293,0,none,1,RET-000100
1805.7210271655908,74,1,0.7846474420746482,2,1,246.8443187210607,beauty,17.051103496204338,0,none,1,RET-007999
1958.9619572599165,61,2,0.9422845714104001,2,0,87.74818299953651,beauty,14.283080621091488,0,none,1,RET-004796
1576.1809890979703,138,2,0.8590931065537207,1,1,39.81687586149708,fashion,27.78773812956928,0,none,0,RET-003582
2164.8415568995556,271,1,0.7837901672373817,0,1,228.33716569824452,beauty,15.514318421713304,0,none,1,RET-001854
2281.2700409305517,928,1,0.9477685378660626,3,1,169.52773878986983,beauty,0.19221141772476252,0,none,0,RET-004202
2723.2257201569682,662,4,0.8964841784020341,0,0,175.8622330013948,fashion,40.25024293114755,1,empty_box,0,RET-009999
342.02202399244726,81,7,0.6932175563870873,0,1,62.48109799061259,beauty,10.159818565431264,0,none,1,RET-000496
526.3109292813585,330,3,0.5715392594268618,0,1,102.21672571161737,beauty,0.035036009835819615,0,none,1,RET-006853
2197.2858465001386,1094,1,0.7545654524127081,1,1,132.61624365187765,sports,6.568167557749814,0,none,1,RET-005557
4324.261236225447,218,3,0.47963635439172086,1,0,205.1603248610664,electronics,26.577114546498766,1,substitution,1,RET-009401
7279.2965145949165,174,1,0.8830562708695321,0,1,306.95102561966576,fashion,0.6505333185432666,0,none,1,RET-004611
1271.8210331534513,234,5,0.6948944682635196,1,1,101.82252808947894,fashion,13.157149335345576,0,none,0,RET-007781
960.0146220533708,149,5,0.8474239218962404,2,0,208.58087668893023,sports,13.725728756119244,0,none,1,RET-004880
1711.533649088346,10,3,0.7753234596369613,1,0,119.36501577805396,beauty,1.251210296965787,0,none,1,RET-004064
897.3991217482538,190,0,0.9641471987292801,0,1,105.08510094265246,home,8.682255013285582,0,none,1,RET-003512
1119.9282975568567,1190,1,0.8045098542156315,1,1,101.24603100539325,books,34.20858006516149,0,none,1,RET-000066
1428.2338457366075,490,3,0.798343835407681,0,1,136.09258387206674,sports,5.029582549353187,0,none,1,RET-007304
803.2498358933536,373,2,0.7244093410093481,1,1,49.41049526227121,electronics,7.294699200643055,0,none,0,RET-007398
1470.6033175371733,89,1,0.8079427591032217,0,1,157.4180557292434,beauty,8.578110175350373,0,none,1,RET-007825
1140.0167593760937,468,1,0.7683106660314791,0,1,157.1387314594616,electronics,0.8208827622269619,0,none,1,RET-008677
3228.3490404631443,129,1,0.8132428463412579,1,1,152.9078458806787,electronics,31.725630766284826,0,none,1,RET-004117
417.778494577893,4,2,0.6385996645122128,0,1,92.23428972459136,fashion,2.79592609769046,0,none,1,RET-003450
411.15803349228884,421,1,0.952173301043963,0,1,123.56801708482111,home,17.58924616567007,0,none,1,RET-000384
1821.3547992893396,379,2,0.8113947674961735,1,0,156.42587937864914,beauty,5.024860149525115,0,none,0,RET-008265
490.14189991871154,288,1,0.9591838137041118,0,1,34.75760497198075,beauty,7.966567363104212,0,none,1,RET-006892
321.24037523511015,202,3,0.8202524303681349,2,1,282.9293428751776,fashion,4.742136324842847,0,none,0,RET-002689
1445.2407003059286,158,3,0.9665591139281017,0,1,356.8640793078693,electronics,8.148068982221444,0,none,1,RET-008748
930.8287684217032,119,0,0.5265341366428776,2,0,66.81243899478876,home,0.15960065976319562,0,none,0,RET-007880
1290.4527332940127,35,3,0.7657936858461908,0,1,105.91245441424265,beauty,23.93640156583346,0,none,0,RET-001248
5580.969211385662,452,1,0.9185117742444635,0,0,199.26038594553629,sports,25.831039120359442,0,none,1,RET-004615
2880.461286320731,285,1,0.9161325210521654,0,0,252.95586878868122,home,73.30326072680936,0,none,1,RET-007617
1216.5542096919671,142,2,0.8901849612089962,0,0,131.73529120011608,beauty,20.00433161853539,0,none,0,RET-000254
5222.524741159305,7,3,0.6844193073723186,0,0,410.8535872737753,home,4.61733764080482,0,none,1,RET-002916
3241.1006987317896,757,1,0.7843035526528017,1,0,46.3626159541221,books,2.4340810999713556,0,none,1,RET-002211
725.4385991355123,276,4,0.7327779628654946,1,0,200.85385739922478,fashion,6.613634196181684,0,none,0,RET-003701
1900.0835526433762,597,2,0.9502209943006393,1,1,80.39068570615618,electronics,7.863185031533643,0,none,1,RET-008923
659.2968251604547,812,1,0.5662715563942178,2,0,88.78558887482926,home,32.63412613983755,0,none,0,RET-005809
1094.7110215588289,87,1,0.8206822530456788,1,0,223.17981987349768,sports,8.815281663782484,0,none,0,RET-003273
3298.9759331678565,445,2,0.8509055766639233,0,0,246.06321244884697,electronics,9.86284309632139,0,none,0,RET-006121
3225.5392481857602,226,4,0.8018517467843189,0,1,163.78058297677333,electronics,0.4628165071628817,1,empty_box,1,RET-009725
3791.0763730826907,251,1,0.6022272934394919,1,0,101.48894010337732,sports,4.082427512576562,0,none,1,RET-001623
1856.8363631108036,263,2,0.8886247503345382,1,0,162.779281296377,beauty,1.3597074359652546,0,none,0,RET-004196
1677.584495120911,288,0,0.7233426079373877,1,1,27.12059573650054,home,14.91776675486917,1,wardrobing,0,RET-009470
2056.5331089983547,17,1,0.7455917536138907,2,0,58.324790114137315,home,1.9867489619089704,0,none,1,RET-006009
2355.0489031103834,136,5,0.8502029503411563,0,1,29.095660079982288,sports,16.432450549681647,0,none,1,RET-002842
1423.572920220546,279,3,0.6948289445662925,1,0,173.8269431396697,electronics,37.674362802573285,0,none,1,RET-005071
1706.0173392885404,170,2,0.7317506284125128,1,1,170.9335990667284,sports,7.841100915069871,0,none,1,RET-000657
13954.6769206283,479,2,0.9184831320277262,0,1,124.72838239509964,electronics,17.219626907117043,0,none,1,RET-007404
3972.1944084478505,314,2,0.5970345944156018,1,1,177.35577793206227,fashion,14.533169323578377,0,none,1,RET-007671
750.160491189867,837,1,0.8246889800474866,1,0,131.00938415785518,fashion,3.812345051105285,0,none,1,RET-008014
942.1432368471917,246,1,0.8741370005678599,1,1,154.2667493965049,fashion,23.411001330818628,0,none,1,RET-005350
1197.1654461580868,830,1,0.8948698070159328,1,0,123.19216155341633,sports,1.1529577840017755,0,none,1,RET-003004
3432.282528284224,127,2,0.734920933433582,0,0,33.53758209098161,home,9.650877452201541,0,none,0,RET-007289
4486.53270477838,91,3,0.8062002307572709,1,1,129.67566786290905,fashion,3.514480551710694,0,none,0,RET-007175
911.861576748285,157,2,0.8198395002034736,3,1,159.3976204703986,beauty,18.162827338577653,0,none,1,RET-007673
1119.477525535264,178,2,0.7873450007781829,1,1,118.62797091243526,fashion,9.322734407519379,0,none,0,RET-008799
743.5630511522518,38,0,0.8479371678425146,1,0,102.66607010947963,electronics,0.8564606411395216,0,none,0,RET-003715
813.2584057552444,29,3,0.787192731854026,0,1,66.10218986721203,fashion,16.11849071016339,0,none,0,RET-004513
1705.7908370290368,340,4,0.5639741895056669,0,1,118.00249647779827,books,29.620452711102885,0,none,1,RET-005870
2417.217355297914,52,1,0.8173032654543909,1,1,193.8294499513177,electronics,27.307589848117424,0,none,1,RET-001188
3451.9197751423876,33,5,0.821105118919545,1,0,91.7383267311313,beauty,37.49362357210838,1,wardrobing,1,RET-009783
293.3985130128627,176,1,0.8361024972451946,0,1,119.20603685388451,fashion,24.31611450241628,0,none,1,RET-006941
853.8486782910821,73,1,0.9139815926823056,3,1,128.64840173511885,home,1.0522116617038784,0,none,1,RET-008129
4120.584958719016,981,1,0.7467855300323668,0,0,32.67101726427383,home,0.5723151536362456,0,none,1,RET-008204
2696.312643883709,39,2,0.8761457972510355,4,1,152.96460481791706,fashion,23.681436365813024,0,none,1,RET-004506
3118.979378491461,115,2,0.9011045430226226,2,1,35.485932981925444,books,5.7775658422101035,1,empty_box,1,RET-009243
688.4512577430769,517,1,0.922342688710087,1,1,161.63241381436015,home,24.790638301821833,0,none,1,RET-006549
2625.3161129863574,1030,1,0.876452486545161,1,1,71.11615134735439,sports,22.510788517270427,0,none,1,RET-004696
621.298577234966,62,2,0.5713251084389102,2,1,22.355015457563322,beauty,10.447073839648155,0,none,1,RET-005408
2833.639990066154,4,3,0.7905148097105674,0,1,166.74053200252837,beauty,55.119269145048264,1,empty_box,1,RET-009390
5384.5614033070615,1000,0,0.9383325030608993,0,1,193.571270570157,beauty,23.524729598322843,0,none,1,RET-004680
419.6850454841188,398,3,0.8449823991016907,0,1,145.40257130595427,beauty,5.700936801460667,0,none,1,RET-001296
959.753607323107,1063,2,0.9638638037418166,1,0,126.06682855003315,books,0.5421914492029978,0,none,0,RET-007758
1882.2718365281153,38,3,0.8092376733587644,0,1,195.39993321888414,fashion,5.711923891592684,0,none,0,RET-006965
514.0102604032934,710,1,0.953856344625479,0,0,235.68630756547498,home,19.44069935129969,0,none,0,RET-002876
3960.821634964801,607,3,0.8189635601183886,1,0,39.628073575153884,books,12.673065246982212,0,none,1,RET-006850
1454.8138482736556,4,1,0.968925247163644,2,0,69.59795308540542,electronics,2.3506522555630065,0,none,1,RET-006454
1326.2591783928806,190,2,0.9649207575549493,2,1,74.62546793612223,home,3.105592676586272,0,none,0,RET-006676
1569.2293428052546,1103,5,0.8312320425823517,0,0,190.21493169031834,books,19.062238383202015,0,none,0,RET-006411
1496.2563287053722,253,4,0.8289891989720899,0,1,380.7244304880535,beauty,9.028267771763446,0,none,1,RET-007857
955.6542871447713,293,2,0.6351588280586165,0,1,82.00726963294622,books,24.901906981666166,0,none,1,RET-003589
3692.545653711787,164,3,0.8292169278304973,2,1,105.59925178734714,beauty,6.314735715222282,0,none,1,RET-002906
489.70808259107105,425,1,0.7840499665810958,0,0,87.48638090132724,fashion,27.99959287910241,0,none,1,RET-003840
641.5999844595838,87,1,0.9395018065207689,2,1,83.40765496221452,sports,3.2661564184922165,0,none,1,RET-001014
633.8909154104566,673,0,0.7499244497222098,0,1,106.65928013349686,electronics,6.829796727238737,0,none,1,RET-005335
1835.6074812273603,5,0,0.9403225041628516,0,0,79.9620822365546,fashion,17.369522701321145,0,none,1,RET-000622
822.855349020575,1099,1,0.5711554111598228,0,1,400.1485352022824,home,0.6809772468540277,0,none,1,RET-009160
4384.671849374922,831,1,0.8903626113822548,1,0,158.94897115149092,sports,3.7174702740492562,0,none,1,RET-006901
2791.3418103552394,293,0,0.9542620099954126,1,1,106.26437355007066,home,0.07716875594942472,0,none,0,RET-004700
600.507654362021,607,3,0.8833840798845455,1,0,94.12051039811948,home,6.047809665675252,0,none,0,RET-000832
929.1896597994418,27,9,0.5490550901443452,1,0,143.1351292282548,home,2.144721796132719,1,empty_box,0,RET-009810
929.0077865547343,26,1,0.7936219933923495,1,0,66.5685430206501,books,8.721700169589852,0,none,0,RET-005840
3949.0400241022,39,0,0.9712620010718436,1,1,220.49786623184423,home,8.314889773297873,0,none,1,RET-006243
7716.495803648438,475,9,0.9079408663729122,1,0,96.61671806150409,books,52.86614618441093,0,none,1,RET-003465
1271.4873827357096,54,1,0.8149817634150526,2,0,414.94955110177915,sports,11.572961829181796,0,none,0,RET-002341
2193.2989778879864,37,1,0.7284479607725838,2,1,103.94014788520762,beauty,6.468577581524686,0,none,1,RET-003464
1029.8400090668429,2437,1,0.55976118169984,1,0,166.20985290082982,books,17.66264344679931,0,none,1,RET-006448
1513.4557586186413,217,1,0.863908319699155,2,0,154.8540362936351,fashion,10.735152953749926,0,none,1,RET-008378
2742.3185444494234,1043,1,0.7616322377974709,2,0,167.37623332319083,sports,22.265047239404925,0,none,0,RET-003073
2402.872472432551,74,0,0.9212871723020696,0,1,164.30390125358105,books,44.492484190775485,0,none,1,RET-004509
3413.8416346522026,800,1,0.553803647820185,0,0,23.102732158590914,books,5.331956465372276,0,none,0,RET-004574
426.7643304465296,552,2,0.8249248938677944,0,0,122.18369064758818,fashion,9.680008298223646,0,none,1,RET-004370
2767.9998815201047,525,3,0.6892070757186656,0,1,31.074554267696957,beauty,24.401570788760452,0,none,1,RET-000320
568.6681781842525,40,1,0.5685493414373062,0,1,246.56870184333553,home,8.912708410066383,0,none,1,RET-008083
406.0322053053716,802,2,0.8856969477387946,0,0,172.83321068080463,sports,5.341995538771485,0,none,1,RET-002761
3130.319953713928,132,0,0.6329651772113821,0,1,163.8406955208458,electronics,35.021020591395725,0,none,0,RET-007500
378.6088332342879,97,2,0.6398866085914906,0,0,121.82919413245811,home,10.176092864343278,0,none,1,RET-009088
1517.1700037553237,62,1,0.8392097440729249,1,0,146.98082993207584,fashion,4.61406702669586,0,none,1,RET-005407
200.0,197,4,0.7135127742469222,0,1,50.74351596188899,home,30.2897772873971,0,none,0,RET-007650
1855.7971001595424,783,2,0.8537940377360955,1,0,269.28673713640916,fashion,10.959186203414784,0,none,0,RET-000726
2911.8395108416735,716,4,0.9075450605593579,1,1,155.43195660720048,sports,37.86969034847873,0,none,1,RET-006181
3331.2985678738587,436,2,0.9247559934340777,1,1,297.45315287969856,beauty,0.9791724948080094,0,none,1,RET-005034
1199.357481664438,319,2,0.9424333635855509,1,0,73.07830398704179,sports,4.784833400864359,0,none,1,RET-001131
821.3818360600494,978,1,0.9275473082620467,1,0,247.53704019291155,sports,3.5646869553970806,0,none,1,RET-005238
677.3600851851329,750,3,0.8600850858186829,1,1,131.03199696174676,home,11.664903961320048,0,none,1,RET-004129
5766.46952362769,112,6,0.8120197951494971,3,1,13.479381746264256,beauty,9.811072637026133,1,substitution,1,RET-009842
736.235307531296,397,3,0.8771105104873148,1,0,93.67169622885108,books,6.057997349337004,0,none,1,RET-009115
617.0872047490624,455,1,0.9515924058509928,0,0,137.0392876459141,beauty,25.06263629397938,0,none,0,RET-001920
1119.5976619269456,316,0,0.9719127238899203,3,1,281.8225532782923,electronics,9.920772121253329,0,none,1,RET-007347
2081.6146747016264,15,2,0.6310514121878416,0,0,182.7210298353592,home,0.993514342888835,0,none,0,RET-003385
883.9808399109098,135,2,0.9472638341288301,0,1,145.80604473601275,beauty,4.597738807500665,0,none,1,RET-002923
2061.3713178563617,265,2,0.7935519778028545,1,1,112.78437194251063,home,7.072192488571504,0,none,1,RET-007560
643.615495579131,86,1,0.9458546291090707,0,1,146.31614745016935,beauty,21.40055266116729,0,none,1,RET-004874
676.7130284469088,103,5,0.8608308263506369,1,1,241.91852565952524,electronics,9.735658959902775,0,none,0,RET-003423
933.2202214599329,77,3,0.6689459515152707,0,0,159.8054378539311,fashion,20.192464629927585,0,none,1,RET-002788
2414.104129047265,704,1,0.8655596165964671,0,1,198.36205388519153,books,14.48513346643511,0,none,1,RET-007151
5496.963926780462,131,3,0.577609625830163,0,0,96.64692630573151,books,10.790243981388683,0,none,1,RET-009197
1112.0672094715733,322,2,0.8782901455547945,1,0,64.24849899787574,electronics,2.555415603747778,0,none,1,RET-003982
934.8877229910687,543,3,0.8367620091663808,2,1,196.00116063271298,sports,1.9400771152860412,0,none,0,RET-008160
1030.1340442708781,111,5,0.5522071162528007,1,0,63.53597751805968,books,16.907361864363203,0,none,1,RET-006558
1842.859865408419,198,2,0.7060692078561907,1,1,76.1464998487547,electronics,3.0835758502210746,0,none,0,RET-001792
2332.5739109547153,258,2,0.9196333417220466,0,1,198.94604405178103,sports,24.160764406776366,0,none,1,RET-004328
2261.0853724326453,126,6,0.5327689419270631,2,0,88.46872815774758,home,4.86129680477293,1,substitution,0,RET-009225
804.6495016594109,1623,5,0.9655021989506833,1,1,108.71126236985256,books,6.443827739455606,0,none,0,RET-002493
1171.2615191951916,700,0,0.8295261798364711,0,1,136.82982811314545,fashion,29.607299287693415,0,none,0,RET-004593
2284.1659564521456,104,3,0.719865215171997,2,0,74.4345231359117,home,34.92467110054831,0,none,0,RET-002531
1778.4725006996066,339,3,0.6345003742367307,2,1,91.82596672304967,beauty,7.425084101394251,0,none,1,RET-004483
853.4084787099911,80,3,0.45419098587133677,1,1,146.33323718151533,sports,6.919353576452832,0,none,1,RET-004552
1419.6759471417704,210,3,0.80223345392197,3,0,53.07503563293919,beauty,6.959198420568418,1,empty_box,0,RET-009422
2678.7169925305047,22,3,0.4991368351861868,1,1,198.69203950822825,beauty,0.2298528597776945,0,none,0,RET-007905
1219.2638650818665,558,2,0.7222286631059844,0,1,107.18105524421145,fashion,0.6857483472219852,0,none,1,RET-005920
6304.469751926459,148,2,0.6853301368911119,2,1,52.66657846181465,home,20.9957690981745,0,none,1,RET-005690
1513.8596823564142,112,4,0.6756850014091654,1,0,71.1013426475105,beauty,16.57083473413379,0,none,1,RET-001419
717.9769166099953,439,2,0.7100484345435198,0,0,234.79851874912274,home,69.48350590080433,0,none,1,RET-006430
3806.334037109346,1459,4,0.9706325441714723,4,1,121.32872295924733,books,7.515617541249487,0,none,1,RET-004598
1043.9975454183657,90,2,0.7242718337646857,2,1,189.0836787031916,sports,2.659042334403151,0,none,1,RET-007737
3140.7960689290458,11,0,0.9391102420978802,0,0,85.71784144913053,home,4.947820318036713,0,none,1,RET-000938
1362.898918587919,270,2,0.6166626786640067,1,0,187.2610644048367,sports,11.819282363843858,0,none,1,RET-005926
1227.4566829092043,128,2,0.7553785068984942,0,0,22.256066652273027,home,17.343772439536348,0,none,1,RET-001522
1997.1063400462872,347,0,0.8443235181011327,0,1,140.65131551233884,sports,20.048999844383044,0,none,0,RET-008050
296.98616622659557,232,2,0.7182046510312936,2,0,144.95736812891403,books,10.916511632886786,0,none,0,RET-001884
1098.6117757864722,297,1,0.9514768117687868,0,0,47.216978670135305,beauty,26.683717992792324,0,none,1,RET-008688
871.1715137041887,699,1,0.7272024275449577,3,1,269.04724320463185,beauty,0.6956971301342855,0,none,1,RET-001722
1150.3948245058857,283,3,0.781833833240588,1,0,177.61166418545247,electronics,14.74448945086191,0,none,0,RET-001518
3283.327488456225,14,1,0.7847289370647416,1,0,227.80096248668394,home,49.89311701196315,0,none,1,RET-007821
2717.9331431850815,188,2,0.8080281379009239,2,1,160.36631207163344,home,49.34104367520767,0,none,1,RET-006905
1271.1414996663418,142,0,0.9768022345270666,3,1,201.5698782771566,fashion,3.3937471829809973,0,none,0,RET-007827
559.2660310866288,525,1,0.8001928072585808,0,1,198.59002612264283,fashion,37.08909190823904,0,none,1,RET-001766
1668.3448073526329,1104,1,0.8438552187482021,2,1,87.51639193911652,books,9.037997100882635,0,none,1,RET-005769
2573.599075233305,240,2,0.652081631659335,0,0,130.6856783288488,sports,9.142270118176018,1,substitution,1,RET-009626
1436.9403455827053,832,1,0.9595825319486253,0,0,121.9040796055322,sports,18.501956275972507,0,none,1,RET-004442
7781.941341863536,407,4,0.6599462403886459,1,0,191.6841406904315,electronics,14.998909205765164,0,none,1,RET-006385
2151.868602832365,49,0,0.9145219143932167,1,1,86.21970848680995,books,1.463641888486981,0,none,0,RET-004585
2292.888400468088,16,1,0.918423435578078,1,1,169.85879460751622,beauty,10.774311586652093,0,none,0,RET-006165
948.2946942595105,45,4,0.9007429407187127,1,1,83.49067276360384,fashion,37.222850453641165,0,none,1,RET-008738
1989.7509129479397,220,1,0.7266180584873351,1,0,127.71972129404348,books,19.916042806324988,0,none,1,RET-003129
451.2202667863611,861,1,0.6788939125079647,2,0,421.44998863758707,electronics,13.565643341014606,0,none,0,RET-001318
1560.274958482829,196,3,0.6026661806247439,0,1,211.242762110162,fashion,10.029037251871092,0,none,1,RET-005590
1107.9282321216458,630,2,0.7208275180706832,1,1,49.09282490738133,beauty,4.451390495810058,0,none,1,RET-005881
1031.15954113809,53,2,0.9743427845908884,1,0,103.71048023802929,fashion,6.243484970872992,0,none,0,RET-002000
626.2623018149955,336,4,0.9399982359418015,0,1,80.05488971468986,books,0.22567714237748868,0,none,1,RET-003232
1865.52075621091,159,1,0.8989324313982154,0,1,78.04465771878013,books,3.1848566870547512,0,none,1,RET-000050
800.9219905212627,1,0,0.8369618172672462,0,0,179.9988413271674,sports,3.12990220074661,0,none,1,RET-006176
3597.432640044262,124,1,0.7334562009279996,0,1,61.80059309282685,sports,33.03447686424525,0,none,1,RET-002414
1544.2305631404208,592,0,0.7447110038165325,0,0,124.67030265727371,fashion,35.703846682346594,0,none,1,RET-006908
357.2410230380315,532,2,0.7599600488568834,0,1,112.12105414707732,books,11.698853738586818,0,none,1,RET-001617
1980.5098747882844,897,2,0.7773969157373977,2,0,122.5561219017014,electronics,6.204325706003518,0,none,1,RET-005638
1528.0608943841792,14,0,0.27867344534397454,0,1,132.0022104601083,sports,21.448737942607398,0,none,0,RET-001808
2474.6486793760146,267,1,0.8877219749574118,1,0,76.85686706611159,books,5.181720256990561,0,none,0,RET-003900
2776.5360787436252,94,1,0.8163372259630274,1,0,142.6287923778289,electronics,12.521393190075772,0,none,1,RET-002848
971.0432551855235,291,1,0.6230819412592675,0,0,61.980692580600426,beauty,3.9161632934315533,0,none,1,RET-008252
384.40723872397086,46,2,0.8856360386483827,1,1,459.3987945087333,electronics,23.037921186675423,0,none,1,RET-008009
2029.7047992357766,154,4,0.8282211923867248,1,0,62.20381090904625,sports,13.272954663541665,1,empty_box,1,RET-009611
412.3294334933071,85,2,0.9582492264705254,0,0,112.94247172144676,electronics,6.113098066142029,0,none,1,RET-007925
930.0439556543164,790,1,0.8576045198534871,3,1,64.49883672497714,beauty,10.195616327284116,0,none,1,RET-001710
2310.517384014836,12,2,0.8047949141671255,0,0,111.83274753636331,beauty,10.043130392448843,0,none,1,RET-000551
504.5584999243863,1282,1,0.6036185345744844,0,1,61.999384136829036,electronics,33.07509323936933,0,none,0,RET-008710
959.3459836593368,813,5,0.8443643471931361,0,1,64.31775643348458,electronics,12.792483772460228,0,none,1,RET-007604
1114.6881539268234,597,0,0.8839325397525657,1,0,117.99067015577485,fashion,0.0968398834733238,0,none,1,RET-002407
511.75673135185923,1098,2,0.9133193508676637,0,1,187.6990817938948,sports,11.073215968692919,0,none,1,RET-008448
522.456537323481,671,1,0.6739162892395327,1,1,116.04019451612774,beauty,4.978975933015684,0,none,1,RET-003878
900.4536695177412,452,2,0.8157000868848169,0,1,131.13749682383943,beauty,10.563207303179635,0,none,0,RET-006209
778.5303116157173,641,4,0.73183747004354,0,0,28.584219511366427,beauty,15.232029799588078,0,none,1,RET-001547
391.22469800421584,290,3,0.5793034489453716,1,0,99.67345636632174,beauty,25.54699007307599,0,none,0,RET-008407
1552.1257398836306,384,2,0.6573840402282283,1,1,179.59980779873192,home,32.48846437536886,0,none,1,RET-008976
608.9008535894311,507,3,0.8884803665198233,0,1,148.91567198278227,fashion,12.594895820538667,0,none,1,RET-000284
1087.1259190568314,449,4,0.9231116283867576,0,1,23.040593326876714,fashion,14.65135914091912,0,none,1,RET-009136
1851.6940689616783,116,5,0.7689292563164354,1,1,149.92600678900666,beauty,0.2992041860804868,0,none,1,RET-006324
1364.034765103923,1353,2,0.9337322340661132,2,1,80.34156139751734,beauty,29.66221782297508,0,none,1,RET-008173
310.00328388370644,397,1,0.8353636287018604,1,1,92.63794660791476,sports,9.298692512510302,0,none,1,RET-007928
4113.630361453906,2423,1,0.8262361530611169,0,0,242.87022705891013,books,10.702310691006007,0,none,1,RET-009061
2380.2433387349975,233,2,0.8536353717358298,1,0,66.13581257509563,electronics,32.191188816186184,1,substitution,1,RET-009981
1049.870270154338,50,0,0.501583285318389,2,0,136.11614411255977,home,10.847323251532101,0,none,1,RET-003662
1549.5224888857488,1287,0,0.8326484776941789,1,0,241.91975522149548,sports,9.148253566214269,0,none,0,RET-007353
2318.312610593786,503,2,0.7017741033879391,3,0,160.18245757729602,electronics,17.723258438491186,1,wardrobing,1,RET-009391
1493.8931510821417,5,1,0.9435992108986105,2,1,87.83668404055317,beauty,0.7059502255286547,0,none,0,RET-000370
584.0911070527891,273,4,0.936719757900778,2,0,96.31688996355223,electronics,3.7893487254569553,0,none,1,RET-000953
1064.3616430495624,16,2,0.6797609871828331,1,0,10.844984520887877,beauty,15.786436190390464,0,none,1,RET-000977
1654.7147845290551,29,2,0.760489584987126,1,1,240.53851633522143,sports,3.643736862943678,0,none,0,RET-008655
743.0422411816412,34,6,0.9504917095384019,0,1,237.62589328833633,sports,33.746739031839006,0,none,1,RET-007440
1046.6283276367233,228,0,0.9016246503561444,0,1,110.69760918168059,home,4.333544196287527,1,wardrobing,1,RET-009426
715.3111973959712,237,2,0.8867784042140879,2,0,184.0332596315625,electronics,5.059517326005205,0,none,1,RET-001947
6067.419403404349,438,1,0.9251294176567543,0,1,322.79202152751463,sports,38.91824688272071,0,none,1,RET-009035
410.835284756912,41,2,0.9178586037060159,0,1,88.2166719421096,electronics,12.69158064653833,0,none,1,RET-000382
3665.9946252844566,67,5,0.6234031675554482,0,0,391.41787216691955,sports,3.777004389115684,0,none,0,RET-002564
1092.5293372048482,270,3,0.7114185901129058,0,1,152.61954115810528,beauty,13.212708753252787,0,none,0,RET-001364
1324.2402135942243,465,2,0.8205367296267528,0,1,54.0448335778699,home,23.853055622933766,0,none,1,RET-009171
4797.274151039533,268,4,0.5032550154768153,0,0,178.00448913313937,fashion,17.771507873907407,0,none,1,RET-008651
5258.915742310029,487,3,0.47723545457586347,0,0,205.19310168641928,electronics,2.7972739005398255,0,none,0,RET-008161
1296.5670890270662,250,1,0.9017333032647724,2,0,61.032416184085235,home,3.781809464115603,0,none,1,RET-007489
1937.1993927902226,153,3,0.9441452896629213,0,0,101.82113315755039,sports,9.423641338310839,0,none,1,RET-004308
921.1996504876216,568,2,0.6237071864942626,1,0,326.84792690076443,sports,23.522968875896634,0,none,1,RET-006911
4030.6556725370465,1,2,0.7894284689084535,2,0,106.51078326869883,sports,8.379027989426074,0,none,0,RET-006571
2303.2603561139395,573,1,0.9194232248891968,0,0,42.09254927004583,sports,22.325421557985347,0,none,1,RET-007833
1306.0585466692157,51,2,0.7681680969735489,1,0,160.99972502872487,home,2.1086200733297282,0,none,0,RET-006234
732.4479622515414,250,1,0.8741559944437793,0,0,132.51236981618507,beauty,7.373804568149126,0,none,1,RET-001207
531.365548117447,332,1,0.8870793942166454,1,1,95.37083368223655,electronics,10.68960594019613,0,none,1,RET-006285
1152.255781167038,268,1,0.9283330524575217,0,0,142.40341256459698,sports,24.32938647525503,0,none,0,RET-003321
992.6359993779889,250,5,0.7669589238649127,4,1,143.35147094440129,electronics,0.5734866812305166,0,none,0,RET-008908
325.04489785735825,244,1,0.7876628447416849,0,1,183.71836280808296,books,0.013301467003753328,0,none,0,RET-002873
2761.9626652473426,34,2,0.9634295394502915,0,1,196.1200375500194,sports,28.51913046878884,0,none,1,RET-005856
422.5291031126003,377,3,0.8955316453018127,0,0,60.50885432587441,electronics,2.9519914244832908,0,none,1,RET-001655
1280.5233479740389,238,2,0.6707619344249507,0,1,255.15176044674513,electronics,4.615235276360225,0,none,1,RET-006404
2477.9679860225597,336,3,0.8069267898387518,2,1,162.43006155797866,sports,13.234837554437833,0,none,0,RET-006066
2015.6101692088916,138,2,0.8461361276111077,1,0,195.72998022378673,beauty,16.015320631666484,0,none,1,RET-000275
766.7800442868026,23,3,0.7462044948737918,1,1,208.07339541890462,fashion,1.4443387609277172,0,none,1,RET-000367
2035.2778945058576,188,2,0.933222911660685,0,1,355.5079468618525,home,21.42575720511541,0,none,0,RET-006509
2595.573831889705,1157,2,0.7315548940274635,3,0,345.4934872993242,beauty,20.492654915945042,0,none,1,RET-000394
1435.93868678272,492,6,0.5862840354132651,0,0,644.19096079472,sports,37.41830371185462,1,substitution,1,RET-009675
1295.3855179971663,607,0,0.5248682084628523,0,1,344.00369764635786,home,22.428897594969325,0,none,1,RET-008251
812.5271502780139,2296,3,0.817275259170975,1,1,116.08418191327006,fashion,1.7042406310713234,0,none,1,RET-001122
1415.8027417558674,908,1,0.7695911057557575,3,1,104.55182943679615,sports,19.63909296145793,0,none,1,RET-002632
4403.320136538499,288,0,0.8678186986886451,1,1,147.6698258368582,books,7.62775347996686,0,none,1,RET-000627
1319.1961752633238,10,1,0.8649978440525332,1,1,197.74496542762407,sports,26.712480927585922,0,none,0,RET-001444
3097.8133217695395,26,2,0.9054230342846669,1,1,89.8592546125931,home,27.859876900436856,0,none,0,RET-009169
1293.4632594996692,783,1,0.8132923281624883,1,0,209.79483695399023,home,7.135862045778361,0,none,0,RET-001856
1045.48944275406,74,2,0.9492361971335103,0,1,230.64640252305244,home,3.4385411780403614,0,none,0,RET-002303
2374.4342177829812,103,2,0.8946315923010867,0,0,65.74639613291711,sports,2.9803456970597964,0,none,0,RET-007849
1250.5468683645229,193,5,0.930271805921141,2,0,52.08748173166432,books,21.408011219974174,0,none,1,RET-006129
2535.594747226524,150,0,0.42388199342724064,1,1,119.8255280023385,home,9.401675015634323,0,none,1,RET-006466
3426.368848685545,376,1,0.8862797636091576,2,0,188.12789406336444,sports,24.099150023181767,0,none,0,RET-009182
1692.9839547857675,134,4,0.9583351471528649,0,1,106.23085532295437,sports,45.03271826176766,1,empty_box,0,RET-009635
1624.8564169194008,111,2,0.6026791991392326,0,1,75.66565135860321,beauty,3.6182101609793706,0,none,1,RET-004323
1937.6581417030152,64,2,0.7594524103970659,1,0,40.97015987174218,beauty,11.971493064763179,0,none,1,RET-007079
2006.2420800640145,78,2,0.5990799848054258,1,0,98.40444065767842,books,7.400934078280127,0,none,1,RET-003179
1806.2891887892167,626,3,0.8883011388146309,0,1,80.0019361430803,home,2.4203293274822104,0,none,1,RET-000785
327.9627485532004,19,1,0.6708201985428578,0,1,275.0813113481581,fashion,12.040359118609802,0,none,1,RET-007649
1373.8345906552315,215,1,0.7241790539099366,0,0,184.54519726251283,sports,9.34025464197481,0,none,1,RET-000843
2328.841717811891,382,0,0.777810053787435,0,1,231.29970042892208,home,3.8901457903082655,0,none,0,RET-008302
5877.769173401972,660,1,0.8903101868341731,1,0,209.89720986471286,fashion,40.65793484855194,0,none,1,RET-000190
845.5038960261811,590,0,0.7969868813635069,1,1,139.2393703243418,sports,10.896847947231356,0,none,1,RET-002661
3423.5169926963154,945,3,0.8829975058421238,0,1,157.15714838742798,sports,4.687844612051103,0,none,0,RET-003079
406.45504340550366,1065,1,0.8262342521401728,1,1,105.25461027289522,beauty,7.806072377760406,0,none,1,RET-000666
798.7243296422926,2489,3,0.7577880080320951,0,1,318.3932974796973,beauty,4.503471821818586,0,none,1,RET-002618
2580.494920842833,876,1,0.9235601674809495,1,1,141.13091570018446,home,44.18620829032476,0,none,1,RET-001405
1000.0670032314591,59,0,0.9105931315143616,0,1,276.8125046241055,sports,1.511404615336269,0,none,0,RET-002300
1082.5146544070312,698,2,0.8676195325649207,1,0,197.78675791257936,books,11.968170500189096,0,none,1,RET-005828
723.8423228111059,453,3,0.8953527546994355,0,1,229.82016263094556,fashion,0.5619992976295406,0,none,1,RET-005536
1169.4529218138125,882,3,0.4460600319338323,1,1,112.68231702252098,books,12.62218358241282,0,none,1,RET-008928
3085.6480532630217,341,1,0.8163114683151903,1,1,434.92673875649535,electronics,9.95966548771306,0,none,1,RET-006730
1028.2514331816196,783,0,0.6093208612888609,2,0,468.08440342166335,home,24.15712234566533,0,none,1,RET-002269
1531.3500071571718,132,1,0.8837907506447017,1,0,165.28495008263025,books,16.977327430111504,0,none,1,RET-005733
2126.887675775841,125,3,0.8224912690163992,0,0,75.77643201271621,books,1.339005706566377,0,none,1,RET-001897
1428.2620759692636,70,2,0.71521483162303,1,0,141.6249374458048,home,1.5668419156374567,0,none,1,RET-003251
1081.7854648879825,496,4,0.8612372804491603,2,0,194.20968101312585,books,18.50050395713411,0,none,0,RET-001560
1352.816608212773,363,0,0.9238737154842848,1,1,278.8629323449101,home,1.2070721627868466,0,none,1,RET-006668
2034.0562729641297,350,1,0.6405707839060114,1,0,201.62810746535612,fashion,3.6127566164059117,0,none,1,RET-004226
613.9365334086382,245,1,0.8708051256734012,0,0,173.2943318983789,home,6.8962631893909725,0,none,0,RET-001661
1646.952209858096,910,1,0.9771954337524797,0,1,228.0561635868264,beauty,14.268644710390623,0,none,1,RET-008836
2280.3968722263744,222,0,0.9202477534455121,2,1,94.88886409963585,fashion,24.646796390383052,0,none,1,RET-008597
1797.9709338514276,213,1,0.9208907184230618,1,0,111.77706589942665,books,9.952471638532609,0,none,1,RET-005992
886.0433023311606,755,4,0.8335585755045343,0,1,67.9017848292812,sports,40.02293621193075,0,none,0,RET-001850
2013.8726428671123,41,4,0.8739827473272459,0,0,49.33744629953053,fashion,44.37094733202214,0,none,1,RET-002784
1688.2647875319058,98,2,0.8890464320843366,3,0,28.49149961380609,electronics,6.477899520670142,0,none,1,RET-001960
1882.7558222819011,341,2,0.8490854390587341,0,1,239.38716477274352,home,17.841380209529127,0,none,1,RET-004211
1600.5189413676687,208,3,0.7791484068216291,1,1,356.64898900853456,beauty,3.618728091962452,0,none,1,RET-001725
297.5175208619572,475,2,0.6889552512892595,3,1,100.10204831680127,fashion,24.150641657377648,1,wardrobing,1,RET-009709
3954.9193760338344,173,1,0.7744865437825065,1,0,79.92641231587908,books,18.69479449988221,0,none,1,RET-003419
5103.447592742642,326,2,0.8712405844749772,0,1,137.23911365365302,beauty,26.53989849285978,0,none,1,RET-004403
2333.26753849113,108,0,0.8681977563951909,1,0,213.7428676125441,fashion,23.024145663995817,1,wardrobing,1,RET-009384
534.6637566175133,865,4,0.7707227440146028,3,1,242.88508296633805,fashion,2.4568433618351535,0,none,0,RET-002922
2642.7633181283077,156,0,0.9154140168033189,0,1,150.52960515196904,beauty,5.144108707510984,0,none,0,RET-008284
1810.1938623846324,1983,3,0.6727189337331682,1,0,126.65425650625177,sports,0.43548729394077834,0,none,1,RET-007157
1257.3283453460015,1064,1,0.8196625428528347,1,0,369.4514207317131,electronics,11.603601005227254,0,none,1,RET-001402
3131.8360103893588,511,1,0.7384438230762337,2,0,128.98408687875065,electronics,22.58407515006104,1,empty_box,1,RET-009333
4445.185915320945,283,2,0.6171757421466425,2,1,99.0798100252174,fashion,2.352812755416805,0,none,1,RET-007647
2925.860482877602,345,1,0.6386786646156543,0,1,208.19169250434578,fashion,10.232296027775522,0,none,1,RET-007881
532.9282736108815,502,4,0.9551458356625345,0,1,289.0841362161896,sports,10.951517656024556,0,none,1,RET-000907
974.6777588315847,58,2,0.6780832804000558,3,0,209.08900966736158,beauty,19.328809379363836,0,none,1,RET-008810
1158.681890610356,52,3,0.6555797265483144,1,1,156.31695389671353,beauty,3.5652207278280192,0,none,0,RET-003202
4203.503690537203,416,0,0.9391409751806936,1,1,171.62853790127448,electronics,15.85031847535636,0,none,0,RET-005974
1270.988405031214,338,5,0.7945773178755539,0,1,115.25315520140809,sports,14.625104908262948,0,none,1,RET-007842
1485.4100096085888,75,4,0.9173364532833745,2,0,86.37429053937804,books,10.072331290141369,0,none,1,RET-003659
2025.9736152664423,236,3,0.8078389684794951,2,0,146.2556828221436,books,4.17396542226667,0,none,1,RET-008150
362.1822122132176,247,3,0.7355873905129652,0,0,116.09800497238261,books,0.28871581923409995,0,none,1,RET-001657
1753.044342901593,309,5,0.8956025092080564,2,0,57.19051155729888,home,3.8347038967461513,0,none,1,RET-002109
10628.965967730526,396,2,0.6235135295449639,2,0,40.32595324459993,home,1.47315845145824,1,substitution,1,RET-009515
4676.680395798469,73,6,0.8755602384577015,1,1,288.09770872106435,fashion,11.115759121520874,1,empty_box,0,RET-009799
2679.9245919237187,462,6,0.8041452266777948,0,1,168.66256839606172,fashion,12.903476361859429,0,none,0,RET-007693
339.0312989400928,344,1,0.7808034752272769,2,1,136.39156514985524,fashion,0.6407918345460525,0,none,1,RET-002458
2165.0888542339253,268,4,0.7296361867100277,2,1,40.69673191088235,electronics,69.4537419031412,1,substitution,1,RET-009597
1930.6198473477227,383,3,0.9313969775871065,2,0,255.53030758905058,beauty,15.63878973498605,0,none,0,RET-002256
268.90629559817836,18,3,0.6981097146142013,0,1,341.659163073212,fashion,0.3565124971686293,0,none,1,RET-000142
2200.0125785545947,651,2,0.7666343486984547,1,1,108.5545454943972,electronics,9.61921872048767,0,none,0,RET-002696
892.5688833211685,849,0,0.5313548018381217,1,1,63.06983920490132,fashion,20.596093874003856,0,none,1,RET-008056
3270.209691427994,580,3,0.8700830506235125,1,0,231.4854573953376,sports,6.878623949168581,0,none,0,RET-006304
1049.0427212209102,444,1,0.7362325655755755,0,1,283.47295068921665,electronics,3.9442490263894596,0,none,1,RET-001968
1033.594327817374,26,7,0.703046169806381,1,0,547.9940884795768,beauty,28.4639030929999,1,wardrobing,1,RET-009410
1750.7072557473696,1128,5,0.8143347017325779,1,1,205.78973524120067,beauty,10.46318503890505,0,none,0,RET-008501
1147.4022354350973,116,1,0.909209436946631,0,0,111.7768108115403,sports,27.13131474118632,0,none,1,RET-008509
545.741829536735,966,2,0.8217055956058779,0,0,217.51294980839288,sports,10.878696085174196,0,none,0,RET-001438
490.01733837091336,29,0,0.9660866512074103,0,1,188.44171266157522,beauty,20.94917192098908,0,none,0,RET-001692
2196.486319483789,96,3,0.4938412062123324,1,1,191.3057567299764,sports,17.07800362930716,0,none,1,RET-002834
7269.826077055705,80,2,0.6993346480886602,0,1,85.24081899864771,books,6.177349111696984,0,none,1,RET-006053
1479.100503328029,25,7,0.5706526974813634,1,1,493.7389416512808,sports,2.421735164846135,0,none,1,RET-006705
2002.9374375954344,248,1,0.854326539197727,0,1,96.83651973934823,sports,18.39339495601528,0,none,1,RET-004433
4560.978336253856,226,1,0.7837777864658774,2,1,147.15379137768352,home,3.366144603997462,0,none,1,RET-003881
1678.718988589132,398,2,0.7482640159724432,3,1,117.55563507393335,home,2.9488909643315595,0,none,0,RET-001865
1125.209227866532,175,3,0.8516996976085075,0,1,97.84593467614361,books,22.218622897536726,0,none,1,RET-003205
5292.263451329704,300,1,0.9557645125797312,0,0,70.24127672218616,books,7.023523421810267,0,none,1,RET-007545
4478.199238693348,42,0,0.793324684477441,2,0,180.7971136180996,home,3.621747423367104,0,none,1,RET-002989
1417.627330625869,142,0,0.8037316322388582,2,1,73.11146731699995,books,4.5707440205553,0,none,1,RET-004602
2375.213911740174,152,2,0.872303055414325,3,1,83.80252922077234,beauty,30.412366972747204,0,none,1,RET-006565
410.49051658098426,135,3,0.8076906869378708,0,0,106.16650259378785,electronics,0.21437250340785743,0,none,0,RET-008346
1516.8235693050622,454,2,0.8081293431920514,0,0,44.01101936444709,fashion,7.1309034365532185,1,substitution,0,RET-009731
1507.1628225081904,9,0,0.7572117943156195,0,0,147.53836626622976,fashion,19.316058494419575,0,none,1,RET-005873
2223.141595347894,184,4,0.831621926514499,4,1,571.9080515061676,beauty,9.017200955901227,1,substitution,1,RET-009233
854.4493275632451,81,0,0.7641608100777391,0,1,133.80438566502798,fashion,20.393210750835287,0,none,0,RET-006511
927.1363962876458,170,1,0.9248454048679322,1,1,53.80587995082225,fashion,6.698406507572467,0,none,1,RET-000868
1258.491187495593,540,2,0.8925753990220769,0,1,235.2190765117824,electronics,7.830296478462224,0,none,1,RET-000787
200.0,646,1,0.6930805580948122,1,1,92.4857117362526,electronics,4.902406905232542,0,none,1,RET-001915
261.59307046264206,2,6,0.9624127012085695,0,0,86.70118425296431,beauty,1.9791611085629166,1,empty_box,1,RET-009407
1710.7561414174927,702,0,0.874703276543231,2,1,163.43600213004783,fashion,30.18796648980336,0,none,1,RET-007477
3001.608310949104,178,3,0.6572822975292811,1,1,238.1959251382444,beauty,175.23151717165075,1,wardrobing,1,RET-009967
2272.8600331688126,396,5,0.8242880558224794,1,0,234.27229335559235,beauty,13.702356021018153,0,none,1,RET-005786
4278.764935086117,300,3,0.9259173858719995,1,1,155.06389597303433,electronics,3.615442779769808,0,none,1,RET-007616
1006.864456238515,334,0,0.7837452390804491,0,0,249.41881396461184,sports,3.944981363992598,0,none,1,RET-007633
846.2940957228327,8,2,0.8674892584159658,1,1,524.5615712388451,beauty,4.069768513091626,0,none,0,RET-007194
1728.4279464668705,1610,4,0.7940383998023113,2,1,52.719002926047274,sports,2.794306878636072,0,none,1,RET-008258
1776.823794231435,140,1,0.8886554811337912,1,0,123.01618555410401,books,1.9125683307554522,0,none,1,RET-000225
2547.1294552215118,470,4,0.5371863332239308,2,0,296.19400550052086,fashion,46.37980122891546,0,none,1,RET-005520
1795.2718781441772,513,1,0.7275373791568509,0,1,159.5482946409454,home,23.532057404531468,0,none,0,RET-006249
1558.235611518715,507,1,0.8474998333071504,0,0,36.852359574918864,books,6.599421987139137,0,none,1,RET-003327
5025.986052240478,4,4,0.8383643316981224,1,1,74.36868814021074,beauty,25.053771906286205,0,none,0,RET-008860
549.9146170401327,243,0,0.6245820269521821,0,0,322.516615596099,books,18.78146850794146,0,none,1,RET-008175
2026.365654662838,589,1,0.9813686854034861,0,1,88.0894496294328,beauty,0.1113284863856079,0,none,1,RET-006623
1787.2901990377118,127,2,0.8050092749434341,1,0,153.91812696328304,home,2.620474892940638,0,none,0,RET-001869
3566.5472304741697,128,0,0.7524663831545796,0,0,244.5452279717384,fashion,31.879144513570978,0,none,1,RET-001754
880.68631127882,1,2,0.859732900906395,1,1,93.1241824827581,fashion,5.770816253207133,0,none,0,RET-004684
3423.028223121739,359,0,0.5903557768128468,1,0,160.61968473816245,books,15.338524148764973,0,none,1,RET-008633
6238.659788624704,66,1,0.5240932268244667,2,0,230.97617472491424,home,20.94247368814964,1,empty_box,0,RET-009736
825.7881343628205,43,2,0.6476623412754854,1,1,101.07136250027278,home,26.878781536910104,0,none,1,RET-001593
358.8972476541686,627,2,0.8410233896810547,2,1,224.37095333509865,fashion,65.51149992332648,0,none,0,RET-004329
1407.5360709105,163,3,0.8704319099883188,1,0,123.25015839699782,electronics,7.76516828253725,0,none,0,RET-006204
5509.772072189462,534,2,0.9510603172864741,1,1,81.65428374397106,home,13.975299917973313,0,none,0,RET-006064
1012.7941990196879,329,2,0.9151115216752088,0,0,125.91770034537669,home,21.209297580082538,0,none,1,RET-006651
3728.5909580618872,508,1,0.8964402310622798,1,1,152.9550349691116,fashion,0.09771929278430763,0,none,1,RET-008015
2870.9278277470708,59,3,0.9306799072552662,0,1,193.64168961487886,sports,11.314058795590363,0,none,0,RET-000314
1459.3130486700381,306,3,0.9345229981153319,0,0,246.35064589897286,sports,0.05338782540098595,0,none,1,RET-005055
447.85768034553314,249,2,0.8544394102753833,1,0,75.64503746447137,home,29.467041333858866,0,none,1,RET-000640
757.764822858702,160,2,0.7518100890967588,1,1,128.33593202483183,home,4.417908564826723,0,none,0,RET-006652
1417.0153825101693,211,4,0.8412699089940914,0,1,97.0725846980503,books,12.327868616762487,0,none,1,RET-007503
1723.0807743311248,398,2,0.6773711474057239,3,0,72.23789201998352,home,11.720283202099369,0,none,0,RET-006933
1555.4702445126645,16,2,0.7112422497795279,3,1,42.93265511061723,beauty,0.309405728420581,0,none,1,RET-001083
3416.5848439865317,898,2,0.7012215808837068,2,0,165.3027735087643,sports,4.234268803389874,1,empty_box,0,RET-009950
2499.204156455121,334,0,0.9471841459579425,0,0,39.72112751030898,sports,63.82612252728824,0,none,1,RET-001428
4927.37234095773,79,0,0.639770147737001,3,1,57.096929075693424,sports,0.4827953462819944,0,none,1,RET-008339
1492.5904561201273,310,0,0.6366477741382088,0,0,120.12023492892618,beauty,6.578523297586106,0,none,1,RET-003857
852.1770047345407,81,3,0.6900536822550122,0,1,278.2138973291704,home,5.880575242557919,0,none,0,RET-008929
3905.007838090651,309,3,0.3322572101055766,2,0,35.02692662039958,home,11.157516726294446,0,none,1,RET-000658
3261.225993279054,748,3,0.6924084518106863,1,0,221.9102704217689,home,6.452275083457407,0,none,1,RET-005547
3525.117729650545,351,5,0.7213199214796253,0,1,157.60946512834428,books,19.60766342423764,0,none,0,RET-002258
668.1628379419557,293,3,0.9188094035965594,0,1,100.26084225956802,sports,1.7930543751108963,0,none,0,RET-002045
1597.9586442774712,41,1,0.5055129915805333,0,1,220.196133789905,fashion,3.3302251219288057,0,none,1,RET-008614
1460.5364430971579,143,1,0.8813433005219147,0,0,228.27994896687977,books,2.7280571796767727,0,none,1,RET-000008
3223.535086047631,369,1,0.9591611359999614,1,0,397.3113207430695,home,12.886540166835594,0,none,0,RET-004919
1198.1182083151389,1662,1,0.8771504618465932,3,1,92.9797542306902,fashion,3.18363104312921,0,none,0,RET-006123
1227.4993639921627,177,3,0.6905244246873435,0,0,170.1392271679222,books,0.8656366873781326,0,none,1,RET-007858
1567.5933478769748,1742,2,0.35173285184025166,0,1,158.5597313117614,home,4.104584148259692,0,none,0,RET-009017
2036.7393387979203,92,0,0.815813986605273,1,1,236.0359048658224,home,11.860477002392939,0,none,1,RET-008242
1291.3515770658064,682,2,0.8478456969407783,1,1,167.69236823308847,beauty,55.606645920104484,0,none,1,RET-007098
1557.9207839022602,611,0,0.7662928973732017,3,0,216.70367175265932,home,2.713787414878678,0,none,1,RET-006613
4564.140473268683,336,2,0.8147284622387408,3,1,174.47339381480361,beauty,2.4875835827239716,0,none,1,RET-000201
2906.0191909616233,198,2,0.8877350469737916,1,1,92.32816573155242,beauty,5.4079936305929595,0,none,1,RET-002819
2435.255598561194,155,1,0.8817352811884772,3,0,191.78338528247093,electronics,29.777180718333884,0,none,1,RET-006342
339.39718752793675,196,3,0.49641712074168853,1,1,39.566151421915826,sports,0.5997203013231561,0,none,0,RET-004145
1496.058613989774,558,1,0.7232290594668752,2,1,148.3174224558173,fashion,3.3797497189364667,0,none,1,RET-003025
2417.469359089084,202,1,0.8859713851700549,2,1,128.0361073455485,electronics,11.245808666848053,0,none,0,RET-008921
1668.8231079389923,68,0,0.7467220565437894,1,1,50.997573168123054,home,1.8106680722187702,0,none,1,RET-001056
659.3120645809684,177,2,0.9066566958272492,0,0,288.05260184409195,books,31.54430454853774,0,none,0,RET-006567
6502.326747679782,110,6,0.8503213562496791,1,1,149.4806116171882,home,20.391434580636655,1,wardrobing,1,RET-009760
2085.1610428667896,523,1,0.6983901512602022,2,1,344.32865172203185,electronics,76.36723152229663,1,substitution,1,RET-009833
6321.68002871356,1179,3,0.8532279544002217,0,1,396.91780762026707,fashion,14.980209754803285,0,none,0,RET-005367
1323.310588398981,294,1,0.9694528911927893,0,0,77.9355025507216,sports,36.5168935680227,0,none,1,RET-007648
806.5872770873627,142,2,0.7900719355356534,0,0,190.93754615174893,fashion,10.48459241264396,0,none,0,RET-006807
1790.389516000027,106,0,0.9313347225437926,1,1,221.0039474689128,fashion,36.97968633845183,0,none,0,RET-000111
2020.762253325724,203,2,0.8876999310999392,0,0,160.00683869758902,home,1.2140479611075974,0,none,1,RET-002554
818.5932707597588,295,1,0.9239445310070941,1,1,160.06073722495066,fashion,0.22990792916766412,0,none,1,RET-003284
1690.4740168321239,56,1,0.7968321722690584,1,1,194.40598300016566,home,5.396603826195396,0,none,0,RET-007121
2337.738418154264,271,0,0.8057361838125106,3,1,339.60697100846994,fashion,10.434976138274497,0,none,0,RET-002441
4964.957235547523,86,5,0.8685037961477748,0,1,29.448960116987962,home,1.2654932080539623,1,empty_box,0,RET-009345
1239.200685548334,27,3,0.7717160945997132,2,1,197.11899281561793,electronics,65.79409407859801,0,none,0,RET-000133
5738.843525438047,46,2,0.8999591174147602,0,0,77.84517260890496,home,41.47864428281084,0,none,0,RET-004486
659.0096754097383,514,1,0.9589978459018798,0,1,119.56227911951274,home,5.581584971505235,0,none,0,RET-008573
1563.1851331971568,194,3,0.9590951280150054,2,1,50.02572142908692,beauty,1.8357593275815554,0,none,1,RET-003938
3141.4877521634826,479,2,0.8646529669348076,0,0,169.11354545414608,home,8.303007511542532,0,none,1,RET-000003
6048.936893849511,192,3,0.825076829299793,0,0,245.376633300028,fashion,3.848403480750045,0,none,1,RET-004490
2287.4471463411196,200,0,0.69879971095348,1,1,354.84748093709004,home,4.248215541882779,0,none,0,RET-007285
2659.6298762045317,141,1,0.8897316409643624,0,1,130.3159334800688,electronics,18.595666609432392,0,none,0,RET-001929
3527.094078056707,1737,0,0.9252926859786407,0,1,65.02276764688304,books,6.040225299772254,0,none,1,RET-000490
2451.5846490484296,134,1,0.6637518866759412,0,1,78.95308339092077,fashion,4.777385060837855,0,none,1,RET-004847
2674.5331957508624,202,4,0.7035813374624268,0,0,47.27934949429449,electronics,1.423397284548667,0,none,0,RET-000565
3001.086711642858,517,1,0.986583261526872,1,0,248.25057074301026,home,22.059482994746364,0,none,0,RET-005019
1484.1962034557487,683,3,0.8787231120372191,2,0,139.11010407476454,sports,14.904075350505085,0,none,1,RET-008517
2618.757965754204,230,2,0.9177738277436491,0,0,43.52163817359016,books,7.321341218154554,0,none,0,RET-005309
1135.899191095983,21,2,0.7807194811306142,0,1,181.61729621710037,books,6.296481821571091,0,none,0,RET-008697
2187.6073947879304,79,3,0.7512355581892435,1,0,129.88393404748834,books,10.576756264963777,0,none,1,RET-007017
5230.251082043396,114,1,0.8817183402188994,0,1,459.5022391115439,fashion,20.523413552716416,0,none,1,RET-001598
8585.384683204347,245,4,0.9549316968515977,2,1,199.85678794676798,fashion,102.80517153189763,1,wardrobing,1,RET-009447
4663.058058292412,286,5,0.7743491657685455,2,0,130.7201700780127,home,27.935824470830397,1,substitution,1,RET-009633
1156.393692341676,37,2,0.5560647832755381,0,0,198.02873439135408,electronics,1.1054381071195298,0,none,0,RET-000494
2242.2981311737044,668,2,0.8586912819013365,0,1,216.85086202590398,sports,24.33976207740689,0,none,0,RET-007050
1109.5812047097963,91,2,0.7971752364018527,0,1,196.4199076327572,electronics,37.122900147682714,0,none,1,RET-007863
1771.3059251778684,533,1,0.9272865270483689,2,0,97.10496811732102,electronics,59.548215151948696,0,none,0,RET-008246
495.3836743143741,342,3,0.8586718501483701,3,0,90.92143551297423,sports,20.342567706961077,0,none,0,RET-001736
3998.073893280894,265,1,0.6784438654085726,0,1,200.08830308117984,beauty,24.59708578161167,0,none,1,RET-001099
1878.0867603085069,611,1,0.8499044246751666,0,0,73.6152221534261,beauty,5.355067527081408,0,none,1,RET-001209
3364.85632550516,1193,2,0.6951671956941968,0,0,366.3422147098999,books,8.2798659521766,0,none,1,RET-005579
2062.197718253168,188,3,0.837179505380587,0,1,57.680935950595114,sports,4.7114540987152465,0,none,0,RET-000140
1358.6285690512334,79,2,0.9101403868806662,0,0,389.4198658677289,home,12.206409421969576,0,none,1,RET-005616
456.81004422971915,29,4,0.669260068029962,1,1,72.93454789460787,home,21.83004493734279,0,none,0,RET-005206
881.987303457385,142,0,0.8100898177806106,1,1,265.0242368093813,sports,84.24266971416426,0,none,1,RET-005156
4124.728040519657,1109,4,0.8492275064638022,0,0,261.41771135837536,home,64.0700877752545,0,none,1,RET-004391
1154.0590373189582,442,1,0.9669628286524166,0,0,100.937043066331,beauty,0.13777381585615722,0,none,1,RET-005307
486.67183853062306,279,0,0.9046367793566475,1,0,88.94552414850862,beauty,0.11307842744402434,0,none,1,RET-004427
495.9561088163037,1893,2,0.7259725502637936,0,0,106.81139675872689,fashion,37.65177588467912,0,none,1,RET-009095
279.35357573195455,95,2,0.7663640507794822,0,0,207.2606712542689,electronics,33.89154444830707,0,none,1,RET-001301
2332.6388152971813,875,1,0.8015416483182232,1,1,227.6878873625736,sports,3.5195461442483325,0,none,1,RET-003549
2182.3761911652578,52,2,0.8376456347676522,0,0,89.52830254058341,home,12.710978204256389,0,none,1,RET-008174
3026.6737476977514,218,2,0.6391230958546612,0,1,88.98557120017998,sports,4.290389779006498,0,none,1,RET-008922
337.5513895596219,69,5,0.8009167485887847,2,1,120.30384377180725,electronics,27.5933096666041,1,empty_box,0,RET-009200
2146.4271883739925,50,4,0.6663787670173739,0,0,37.965194201557914,fashion,16.548539494795314,0,none,1,RET-006094
200.0,90,0,0.6034185471664621,2,1,164.01161231176945,electronics,0.263350425251137,0,none,1,RET-002953
2420.1284441651655,23,3,0.85073937944064,1,1,148.32058941323206,books,2.7334231151879016,0,none,1,RET-008025
15235.686006550732,52,1,0.8238039387678762,0,1,246.55801725351597,home,2.862143410943776,0,none,1,RET-001616
2355.26811266657,322,1,0.7184707436342387,1,1,120.20486999730772,fashion,64.29636056905501,1,substitution,1,RET-009636
2764.3059559470307,394,3,0.820047909790102,2,0,220.36210587086035,electronics,3.2694369220261854,0,none,1,RET-004997
1808.5100971734407,335,4,0.7038206811151281,0,0,52.41383839839324,books,15.308796977699707,0,none,0,RET-004751
909.8876405586449,263,4,0.8758267623416126,0,0,128.4134421962568,home,31.77850364779659,0,none,1,RET-007696
1362.7553327181502,103,3,0.9662723368608928,1,0,88.55729337268077,fashion,37.60000926373701,0,none,1,RET-000878
4106.733360297076,100,2,0.7616027627400778,2,1,73.12809437129577,books,4.455334027393394,0,none,0,RET-008334
1490.1402588510973,93,3,0.7974950075336041,1,0,96.65231998731794,home,4.195410073796937,0,none,1,RET-001638
1969.4248943696691,108,2,0.7087984186676348,1,1,292.1384001277396,books,27.04424309114056,0,none,0,RET-000125
424.6364187969316,114,2,0.7882262810045679,2,0,94.31296829271052,electronics,12.814886734795582,0,none,1,RET-000510
620.901439994089,1693,4,0.9647440220878087,2,1,280.69018534551213,books,4.767797765561775,0,none,0,RET-002719
1740.3726647963858,458,1,0.7617448068593811,1,1,226.7514078307009,books,3.590527841526833,0,none,1,RET-005832
1913.4816538210318,134,1,0.7868520326584145,0,1,136.45058351063935,books,23.811065380583706,0,none,1,RET-001596
336.44830718837727,41,1,0.8515711125877896,2,1,90.388559148407,fashion,0.12450451687045165,0,none,1,RET-009139
1046.3864295081726,541,0,0.8130838164443555,0,1,95.8773428277241,home,2.362305090026461,0,none,1,RET-002552
998.9208117883701,170,3,0.7318914724605448,0,1,108.36506818858886,fashion,60.15302537870166,0,none,0,RET-001403
1375.7688046025617,310,0,0.683661678526051,1,0,104.32384967951486,electronics,6.240122558861208,0,none,1,RET-001997
7321.944301705765,260,3,0.7611338204811335,0,0,182.53535709367202,fashion,28.42243326760892,0,none,0,RET-005892
1536.2321797869695,1091,2,0.8797973581574342,2,0,209.29629842400325,electronics,21.60464696401496,0,none,0,RET-008426
849.5350085921197,725,1,0.629348216156981,0,1,187.016628327166,home,29.915709533276015,0,none,0,RET-001649
3548.560454567618,4,2,0.8052653001382408,1,0,214.86467481551088,beauty,15.74328942378774,0,none,1,RET-006437
597.8681404979596,705,1,0.7261817571071905,0,0,227.2885685918683,books,11.175149831428278,0,none,1,RET-000071
538.2732906875335,21,2,0.6617731404287176,0,1,114.56238838404134,fashion,4.6860242131248135,0,none,1,RET-002010
3572.261068113223,51,2,0.7984100694321391,2,1,104.02453544756884,home,10.519349905726115,0,none,0,RET-006059
3108.1444540702164,511,4,0.8215997491589994,0,1,103.185075756443,sports,0.25193876985199193,0,none,1,RET-005413
1984.5766925520948,20,3,0.8855823083303869,0,1,188.01882457642228,electronics,19.113271490229835,0,none,1,RET-002054
1301.0381953085234,134,0,0.3797018844237043,2,1,161.92835598917753,sports,4.534655806008944,0,none,1,RET-005986
461.0449532377391,137,0,0.8973508437319405,0,0,242.54791987998857,fashion,12.731849871085668,0,none,0,RET-007565
852.2735702034303,50,0,0.9607904633206741,2,0,121.56594660479571,home,2.718180079517086,0,none,1,RET-002683
892.2311503007983,386,2,0.8269846357446706,0,0,175.76695454029547,home,5.965014740377233,0,none,1,RET-005553
2126.9920121727914,440,3,0.8456919795417593,0,0,215.3911173102329,sports,1.1927190928181584,0,none,1,RET-007573
200.0,1598,2,0.8502965106130511,2,0,110.15407954977805,beauty,42.91496432450715,0,none,1,RET-007408
460.306778103368,507,2,0.6201490179785558,2,1,52.06184133236681,beauty,0.5263314464157686,0,none,0,RET-006899
1569.044408380951,34,0,0.8271185916936101,2,0,70.4041500515333,sports,28.543193937048493,0,none,0,RET-007260
748.6510261331817,39,3,0.7830920753037357,5,1,94.42659527844603,home,21.940481763435514,0,none,1,RET-001415
1441.5859670384498,125,2,0.7249535851612781,1,1,139.21097539512846,books,24.689440466062962,0,none,1,RET-006241
2605.7601418588138,92,4,0.8449891155226484,2,1,164.75899080684297,home,10.247590054582037,0,none,1,RET-000548
957.5169416084021,802,2,0.9083987435404839,0,0,135.20348925962716,sports,25.68997991064428,0,none,1,RET-005493
1736.6409090516904,86,1,0.7326016387338031,0,0,90.49531830901014,fashion,1.785532037210594,0,none,1,RET-001887
719.9435287165778,245,0,0.7426188901389714,2,1,291.8410905123436,beauty,22.420432103425583,0,none,0,RET-002410
3436.1795390863153,568,4,0.8176846847125276,0,1,78.35878016286235,books,49.33352624886194,0,none,1,RET-003103
761.2572412081328,214,1,0.8831433082396043,2,0,40.67540022006013,beauty,5.521201367476621,0,none,0,RET-002878
1384.8317047229052,257,0,0.6785932098101704,0,1,96.88109269161049,home,41.161434947607844,0,none,0,RET-005151
2104.036486991311,906,2,0.7237807125995306,1,0,153.04023018019512,fashion,14.26943502787173,0,none,0,RET-002567
773.5288228158071,120,3,0.9092865690736487,3,1,222.58670974585516,fashion,19.053848772783443,0,none,1,RET-005833
269.5197546133876,1252,0,0.5892128184386012,2,1,223.0615706685467,sports,0.8268011810684271,0,none,1,RET-001293
452.25748831363023,524,1,0.706738704960526,1,1,233.7589092183763,sports,0.9283147311119069,0,none,0,RET-000410
3507.815861616099,20,2,0.6962299141727069,2,0,100.28456442479661,sports,13.311855053950946,0,none,1,RET-007736
1011.3364409039222,35,1,0.7425957109877435,1,0,118.7364394191118,home,29.1914979348172,1,empty_box,1,RET-009297
3491.2904097375995,72,4,0.7270303666436074,0,1,218.25333689290113,books,16.449743963922852,0,none,1,RET-005315
1019.9721238327477,443,3,0.8366133105271552,1,1,195.056596356101,home,19.774495957632375,0,none,1,RET-004401
1311.5984754395492,515,2,0.7195689675413788,2,1,133.50689326758766,home,6.277450622804926,0,none,1,RET-001081
3283.1582155821015,302,3,0.6548202474470614,4,0,176.79057995129148,electronics,1.7317114863697074,0,none,1,RET-000796
878.7256470635376,102,5,0.8159598314803441,1,0,174.16107522058726,fashion,3.2135670078556746,0,none,0,RET-006510
2140.069551298994,388,1,0.7716831555243038,1,1,148.71713112068178,books,1.3328856608904718,0,none,0,RET-005868
2452.9105564502024,324,2,0.8606964565797837,0,0,141.5368941690927,beauty,22.839258518152846,0,none,0,RET-000051
1523.7994169469207,456,3,0.9623064401043638,1,0,170.4518942532855,fashion,1.7121030169296316,0,none,1,RET-008669
1159.8215372071784,69,5,0.5647602735438216,3,1,176.80976760168033,beauty,3.164079341761805,0,none,1,RET-002239
1644.6838382639996,47,2,0.4416551704531883,1,1,175.8782412550588,home,2.6190428148916225,0,none,0,RET-008767
861.940424748826,268,5,0.8394031224470083,0,1,186.89567843366225,fashion,5.614833148143324,0,none,1,RET-000896
4075.492597720666,341,6,0.8383758974726236,2,1,425.70093032056394,home,12.608981768908427,0,none,0,RET-006599
2368.0121559033983,479,1,0.8484217071242642,1,1,133.4313389393705,fashion,6.300523142058745,0,none,1,RET-004032
4067.5115364740454,150,2,0.8618402378504132,0,1,125.74226324230318,electronics,15.798045081570255,0,none,0,RET-008057
1700.2940801175425,774,6,0.737453797109569,2,1,235.3812186065919,sports,64.83319562857936,1,empty_box,1,RET-009294
1365.6389143683698,265,3,0.8151445157520302,1,1,86.507100929478,fashion,5.464551620463642,0,none,1,RET-003724
621.3263727825823,563,1,0.7768859046376531,3,1,198.19113925923344,books,10.775183680953626,0,none,0,RET-007494
1714.151990616853,399,3,0.9419573899196746,0,0,98.51670525707293,home,1.8327453259940754,0,none,1,RET-003817
1174.8259586598465,40,1,0.7851129558791743,0,1,112.34464269377018,books,6.092117832503685,0,none,1,RET-004518
2329.890448555365,152,0,0.41458457049825814,0,1,83.57094879969402,home,0.4532684626601525,0,none,1,RET-004662
1418.503476121024,112,1,0.6286471241792416,0,0,73.84585917531905,fashion,21.70150666854636,0,none,1,RET-002971
932.9978560157001,592,4,0.5224778938180638,0,0,67.48340592306265,beauty,6.607991359166728,0,none,1,RET-001746
3378.292807859568,83,1,0.6470569015806311,1,1,96.6884702537571,fashion,39.71178998697122,1,empty_box,1,RET-009484
325.5327499944206,282,2,0.8772592291875396,0,0,134.64988816404588,sports,8.475446096707188,0,none,1,RET-001976
749.736165465608,411,2,0.8285966777790585,3,1,83.76392225519353,home,3.0640766211516124,1,substitution,0,RET-009923
5672.5815345079955,108,0,0.9216717410287837,2,1,104.99651019989211,fashion,6.74552268088369,0,none,1,RET-009157
398.8111815279663,94,1,0.7616380245544199,0,0,91.93667067039404,books,42.1443753933599,0,none,1,RET-004197
1961.819381330262,643,3,0.6971090723966372,0,1,253.15533855501678,fashion,4.742820686541036,0,none,0,RET-001118
730.6505146695131,471,1,0.8589051000254102,2,1,91.03620738950873,beauty,13.392453101009224,0,none,1,RET-005236
881.2252504180163,32,1,0.7360854687596522,1,0,140.25623601968965,electronics,2.506640704466525,0,none,1,RET-006409
1896.0313737961358,481,0,0.7560745887989997,0,1,65.90309659454634,fashion,2.3227244344264117,0,none,1,RET-008434
4598.822321493158,107,3,0.7819681255797747,2,0,48.92105486528478,books,18.666237752651938,0,none,1,RET-005483
586.5729727821681,639,1,0.793733524844738,1,0,113.7054804395357,books,8.84386428958544,0,none,0,RET-007715
1943.9895758578502,614,2,0.9014584666468324,1,0,296.1125126071979,sports,4.346058853895598,0,none,1,RET-006434
2850.7784927129183,32,3,0.5536761801920503,0,0,13.22932252414721,electronics,40.369135439531,1,empty_box,0,RET-009790
1914.4177422166424,173,2,0.7573874774884264,2,1,191.28138316952507,beauty,14.400129303307228,1,substitution,1,RET-009782
651.4068439132598,6,3,0.9403998339587504,2,1,138.0066156326712,fashion,37.028607522679366,0,none,1,RET-006906
1315.5972290211605,357,4,0.8393058657308382,0,1,224.6561453115858,electronics,53.76468049843841,0,none,0,RET-000902
4741.850394576465,165,2,0.7419876546705765,2,1,133.452459668234,books,44.88849822847644,0,none,1,RET-009100
879.1566528357247,493,4,0.6369868268223221,1,0,12.86679142063225,electronics,26.38972374950017,0,none,1,RET-003917
3147.502640656754,494,1,0.8790460724849404,0,1,171.55509482953707,electronics,6.273016697541748,0,none,1,RET-005420
1153.5540516558772,804,2,0.614667893005436,2,1,193.13282018094012,fashion,38.12467205105105,0,none,0,RET-000894
200.0,99,2,0.6645334241531603,1,0,155.24380961231333,home,65.5176194857626,0,none,0,RET-005759
356.1704875926326,674,3,0.9455704607713142,1,1,116.60113668922658,fashion,22.02968712049357,0,none,1,RET-001546
11803.432202455411,336,0,0.773182640137913,0,1,20.21190009733378,books,8.576021391121351,1,empty_box,0,RET-009588
3040.7766187099905,222,6,0.5091621354301167,3,1,262.5429146725506,home,21.0589510774597,1,empty_box,0,RET-009227
3911.3798156815383,496,0,0.8113502525616058,0,1,222.86560739045004,sports,13.878392759067374,0,none,1,RET-006593
1760.8808730758126,35,1,0.9753405376961762,1,1,187.3039316697837,electronics,1.2581556113150587,0,none,1,RET-005527
531.2032065246997,483,1,0.9357948043213425,0,0,112.0927006000638,sports,11.54728668573338,0,none,0,RET-000594
2302.0698155682917,302,1,0.7923992018328728,0,1,158.03754422111678,books,2.884748467981555,0,none,1,RET-004094
1077.575540819698,1,3,0.8534267762543273,0,1,141.46028590099368,books,8.318501838414088,0,none,1,RET-002033
965.7256708956184,57,0,0.7986123318212368,1,1,127.99767723846138,beauty,0.4844898573344406,0,none,0,RET-000436
1446.5666976895957,5,6,0.8052929693445171,0,0,27.920558242669262,electronics,15.903509549203974,1,wardrobing,0,RET-009672
5508.944013839462,152,0,0.614699542945211,1,0,126.81389728392458,sports,7.317613384708585,0,none,0,RET-002940
3060.8571644276108,47,2,0.8448141406052849,0,0,109.36332651709695,home,12.276526853105631,0,none,0,RET-001956
270.42421700210514,424,1,0.8247576963124347,1,0,50.757559940861775,books,39.64312319911855,0,none,1,RET-004957
4391.165937403438,408,4,0.6480392776292326,1,1,127.01001418961577,home,48.194145093223945,0,none,1,RET-000123
1739.0180304239725,41,3,0.8419581585046759,1,0,83.70950632744268,books,11.302223713402087,0,none,0,RET-002566
1222.9888534600773,265,1,0.6764777143166592,2,0,139.0084267293611,books,2.5985954058666354,0,none,1,RET-005235
2422.9957086331838,330,1,0.7400826674217862,1,0,206.43603514031187,fashion,17.401535169795878,0,none,0,RET-007267
2260.064061285886,287,2,0.8311213733685663,0,0,38.86857822517523,sports,41.340125787381524,0,none,1,RET-005930
1686.576757472348,307,4,0.6869060343458375,1,1,135.52232231064463,home,15.06852605073249,0,none,1,RET-006504
1479.633235656471,67,1,0.8055604635230779,0,0,93.03490362948975,books,9.824142748279737,0,none,1,RET-001807
3044.699108345744,888,2,0.7348427351625841,1,1,92.10407398340817,home,7.8470093443225775,0,none,1,RET-007661
1247.5819421017832,482,3,0.8960282182871526,0,1,81.83484682257314,home,42.60649543313215,0,none,1,RET-002522
1264.9669365197656,540,1,0.839449478925989,1,0,202.25080534537278,sports,9.667872638435934,0,none,1,RET-002607
1498.0337594415905,139,1,0.7494891804123529,2,1,88.02045547531738,books,41.102250094353145,0,none,0,RET-003660
2063.863651779002,15,2,0.7008975386294007,1,0,285.88294964193864,beauty,20.693306900418577,0,none,0,RET-005076
815.6730894510642,1035,7,0.8672326831756534,1,1,50.70769235523789,fashion,16.00189185158598,0,none,0,RET-002416
761.5715252516205,105,2,0.7534441545477552,0,0,92.80010037030912,fashion,19.817235100368077,0,none,1,RET-001631
1220.363978468577,286,2,0.8659053288935453,0,0,179.1694889823189,electronics,1.6944134332864869,0,none,1,RET-005715
3337.771214013217,62,2,0.5821282937298626,0,1,221.202336284192,beauty,15.620981567397624,0,none,1,RET-005168
1126.4078432531237,67,0,0.9869924220275762,2,1,52.053062513173856,books,23.68637734194426,0,none,1,RET-006482
1401.2752933045895,316,4,0.9008329177554579,0,1,161.8641968177913,sports,67.17608167989455,0,none,0,RET-007987
979.4213347401476,28,0,0.9460057203775899,0,1,156.93640055315925,fashion,13.45849899509163,0,none,1,RET-002793
693.8113404485763,191,2,0.9026716821023844,2,1,161.0778113961577,sports,5.827036330546464,0,none,0,RET-008690
684.0218216949094,710,3,0.7576631780822862,1,1,194.74513039487982,fashion,6.521828853249937,0,none,1,RET-003378
3359.7106740680642,320,2,0.7942028983683093,1,1,157.0018963920532,home,6.499518523733557,0,none,0,RET-001890
508.3400411319121,282,2,0.7592471755915429,1,1,147.88889676442355,fashion,19.949677022997616,0,none,1,RET-006633
6132.611008830322,11,2,0.7296299010666271,1,1,73.79040508662314,beauty,18.77466514824376,0,none,0,RET-003148
975.3167638315259,219,2,0.6343934089727886,0,1,258.72009262696156,electronics,3.1163216747309255,0,none,1,RET-009077
2571.8693403092448,992,0,0.7879055514956499,0,0,69.4712739533376,electronics,28.876985025727457,0,none,1,RET-000075
1244.2461326285152,978,0,0.9267859596229103,0,1,206.33790034167373,beauty,2.3502291359529357,0,none,1,RET-003290
2690.4868692565474,2697,3,0.8720126623307279,1,0,91.93903638455538,sports,13.572688967859863,0,none,0,RET-004124
1022.9087853715249,86,3,0.6530466271253005,0,0,69.33594648663315,sports,9.0545860202138,0,none,1,RET-006811
3840.420514228229,378,0,0.7778507166741642,2,1,57.734417595442864,beauty,8.739101535868466,0,none,1,RET-007834
869.5280765355704,1352,1,0.8518980253126163,0,1,111.0626052805912,fashion,14.620088341565026,0,none,0,RET-003091
1369.4585493765453,194,2,0.6390994741245762,0,1,89.45570433115063,sports,3.984886978044448,0,none,1,RET-000272
1381.7966131496623,14,3,0.8822943811426123,1,0,84.82515314694199,electronics,31.86655521616728,1,substitution,0,RET-009315
2888.498056293404,117,2,0.5945320775396193,2,1,88.16574684264964,electronics,35.93144773184919,0,none,0,RET-003146
1870.511761139159,152,6,0.849949669841897,1,1,9.757285455933287,sports,20.779491088853828,1,empty_box,0,RET-009807
1664.0166803378472,889,0,0.9043576746764287,2,0,18.372079395846537,books,3.6791740304034724,0,none,0,RET-005822
1063.2731620750665,223,1,0.8369040691585194,0,0,89.93303037005221,beauty,10.449323472557138,0,none,0,RET-007948
1630.8071442010673,460,6,0.8323070258766471,1,0,233.47439128689138,sports,35.57267105508243,0,none,1,RET-005968
6718.257779366783,728,4,0.6521373246520251,1,1,35.96699613734617,beauty,4.404066106590577,0,none,1,RET-006418
3520.7659433042854,68,0,0.6066792916159095,1,1,92.10973288822741,sports,35.046473386726014,1,substitution,1,RET-009897
2065.431657194039,969,2,0.9234296837440962,2,1,53.571147511485584,electronics,19.706659578748653,0,none,1,RET-002270
2721.0045765126506,201,4,0.6182973374183318,1,1,244.6328968843476,home,6.925550516559518,0,none,0,RET-004579
3846.4074334993115,276,1,0.8648510492125725,1,0,104.99197282757406,home,30.54041937726961,0,none,1,RET-001280
713.8343830617805,49,3,0.8391367328022422,0,1,87.15018755675212,electronics,7.0214894478978085,0,none,1,RET-005956
1465.782583709434,95,0,0.9213151999244188,1,0,44.132755310432096,fashion,13.887944809608568,0,none,0,RET-000876
831.9077606837856,387,1,0.6621943016186677,0,1,215.99249435142158,fashion,0.2891176409954574,0,none,1,RET-006958
2703.2973561263047,328,3,0.8409668637940886,1,1,137.34139276702894,beauty,4.036321211542921,0,none,1,RET-007433
1009.466451279558,466,1,0.8840862802844306,1,1,88.07015024509606,home,13.820653593842545,0,none,1,RET-004496
536.9558016218848,1525,1,0.7844122028542709,1,0,239.7250452364072,beauty,5.501420785945183,0,none,0,RET-008353
773.7809668330644,158,1,0.7901179499849066,2,1,141.61513128925534,beauty,3.366040198492675,0,none,1,RET-003849
943.6676856487139,715,3,0.8187986580514477,0,1,166.0717160205648,fashion,16.01861603285478,0,none,0,RET-007873
687.0848533562853,360,2,0.8148878295368615,2,0,99.82426358253869,home,21.307825111416662,0,none,1,RET-001535
982.6687891010496,343,2,0.8927386210446252,1,1,65.48157505680956,home,6.50784548728034,0,none,1,RET-008471
2521.644326541497,384,5,0.810214922293965,2,1,194.22462513372747,books,5.878182037714862,0,none,1,RET-003923
1765.1612892036906,320,1,0.92454769008757,0,1,44.98530647678999,electronics,16.531722456834387,0,none,1,RET-000122
1119.0325099264019,360,3,0.8548829163778795,1,1,87.94390672330434,electronics,10.09906765300364,0,none,1,RET-008789
2485.0778908584643,6,3,0.6045000203208308,0,0,335.0607539312002,home,0.03395466392908905,0,none,0,RET-002741
3356.7476469385883,69,2,0.5990292826845328,3,1,79.77931646204351,home,42.90334483174809,0,none,1,RET-008418
5044.7446342478925,147,2,0.8337245603743777,0,1,216.70781796667188,home,4.607691364646617,0,none,1,RET-005686
4639.601766198814,274,2,0.8117441808211128,1,1,206.42405195473827,fashion,8.293129273255728,0,none,1,RET-009032
458.3327620781678,66,0,0.9091113634069092,0,1,102.5895022679021,home,3.638220157017532,0,none,1,RET-008021
1331.707290101268,179,6,0.8234338526808527,0,0,65.80114390740796,fashion,2.2594041106401046,0,none,1,RET-000806
1226.795157177754,765,4,0.8737555455303095,2,1,82.88463481372482,home,11.13921198277712,0,none,0,RET-005889
2670.4771806585563,967,3,0.9235515405847629,1,0,45.93521546777468,fashion,51.35884617886061,0,none,1,RET-000103
4040.5121525908376,780,3,0.7411040130888498,1,0,44.77428055926104,home,29.773956962988162,0,none,1,RET-004897
1517.527675593651,209,2,0.9225531849285864,1,1,126.54088302896712,home,4.146657680053838,0,none,0,RET-001982
2147.5096932824654,131,3,0.7639396566502101,1,1,428.66973779253976,books,13.460987345366814,0,none,0,RET-000509
465.5193744070955,720,3,0.8489406442547812,1,1,93.82601975221077,fashion,1.6070818080206997,0,none,0,RET-000113
2370.8136757413795,62,1,0.8465286329123366,1,0,221.37576307715275,home,7.455269624589159,0,none,1,RET-004058
1120.2336058032886,623,2,0.9694980111607834,0,1,101.91213898882114,books,11.072902453612354,0,none,0,RET-004780
2785.8680225977505,215,3,0.8647936665987267,0,1,264.31166820657086,fashion,11.071612194620478,0,none,1,RET-002210
2361.4035289558187,776,4,0.7128192590276311,2,1,71.8366827706591,electronics,29.49120826165652,1,substitution,1,RET-009727
1986.5655716512222,630,1,0.9143478182816825,0,1,154.6138721685882,electronics,0.27531663717094096,0,none,0,RET-008747
2618.7124696354454,1824,0,0.9028761402039612,1,1,45.071270986422434,books,2.2965205642448936,0,none,1,RET-005036
869.2165026025175,217,4,0.7655295081163018,1,1,156.5525648949331,sports,10.019083806287746,0,none,0,RET-000042
3566.5256550329395,114,2,0.9371181694147831,2,0,80.26650925620883,fashion,2.1014803863100204,0,none,0,RET-003933
2417.3697981389278,1293,1,0.9001336421497164,0,1,289.132818238396,fashion,10.859712065599211,0,none,1,RET-004316
1412.298614054717,416,1,0.9837673333443261,1,1,106.46144543769398,books,77.80040296112281,0,none,1,RET-004646
263.80062121524816,310,1,0.8751157221341405,1,0,108.29547662960115,books,26.98728541319417,0,none,1,RET-002078
955.8235137696834,836,5,0.7606596252421473,1,1,2.0,books,2.1389156509376743,1,empty_box,1,RET-009516
14559.201240233768,235,6,0.5159304160167406,1,1,136.9679423522226,books,8.362284448023406,0,none,0,RET-004761
1404.3886227881808,194,1,0.8553603374308559,0,0,141.70908162971335,home,36.02113607249915,0,none,1,RET-004809
2124.726978550133,388,2,0.8941197118576654,3,0,227.6376529044552,home,28.590326358202603,1,empty_box,0,RET-009270
2140.8745547214776,59,0,0.7471242888104871,3,0,107.51989598280858,books,9.680649367460642,0,none,1,RET-008980
707.3091926507568,142,2,0.730344730803648,1,1,98.11600512417932,sports,3.572784167198738,0,none,1,RET-004393
2370.7523299938825,909,3,0.6805538151983141,1,1,109.99539451071026,books,3.197956292942806,0,none,1,RET-002399
301.4686235614263,187,0,0.8966619529245782,0,0,174.0123198202758,electronics,15.180237598747214,0,none,1,RET-004201
731.740295492566,1719,3,0.7332560241213355,2,1,186.84398955517455,sports,8.095260647208294,0,none,0,RET-004795
1446.7245799667608,192,2,0.5109784914335426,0,1,126.80901033310947,sports,3.9750858728277496,0,none,0,RET-004314
1020.9313160161814,297,4,0.8045156489391786,1,0,119.76019382162333,books,11.627310934671648,0,none,1,RET-004397
1857.7563979214435,51,4,0.6295037957585785,1,0,54.35920995325261,home,5.469998613664343,0,none,1,RET-003325
5392.616269303603,525,2,0.8746678230648544,0,1,120.45111306405762,books,3.6799166123093228,0,none,1,RET-003112
1793.0384454004998,506,2,0.9660406146484039,0,1,209.67361126775188,books,6.419690980628685,0,none,1,RET-006329
1398.2086300265487,104,3,0.9923092136827749,1,1,272.5457387227275,home,28.32120545833572,0,none,0,RET-004133
2326.458498221348,718,0,0.8667454049950685,1,1,266.97360788216946,fashion,41.612208989180935,0,none,1,RET-008903
765.3260430055072,475,4,0.9040258646012277,0,0,101.49416315299953,beauty,14.92922410871913,0,none,1,RET-004075
2079.687077668311,280,3,0.742718193096557,3,1,114.13999005318072,books,3.27853180776389,0,none,1,RET-000857
1091.2463407003177,1770,0,0.6090487463316355,0,1,149.5114070053917,fashion,0.9236134735264903,0,none,0,RET-006183
3666.6415681948724,791,3,0.9138638018550482,0,1,196.0917608152203,home,3.3561953893266936,0,none,1,RET-002425
524.6825093100626,126,0,0.7258604327706054,0,1,159.54687275536864,books,4.78618090444259,0,none,1,RET-009050
1658.7891625629804,213,3,0.797696562383002,3,1,54.1463602504059,electronics,4.083347651467674,1,empty_box,0,RET-009703
4009.2902043349177,112,4,0.9426120879943772,4,0,36.20007222757118,fashion,14.632994357347275,1,wardrobing,1,RET-009771
1431.6203844222546,1954,1,0.8386014307742006,2,1,102.21475822145796,electronics,11.899913660354672,0,none,0,RET-003495
384.0676216180166,92,4,0.8668111823678855,0,1,247.06029748355567,electronics,26.078455073698827,0,none,0,RET-005623
1392.7611051084261,1,1,0.83799573729875,2,0,185.81568791978464,electronics,17.907861467692026,0,none,0,RET-006575
887.3138685709232,358,1,0.7615592890383035,1,0,252.5960629516859,electronics,22.679097031722655,0,none,1,RET-000128
898.8529483236235,20,3,0.7981583004308219,0,1,28.3422011512141,home,14.059408304979888,0,none,1,RET-001274
1215.0505545482647,698,5,0.8819134080657094,0,1,144.25625140203826,beauty,2.980293968203884,0,none,1,RET-003336
798.7674006613868,827,2,0.6635966142701022,1,0,160.34483660627674,electronics,12.4272858731686,0,none,1,RET-005037
1789.2626547266016,259,4,0.829088787525359,0,1,260.180528440883,fashion,0.5107810678458241,0,none,0,RET-001434
635.8246572602237,85,1,0.5072208940425932,0,1,79.37801855172361,beauty,10.709964922471912,0,none,1,RET-003893
1142.643603625819,1649,2,0.77819997738971,1,1,150.37868214599524,home,13.829812047147502,0,none,1,RET-008784
512.2860279252574,162,3,0.8255378578150707,1,1,44.78231678617783,sports,13.421197126553343,0,none,1,RET-001286
584.8003078709885,218,2,0.7168652201159254,1,0,90.69853488799976,electronics,14.791189114222975,0,none,1,RET-001905
256.67516719833134,332,3,0.9030394941607551,0,1,40.02950586593027,books,22.176903122580796,0,none,1,RET-008749
6838.774625065705,450,0,0.9378730170510087,1,0,65.1067696470776,books,31.926567209425475,0,none,1,RET-001354
1009.972890293244,224,4,0.7292845573814262,1,1,122.69777541964477,fashion,0.5972844260087756,0,none,1,RET-007558
5966.114022579351,6,1,0.8717457809952704,1,0,45.81957242772873,beauty,39.17449139458346,0,none,1,RET-006103
2220.008987656841,66,2,0.7960846094187292,2,0,117.16712021890858,fashion,1.0286298714183484,0,none,0,RET-001742
982.746167521014,386,2,0.775440042094122,0,1,95.07654214586398,fashion,2.967255108589599,0,none,1,RET-002105
3193.338311741098,357,3,0.9218397939807313,3,1,248.64245671527235,beauty,4.709530850565936,0,none,1,RET-007480
811.9523456340303,105,2,0.8524804653766165,1,1,192.79992228579889,beauty,4.657228519982885,0,none,1,RET-004355
461.99518222840834,106,2,0.8189466304886934,1,1,76.24889918811513,fashion,20.50801662948616,0,none,0,RET-006515
2787.5121479226823,129,3,0.9454105166695386,1,1,75.7285189487294,fashion,21.954109849440993,0,none,0,RET-007516
2782.4206647439555,284,0,0.7667697823345814,1,0,70.92060420941195,fashion,3.608616473388685,0,none,0,RET-007469
4646.86191053529,103,1,0.8995405261063357,4,1,90.90436896635472,beauty,29.226406004159184,1,empty_box,0,RET-009781
589.8873607427971,260,1,0.9369777485969559,0,1,95.4030987070098,fashion,34.13540096618513,0,none,1,RET-001497
2847.4219502090946,219,1,0.8278870477375273,0,1,142.94509092925182,books,6.439998081905076,0,none,1,RET-004097
4787.41079571859,139,1,0.6598042825269257,0,1,170.12052050039347,home,13.837147790794289,0,none,0,RET-001454
1427.086665153052,21,1,0.959377694955857,0,1,64.33024570959648,sports,3.111395247309515,0,none,0,RET-008262
1275.2455907396322,1100,4,0.5406075612406435,1,1,132.26635398516024,books,6.677448366073247,0,none,1,RET-008008
4298.672145750755,219,2,0.4323533700207473,1,1,171.39734201457344,fashion,21.695222168292965,1,substitution,1,RET-009263
1194.9962760482458,383,1,0.7642805033511824,0,1,215.9125682759674,home,9.740919056484467,0,none,1,RET-006250
3906.1478134218173,89,2,0.8331064056920174,2,0,277.47165812897146,sports,5.048741766623936,0,none,1,RET-001785
436.47164502047843,120,0,0.48321169175958256,0,1,240.6341852800563,beauty,1.560262761100366,0,none,1,RET-008742
525.1726430437462,177,2,0.925386131323575,0,1,314.44178692923737,fashion,14.480485383343279,0,none,1,RET-001772
1034.324001718661,136,3,0.6963012907358833,0,1,73.81230514992659,sports,8.989162293177497,0,none,1,RET-008693
1270.8282061741668,59,3,0.842170117429585,1,1,55.0348634972913,beauty,41.254193935759595,0,none,1,RET-007132
4821.108878872728,127,1,0.907446023268771,0,0,277.5840916541046,books,1.495974951811523,0,none,1,RET-000349
5098.5791600205475,221,1,0.6989222675544967,1,1,111.21278289707077,sports,9.453949712439362,0,none,0,RET-004591
632.3740256775453,269,2,0.5803475672245312,2,0,65.03948497596313,beauty,0.6200652437172604,0,none,1,RET-005462
3488.7733295611097,592,5,0.6527489028794786,1,0,186.40969930142407,fashion,9.115793802948518,0,none,1,RET-006658
765.5240511080414,448,2,0.46740008466213184,1,1,72.04719841823747,books,26.066045315750248,0,none,1,RET-005041
1424.8136400086876,830,3,0.9379414930525359,1,1,146.1783998205962,books,5.733805891918768,0,none,0,RET-004739
955.8273133736457,482,4,0.8601855984148351,0,0,55.20548138721484,electronics,8.179121676524286,0,none,1,RET-007093
4665.754993885112,15,4,0.8314530833274053,3,1,218.2960590601411,fashion,17.510038502761688,0,none,0,RET-002558
1195.1057838139295,193,4,0.7581622922027459,0,0,60.789958645322905,home,4.259560234702533,0,none,0,RET-005389
964.8091186821359,145,0,0.9410655666305978,1,0,143.53347792982441,home,6.841763784689089,0,none,1,RET-002450
1131.74289171449,19,1,0.8210824372930983,1,1,235.70765820659346,electronics,12.364831304300512,0,none,1,RET-000497
1969.8308222561511,258,3,0.967806214030835,0,1,137.2837340158166,home,4.805866120866937,0,none,0,RET-003033
1409.7414692676405,236,2,0.6411366397925418,1,1,381.7561780072233,beauty,1.4888206585166737,0,none,0,RET-006612
764.2733082730346,406,3,0.9321894700158337,1,0,202.67954858974235,fashion,5.587594169469422,0,none,1,RET-003559
934.9796021966182,437,2,0.8283563811505981,1,0,153.63807249764838,beauty,6.010580730997751,0,none,1,RET-007057
727.4119181539776,95,1,0.6107773894937368,1,0,158.65948273767253,books,23.484634484029538,0,none,1,RET-000424
758.2088413861353,666,0,0.8490741742922152,0,1,81.50506276582928,sports,1.6089513360936645,0,none,1,RET-006904
2071.7540176467364,71,5,0.8687795620345242,0,1,96.67084893828275,fashion,19.47006141740363,0,none,1,RET-000677
2248.2067357069436,206,0,0.9051676278476112,0,0,264.2475569479906,sports,9.921300780778845,0,none,1,RET-003704
784.221078106094,105,1,0.8992373952092885,1,0,161.22327840059302,fashion,40.536387217499346,0,none,1,RET-000385
2317.7825726820374,265,2,0.9468869225720192,1,1,104.02317651317937,books,78.53002734154514,0,none,1,RET-006976
1690.6627469606574,490,1,0.7543966288901828,0,1,122.6619350012155,books,10.585470954166846,0,none,1,RET-008794
947.490480560087,426,1,0.8303547183150698,2,0,680.8900664153792,sports,17.71123081294848,0,none,1,RET-000891
1622.1038975872243,330,2,0.7797658814022269,0,1,231.22939124319961,electronics,3.810396393361156,0,none,0,RET-007808
2045.9881495150642,210,4,0.8767490193857009,2,0,149.53043943150647,books,5.602955579126029,0,none,1,RET-003543
672.5039005857763,255,3,0.8413198091785682,0,1,164.91289367681932,home,14.869663097382974,0,none,1,RET-002631
1155.770809876933,33,1,0.7628643649623346,2,0,231.58414436123974,sports,7.529985000109191,0,none,1,RET-000079
1153.5525953343915,826,0,0.7879824040774401,0,1,143.74985666054164,beauty,10.099694513502879,0,none,1,RET-005229
1474.8235318908507,377,5,0.5193078277303304,1,0,265.58738723728226,electronics,13.735099227321745,0,none,1,RET-001028
1940.3386119361328,137,2,0.7423861431412776,1,1,212.14593196016827,books,10.293757518214194,0,none,1,RET-007485
2237.537984244384,753,0,0.8045294991469624,0,1,66.63951297501116,books,6.89436535527685,0,none,0,RET-007125
1172.1336795447928,77,2,0.9415480745242479,0,1,192.7389678113689,beauty,23.176085190609644,0,none,1,RET-004731
1707.6773864834372,16,4,0.7305590382879399,1,1,102.14477133078104,electronics,31.324338693426228,0,none,1,RET-008293
1840.6365114201742,1171,4,0.7487845859610534,1,1,92.67151723956093,books,24.328314130320358,0,none,0,RET-004541
998.8474499303659,567,0,0.8457579338411321,0,1,29.341052244574957,fashion,11.086080692636544,0,none,0,RET-001748
2079.2188776359394,251,0,0.792386111300388,0,0,153.80382156170117,fashion,10.38394235039359,0,none,1,RET-005007
2785.7501378962997,591,4,0.7806270602616519,0,1,126.96847153735793,sports,34.26669388671442,0,none,0,RET-002381
510.1394868517802,382,4,0.958990033433961,0,1,203.14324763659437,beauty,6.880633638667893,0,none,1,RET-004160
1274.862351499863,673,1,0.8340253657211519,0,0,53.67330308554911,sports,6.584588554874072,0,none,1,RET-003531
792.384836983117,278,1,0.8528474528759155,3,0,38.543491072505745,fashion,3.666344276251518,0,none,1,RET-003703
1257.0367579586111,83,4,0.7766027391571944,2,1,146.86995596153176,electronics,26.89806046200963,0,none,0,RET-006153
756.6608332300223,93,2,0.8432177111300665,2,1,167.92580435717875,beauty,43.543912907784915,0,none,1,RET-004153
2511.4555517222843,1421,2,0.8367815511958595,0,1,233.43704275725514,sports,29.45487747634187,0,none,1,RET-008188
2010.777147938201,173,1,0.8968300895088789,0,0,96.85226634968208,sports,2.4132477689287315,0,none,0,RET-005712
3797.0107915315475,284,4,0.9045826577144718,4,1,29.219457838712177,sports,22.91658592143002,0,none,1,RET-008712
2470.0219729493015,414,2,0.7910498271592307,1,0,22.03881571259674,fashion,38.45281090464006,1,substitution,1,RET-009913
976.0650850733367,337,3,0.7929265957752587,0,1,107.95252098787257,beauty,15.67167013791839,0,none,1,RET-000596
3274.6991814768585,198,1,0.9074297010789594,2,1,101.94105893569485,sports,2.3020760210116373,0,none,1,RET-005379
4092.279778035162,227,0,0.88370515183589,1,1,92.06366292512338,beauty,5.068754742767061,0,none,1,RET-006528
3053.1673768263013,7,1,0.6475201672907869,1,0,184.9200962831118,home,33.70362528920843,0,none,1,RET-004229
6164.46641746975,55,4,0.6012184268804303,2,1,56.622962376865644,home,10.71697935861605,1,substitution,1,RET-009468
1029.5860562573819,266,4,0.924690477284211,0,1,362.586183466057,home,16.799462860251225,0,none,1,RET-006756
7664.706402312608,189,1,0.737198540094286,0,1,248.37298112399347,beauty,6.983212863773918,0,none,1,RET-006076
716.1617112205398,109,2,0.6120259403122057,0,1,108.47213160364872,electronics,39.34037655628614,0,none,1,RET-002474
695.643405223703,59,2,0.9878001350543222,2,1,100.22456384002507,books,5.8864809671993905,0,none,0,RET-002161
547.8673579066011,114,2,0.8739659344493963,0,1,45.39300785756182,fashion,3.455468275379417,0,none,1,RET-006569
1598.1319556616336,175,1,0.9418535533127421,3,0,116.96115080732817,sports,36.0969581000065,1,empty_box,0,RET-009826
1303.2964998091466,70,4,0.8953632040727428,0,0,71.48249538200831,fashion,51.07211508965614,0,none,1,RET-000545
1114.5311053374207,229,2,0.9588488427939574,0,0,164.82439054951027,books,0.7331487118076218,0,none,1,RET-007789
4768.96324298099,789,2,0.9190368147856091,3,1,134.52116938828732,home,2.0162016408638626,0,none,1,RET-001779
1311.6816502670788,87,2,0.7207105594477125,0,1,106.96453438755755,beauty,1.722594898871142,0,none,1,RET-004041
1589.4581209788364,18,1,0.9305542446129782,0,0,133.24390177095074,home,7.171454473841453,0,none,1,RET-004352
1842.5427383227013,379,2,0.871618860743515,0,1,150.76298527069855,books,33.57876942680601,0,none,1,RET-008765
1320.5286879846692,466,2,0.7306260739289206,0,1,386.74268285759763,fashion,14.863905652976005,1,wardrobing,1,RET-009898
895.6476904427986,829,0,0.9408308432834277,0,1,195.12309166311098,electronics,28.614476492943385,0,none,1,RET-000814
1063.7704881295826,44,4,0.6902482627464335,0,1,88.78782622131358,sports,12.838058201409268,0,none,1,RET-008494
533.4956629762488,543,5,0.8266395242842668,0,0,118.31452197418307,fashion,3.1385881404080567,0,none,0,RET-000070
4538.618537144867,320,3,0.8308579286435441,1,0,70.21068163149803,home,2.5803475833952056,0,none,1,RET-008629
1104.7724053870045,1866,2,0.7517564331173208,1,0,124.48217146383334,home,2.0481985942838397,0,none,0,RET-006585
493.53687945743883,2303,2,0.9119296278982311,1,0,117.80077837059866,beauty,4.422349010291174,0,none,1,RET-001487
1237.5797619856678,49,0,0.6566311375979152,2,0,78.95369553734149,home,78.74130361985824,0,none,1,RET-000220
668.5035442445226,287,0,0.9227245952654475,0,1,117.58419589080074,sports,10.627854970051471,0,none,1,RET-002038
757.1676200370957,73,2,0.7647186775614799,1,0,251.45765218543357,home,3.982195019467691,0,none,1,RET-004008
572.6313152978939,204,4,0.5485985418352843,1,0,279.4488977167965,electronics,0.5057168298623812,0,none,1,RET-007835
1529.8683177388082,162,2,0.891151838003099,2,0,75.03184002782092,fashion,49.27492238052179,1,wardrobing,1,RET-009542
979.1650222907035,808,3,0.775800221484893,3,0,70.1625092448579,sports,8.558187118619857,0,none,0,RET-004477
319.75269485343733,2110,2,0.8244928099085872,0,1,51.762719601177224,electronics,13.681651591539815,0,none,1,RET-002807
1034.3720562978638,225,0,0.9525089884615653,2,0,39.160754302183264,beauty,2.45423242376352,0,none,0,RET-004653
1003.2035140779938,431,6,0.743666377048151,0,1,45.881931992390356,beauty,27.391222937271994,0,none,1,RET-000153
526.6278780742974,23,1,0.9600078641918256,1,1,67.94013662727616,fashion,3.0660108602842224,0,none,0,RET-001352
1081.1817527567744,54,2,0.6481283242711163,2,0,117.95284725932211,sports,6.722554661113805,0,none,1,RET-008402
888.1485790077538,111,0,0.6648406071717866,0,0,108.16409098648903,fashion,40.58390238880441,0,none,0,RET-005081
548.1833165599529,1080,4,0.6918349689683897,1,1,160.29169864930623,beauty,9.33357288463044,0,none,0,RET-006967
2242.3560460605468,34,4,0.7251636757118161,2,0,217.2924954250836,books,15.038655653809604,0,none,1,RET-004349
460.08891083150945,683,2,0.7945208285624014,2,1,205.47657321391006,books,18.592616725320774,0,none,0,RET-007000
764.3428361339946,1053,4,0.8550790580278711,1,0,128.98423562389615,beauty,5.714102815846587,0,none,0,RET-000541
2008.9197677045706,701,4,0.8600887558786802,0,0,229.25480445969012,electronics,1.3604094139176433,0,none,0,RET-004460
1185.7341415268509,242,0,0.8959161095830819,1,0,148.84300837259366,electronics,2.921838873102564,0,none,0,RET-006992
2180.1584637441706,1,3,0.8798727268115802,1,0,149.6832365965073,sports,43.823016726629625,0,none,1,RET-009006
1175.409214372369,615,4,0.9887591270384847,1,0,110.78992267310153,beauty,0.24474436243415482,0,none,0,RET-002316
845.0975866186284,29,5,0.6022580119774755,3,1,143.7897677175101,fashion,24.568644211852966,1,wardrobing,1,RET-009592
5274.403575624152,165,2,0.9649585488559599,1,1,58.632105642134256,books,16.05796798591256,0,none,0,RET-000903
1803.2511690560323,768,2,0.8353054608703919,1,1,123.59559275694805,books,30.039642031902034,0,none,1,RET-002257
463.03097967376425,200,2,0.9012627243188746,3,1,122.77414029852214,sports,22.61093034370264,0,none,0,RET-003229
5710.38902949508,639,3,0.958251519443792,1,1,221.112659815815,fashion,19.31834977063279,0,none,1,RET-003342
369.9739942779393,88,2,0.7784983042088405,1,1,115.82062168347358,home,2.7123098720928867,0,none,1,RET-001362
3557.857771289339,468,2,0.8727002548306525,1,1,35.9416312322535,electronics,17.989426518730596,0,none,1,RET-004301
5692.296039628693,1708,0,0.8602736720452241,2,1,69.6920918799899,home,0.32169758711535457,0,none,0,RET-001242
844.8569649747268,88,4,0.923336470886652,1,1,83.42717219627482,books,30.57968840732498,0,none,0,RET-004504
1181.5578566400297,354,1,0.7753214754160087,0,0,45.209255447286814,beauty,7.765863299001598,1,substitution,1,RET-009677
1931.4491411296879,812,2,0.833532226154986,1,0,66.40378736798597,sports,32.25512741745666,0,none,0,RET-002156
1383.485492952537,191,2,0.6732491529214116,0,1,308.75245941175024,home,92.1608697268219,0,none,1,RET-008335
1098.0000053263009,89,4,0.8470691723262892,1,1,223.05280436868307,fashion,41.57947084972324,0,none,1,RET-003443
1488.2967544769335,572,0,0.7150826789081948,0,1,159.69947169184593,home,44.52148310642873,0,none,0,RET-004449
7899.341236113935,208,1,0.841396775150447,1,0,88.0773167630662,electronics,12.344367238715666,0,none,1,RET-000273
3317.725813943954,248,2,0.9064462052465948,2,0,146.1469447454298,home,7.1106153182154435,0,none,0,RET-008408
1397.4453881910276,173,1,0.8135534194209944,1,0,109.74156781083555,beauty,17.918487164199252,0,none,0,RET-003039
1133.299933194151,328,5,0.6335957049764837,0,1,103.6164986110801,books,6.5000730595979865,0,none,1,RET-007008
3118.9709737591384,37,2,0.9287679167935702,0,1,76.15118482460699,fashion,16.519741301989384,0,none,0,RET-000166
1261.84531348026,698,1,0.7924851972320511,3,1,117.90772719965217,beauty,2.568881629820318,0,none,1,RET-009015
869.8585934667976,840,1,0.7486630401464721,0,0,158.07942687459058,beauty,31.85051681732738,0,none,1,RET-002844
1115.3638683071615,718,1,0.500571507697406,0,1,169.45220864235893,home,20.145071638255594,0,none,0,RET-006764
649.5630734115738,1311,2,0.5502030817909263,1,0,128.37959110562144,fashion,3.718557669368872,0,none,1,RET-008452
962.901025748507,1342,4,0.8104390794456142,1,0,147.89698490897376,home,3.512612087436133,0,none,1,RET-007930
3218.9325223184883,350,0,0.8305052867059389,1,0,177.49395597489413,sports,26.956258599995778,0,none,0,RET-002288
2935.5903061184445,739,2,0.8396926588066572,0,0,72.0466711803977,electronics,15.83882149612472,0,none,1,RET-008540
1412.7183072914731,592,0,0.7718768911897438,1,1,129.80037164461083,fashion,1.7594252103629533,0,none,0,RET-000862
2710.7985297760247,631,1,0.9712771422555126,0,1,134.24225277802785,fashion,10.957723190478761,0,none,1,RET-001008
3778.179938004342,996,3,0.6049684205569512,2,1,174.9724436839756,electronics,16.278635948957188,0,none,1,RET-000322
1074.0600832696591,338,1,0.7228167560895188,1,0,169.57707734093384,electronics,3.2007199167334233,0,none,1,RET-006051
3867.041435127607,309,0,0.8640234826263478,2,1,142.68169723855465,fashion,15.634507244893541,0,none,0,RET-000943
3011.413971537706,174,1,0.9813224921224645,3,0,38.649381588707,sports,0.47507118824550976,0,none,1,RET-004207
860.1079206335361,277,1,0.8596638458703542,1,0,88.36859489340735,sports,5.810490127625311,0,none,1,RET-007615
2376.6347967418856,383,0,0.8580163487084611,1,1,184.34682522687322,beauty,13.159895735584627,0,none,1,RET-008212
2723.626092098963,186,2,0.9273357034251936,3,0,91.31997032021239,fashion,9.428630757830472,0,none,1,RET-002478
1019.8405731979059,458,0,0.7435270175489469,0,0,59.052841770647206,beauty,12.258730057062664,0,none,1,RET-006697
1916.4656689965655,485,3,0.7292987172639562,1,1,168.08609231100598,home,11.815084439068427,0,none,1,RET-001496
2896.797467243062,416,2,0.9407905562652864,1,1,28.64739590861835,sports,55.602585902651974,0,none,1,RET-003798
473.90764061254,78,1,0.9706312125935909,0,1,141.40867331788502,electronics,21.373290978623185,0,none,0,RET-000612
226.90362168851257,798,0,0.9670637006598999,1,1,163.81040970115416,home,16.639530169845656,0,none,1,RET-001586
1461.7313432861345,379,2,0.9625477238091509,0,0,27.78258972123776,books,3.1304190933329616,0,none,1,RET-007315
1063.1990522472568,259,3,0.8530975142295719,0,0,200.6752975871817,electronics,10.901173183825714,0,none,0,RET-008837
3189.6689743559446,40,0,0.7793945229806677,1,1,270.5038953159896,home,8.454353916460098,0,none,1,RET-001369
875.5139755596784,288,3,0.7844396828041622,1,1,117.05309458777762,home,28.423230286819564,0,none,1,RET-003097
3299.3051861670206,1122,1,0.84993378217501,0,1,50.5093410166904,home,12.550755095034022,0,none,1,RET-003219
3447.0975953150864,786,2,0.9267732822558759,0,0,29.036983234300813,home,11.527561251158179,0,none,1,RET-004929
7658.345939769613,1524,0,0.7232130374000476,4,1,54.15208720223772,electronics,9.913554425161523,1,empty_box,0,RET-009298
639.0128714661506,118,0,0.7579351210078012,0,1,247.3857259054081,electronics,6.916401242651806,1,substitution,1,RET-009205
429.3253137760957,221,4,0.652130313827809,0,1,77.38584044439651,beauty,3.579896606068362,0,none,0,RET-008911
1362.414821404325,79,7,0.6780139536943922,1,0,207.20128788049158,electronics,87.20176562422282,1,empty_box,0,RET-009827
2408.9492374030706,164,1,0.5618681433499221,1,0,132.2023776638078,electronics,24.702974991310022,0,none,0,RET-006440
1722.9707306175865,149,1,0.6248649178802795,0,0,186.3468627688017,electronics,21.931139752592742,0,none,0,RET-005621
3258.2295314176386,659,2,0.8294720902643835,0,0,88.66589441859128,electronics,0.05696858246666964,0,none,1,RET-004464
1256.427560138911,833,8,0.5530494370872062,0,1,181.66188234037438,beauty,0.5288490076230081,1,empty_box,1,RET-009486
4645.366636918489,299,2,0.7953265933373681,1,0,160.20918706635268,books,2.8730194990977718,0,none,1,RET-003650
6252.849010530006,73,1,0.47062427953824304,1,1,79.95580036561239,home,46.07799794020259,0,none,1,RET-003592
614.1648844789268,535,2,0.8971957901032387,0,0,120.89022510125704,electronics,1.0761503935985164,0,none,1,RET-008216
337.75755029091084,300,5,0.6800867984019332,1,1,83.6988266400343,electronics,30.495929174751918,0,none,0,RET-006171
1501.2141925283531,298,2,0.8718908428073981,1,1,260.5114804914985,books,59.9677901147741,0,none,0,RET-003870
1826.5776897883677,678,2,0.8691623113963393,0,0,311.13091780861055,electronics,5.883897515714733,0,none,1,RET-000279
2037.1001169602846,419,3,0.9069103008070947,0,0,45.70435717200684,beauty,7.928592523626573,0,none,1,RET-004052
4900.980264855432,581,3,0.4767566711696793,0,1,65.72241397179553,home,28.059881930550095,0,none,1,RET-008631
2867.7747482284817,400,2,0.6647719130722417,5,0,106.1999035720901,fashion,5.357433743728852,1,substitution,1,RET-009575
200.0,742,1,0.6675312429864079,1,1,62.199534453401824,electronics,0.31592104371803686,0,none,1,RET-000669
4005.760608065816,243,3,0.7277772367175444,1,0,21.488487079110786,fashion,1.6369723596317451,1,empty_box,0,RET-009547
901.3027677113348,279,2,0.9427317480108316,0,0,239.0035391671291,fashion,19.456029421123898,0,none,1,RET-004975
2829.42222275436,386,1,0.8615918415764844,0,1,170.4104820599801,home,6.925547739481056,0,none,1,RET-007410
3978.108015381817,190,6,0.6452630178431079,3,1,208.05232757574367,electronics,5.609052534442142,1,substitution,1,RET-009656
1015.56439487647,96,1,0.9784112194475248,0,1,139.54835528910198,home,6.479890577389494,0,none,1,RET-004820
3037.6644439644806,982,0,0.8733921681164579,1,1,208.5478254226113,home,16.471244961420773,0,none,1,RET-002925
3763.9994876913893,489,1,0.9215973176785226,0,0,78.94254305719454,fashion,1.584524338246782,0,none,0,RET-008336
828.6676320380831,42,2,0.8794358823697048,1,1,70.96868247409536,electronics,2.646271795706639,0,none,1,RET-000161
4479.067036474337,1056,2,0.8090310675999347,1,1,285.6181234668039,sports,12.042133507626342,0,none,1,RET-008373
4269.425700242384,60,2,0.7063313954481099,2,0,202.61247561653633,fashion,20.09748435926199,1,substitution,1,RET-009680
1620.8728563633142,621,4,0.6534208425815963,2,1,647.7811548597393,fashion,5.632388334124027,1,substitution,0,RET-009365
591.6760518616991,101,4,0.3255404727597264,0,0,60.67547824093027,home,5.969494189420069,0,none,0,RET-006715
7289.529195405337,475,0,0.7542007410630086,1,1,118.6504938182765,home,0.5935982028179096,0,none,0,RET-006674
5063.868731144986,197,1,0.7669986837091882,1,1,117.49756230601842,beauty,8.42415674590691,0,none,1,RET-002622
1544.9801326052357,544,2,0.9740343184376452,0,0,248.43397373637134,home,2.802340449482973,0,none,1,RET-001645
3666.3224557650615,10,1,0.979437336485381,0,1,220.24768539127018,beauty,23.628090371086753,0,none,1,RET-001116
576.7201276926182,942,1,0.5466236656696977,0,0,163.19831734785234,sports,2.9964795689422075,0,none,1,RET-000319
1030.1679034769973,57,1,0.6109129791709004,2,0,10.372287540815588,beauty,8.779819856228666,1,substitution,1,RET-009352
813.2188819596753,679,2,0.5970842733875388,1,1,178.2320134133189,beauty,12.964057782648208,0,none,1,RET-003801
1696.803840956831,102,2,0.689821608583315,0,0,80.55210916847281,beauty,29.08696648962738,0,none,1,RET-005777
1225.7799385951353,274,1,0.6953399508044382,1,1,116.76536409447118,home,53.73769870317502,0,none,0,RET-001970
1082.0879104678434,84,2,0.979267944751242,0,0,349.46972824977354,beauty,5.444898987742991,1,empty_box,1,RET-009614
857.075967961762,64,0,0.6645993235636475,2,0,80.07686675585079,beauty,0.7202638894237452,0,none,0,RET-002621
2027.7893656055192,709,3,0.6516357414102063,1,0,202.3690108027119,home,9.763186934453412,0,none,1,RET-001858
1929.1448947365109,571,0,0.8470990606711326,2,1,181.47176284220575,electronics,3.441004082324975,0,none,1,RET-000987
2351.288038355779,282,1,0.7172956520181575,1,0,80.98172315357857,beauty,0.8221414005851525,0,none,1,RET-004877
736.5320213829032,1090,0,0.8501550071064656,0,1,163.95833432061767,electronics,26.75698935064682,0,none,1,RET-006475
6160.01834226632,8,4,0.8239226231016239,0,0,272.29057223873775,sports,6.293842304237078,0,none,1,RET-002521
298.0264277645201,549,1,0.7486053778108283,2,1,225.0623957131281,fashion,71.51398686707822,0,none,1,RET-000377
890.8263087765073,676,5,0.8098675974801293,0,1,178.85594581655093,books,2.5647934608125524,0,none,1,RET-001565
264.5955274035153,116,1,0.8320018404780203,0,0,99.96106465375797,electronics,1.5918319314992728,0,none,1,RET-007042
528.7279606843389,292,5,0.6914873119514393,0,0,45.96994916461084,fashion,30.425029059119243,0,none,0,RET-002232
463.42087987927914,126,2,0.4628089212905465,0,0,115.88180300109703,books,12.822849638934766,0,none,0,RET-006125
388.83408352415114,24,2,0.8525983607026671,1,1,205.17626198038016,books,26.402209340309554,0,none,0,RET-004937
2384.462085968304,205,0,0.9623160155123431,1,1,113.98995374407383,electronics,26.37092906134337,0,none,1,RET-009145
1633.2633495666655,403,2,0.8816451383110275,0,1,160.05544532473857,fashion,34.333924498087875,1,empty_box,1,RET-009546
898.5360681968241,323,3,0.9549168928493327,1,1,190.6432677482597,electronics,16.2136082714678,0,none,0,RET-005373
643.5557191608978,88,1,0.7513760215308073,1,0,92.65820081592844,beauty,16.098016735767118,0,none,1,RET-007259
1868.6362410007278,1060,3,0.6758855565607078,0,0,152.45897270585255,fashion,13.776970833215666,0,none,1,RET-002648
4600.253578632456,26,5,0.6907918437493982,2,0,152.0638104846895,sports,6.627705294690024,0,none,0,RET-007764
2218.07911182894,217,0,0.6411566283121835,2,1,250.59597843281108,electronics,2.5788694655749027,0,none,1,RET-005409
1294.9592810289457,503,1,0.8286514240052661,1,0,200.19541496042132,beauty,0.1661991746099062,0,none,0,RET-007606
1642.9022429970717,51,2,0.8174957099039339,2,0,76.6862002323208,electronics,4.486741373879716,0,none,1,RET-000156
966.6258106532241,170,2,0.8099099407684215,1,0,224.56011858803006,fashion,14.299785590930355,0,none,1,RET-005481
1869.5447180847088,146,1,0.9735601072532054,3,0,34.421687561466875,electronics,25.13948429067846,0,none,1,RET-004260
1863.8136088085982,2,1,0.4995561077378928,3,1,133.96101848195792,sports,3.047559023473962,0,none,0,RET-008420
2330.263349281964,447,1,0.8492581359156751,0,1,142.7689870610321,books,1.0621645913015256,0,none,0,RET-003672
2973.6561249474726,381,1,0.7153252353841506,1,1,109.3601735384181,beauty,8.781672482365696,0,none,0,RET-001870
638.0969184993664,80,3,0.7796895404166945,0,1,79.76616825327551,electronics,21.900645845444732,0,none,1,RET-001764
2672.438315787285,205,1,0.7619426416242753,1,0,254.6329010464521,home,1.967676636070396,1,substitution,1,RET-009214
2660.652961633129,788,0,0.891482598717921,0,0,242.5439736227761,fashion,9.918369548832066,0,none,0,RET-003486
4997.849439106937,693,1,0.9415971224665015,1,1,41.19556521703064,electronics,33.236478448277126,0,none,0,RET-007883
1653.4067670962759,1607,3,0.5190365315174161,3,0,150.35256211813436,books,7.989837125541369,0,none,1,RET-000395
4349.684502497092,140,2,0.9496563997026621,0,0,189.17510736236247,books,89.19656872629557,0,none,1,RET-003591
1258.6368075099788,687,2,0.6749141214886517,1,1,72.83942173024494,sports,36.0630600024234,0,none,0,RET-006432
1141.7557444067797,511,1,0.772187126493117,0,1,226.790543651521,sports,1.7932013508637332,0,none,1,RET-006100
867.3126650540198,4,1,0.8457119238790431,2,1,88.29009423523834,electronics,8.128808385536734,0,none,0,RET-005345
2622.7050155558427,374,2,0.9294173080714977,2,1,71.69747864989057,sports,3.8885554289116713,0,none,1,RET-008464
879.1016800397914,468,2,0.8318712844952528,0,0,43.592316165149164,fashion,29.60181111263245,0,none,0,RET-003436
1408.7997953240392,238,3,0.69105515207895,2,1,109.63891993031767,sports,8.823105138989828,0,none,0,RET-006041
1444.9819574622964,33,3,0.831012267635721,0,0,192.86028323833276,sports,63.95690445002706,0,none,1,RET-006924
645.9368093589763,1,3,0.5797392999636048,0,0,472.0314298065307,fashion,3.677473482784047,0,none,1,RET-003509
4200.051450210171,5,2,0.8450005807558686,3,0,77.72473964206542,books,0.9955885686091537,0,none,1,RET-001108
505.62578511550925,283,0,0.8912587321185017,1,0,160.74734425956345,books,37.46049270021044,0,none,0,RET-007358
6134.882915017543,1252,3,0.9692196785849011,1,1,92.37359382881326,sports,3.925374437058304,0,none,1,RET-002011
366.62195083766073,516,2,0.6564971771128142,0,0,82.25000957108641,sports,4.314373752552787,0,none,1,RET-000281
6138.973725248781,2878,2,0.7498985280732583,0,1,201.89817846617575,home,3.199003824346156,0,none,0,RET-008099
1468.4849233818713,794,3,0.8869132003481927,4,1,125.84845166934696,electronics,2.0527464296189213,0,none,1,RET-006393
481.3881574471889,43,4,0.6001922400432443,2,1,458.3896971633392,fashion,17.31360427055932,1,wardrobing,1,RET-009685
4121.9301021510755,39,2,0.7998387695291388,2,1,113.81836836065892,fashion,22.327815256737146,1,wardrobing,1,RET-009705
3151.181354957864,552,2,0.7277941312042855,2,0,141.53569313292314,home,4.956032719862892,0,none,0,RET-003417
2744.898656339694,122,2,0.8221725888962007,1,0,70.34222154160274,sports,1.1449534263855305,0,none,0,RET-002103
457.18515213485733,4,3,0.6865572088682227,1,1,384.9137695875585,home,24.45097702063969,0,none,1,RET-002860
1137.5504270474644,285,1,0.7537664848701181,2,1,187.4529395755187,fashion,1.224438913927264,0,none,0,RET-002636
1307.571586492819,688,1,0.7427863196447066,4,0,250.74685000422113,books,19.92521317525974,1,wardrobing,1,RET-009830
2600.2224449464748,1109,2,0.6500653462511946,0,1,101.0094094307296,sports,8.406931624014575,0,none,0,RET-003451
1908.3886816192069,373,4,0.7838602410971256,1,0,155.35435358328036,electronics,50.50702233211023,0,none,1,RET-007953
963.5357117014504,225,2,0.8656173210787136,2,1,57.79775437693269,fashion,14.022405930393663,0,none,1,RET-006388
1708.4425067395491,33,3,0.836939122344419,0,1,59.15649023782799,electronics,9.115852610748968,0,none,0,RET-004760
688.429933791847,156,1,0.7718495290432927,1,1,71.72809202948653,home,3.868236917355669,0,none,1,RET-007590
1243.7076594651764,569,1,0.9778330881792449,0,0,238.02689974810414,electronics,9.160545357554552,0,none,1,RET-001608
2798.5046333617634,278,2,0.7724708902398694,1,1,146.55987559918225,fashion,47.67818845951954,0,none,0,RET-007897
3426.046642584133,51,6,0.8025687353359494,0,1,52.17539428905038,home,10.666285734929021,0,none,1,RET-003547
717.7734553244261,164,2,0.8992282696949052,2,1,144.807894040042,beauty,4.057001566869302,0,none,1,RET-002726
1786.8896600460077,12,5,0.7804245707948199,1,0,75.86457464015459,home,19.596900118525745,0,none,1,RET-003828
1035.9762660280703,175,3,0.7865093218498735,1,1,86.67054291520387,sports,23.600267164378483,0,none,1,RET-004671
4185.902222196791,265,1,0.8375150224000343,0,1,202.85746509740088,sports,13.203858705929104,0,none,0,RET-003749
1773.0346900310333,22,4,0.8796015374731797,0,0,170.9401090238604,beauty,11.038193152367143,0,none,1,RET-000880
1358.2780062567115,85,2,0.8866235395288579,1,0,114.99815054623687,electronics,4.1461621032046505,0,none,1,RET-002835
344.84103133117475,325,4,0.8201420530033262,1,1,44.01170433726876,sports,11.139416056703809,0,none,1,RET-008344
2185.45207322101,536,3,0.8800245197044886,0,1,52.8685380573633,books,3.2241132023513277,0,none,1,RET-000085
1418.6370683013497,337,0,0.8947786531054192,1,0,147.93451234297586,beauty,20.25842909696543,0,none,0,RET-008526
5430.7255996016365,55,0,0.8852910794595015,3,0,84.79692723323163,fashion,9.538357311262933,0,none,1,RET-005560
5422.860696103852,415,1,0.8743061798038074,1,1,114.47024697175921,beauty,52.15622624449784,0,none,0,RET-004220
1840.9593459111607,101,3,0.8716832539834655,1,0,103.06136954723426,electronics,6.1448828334017085,0,none,1,RET-005816
1596.967005632993,882,2,0.9801466056094237,1,0,126.01113281253656,beauty,19.036077111024305,0,none,0,RET-001941
686.2231912319206,275,1,0.6278001643661824,0,1,85.24028591515528,home,1.9293777763435183,0,none,1,RET-004232
2151.756649026984,274,5,0.8618495815330575,0,1,74.99783031828655,books,11.814948078883805,0,none,1,RET-009053
5418.31035040663,86,4,0.749708668396697,2,1,121.72694395104983,fashion,6.15990860241972,0,none,1,RET-006446
6567.273606127603,33,3,0.8227920008795085,0,1,319.34037008245565,home,17.85533977467515,0,none,0,RET-001395
1554.348684302253,1546,3,0.9213530674795664,0,1,102.64298913159581,fashion,14.8468138981304,0,none,1,RET-004049
1564.7868695454986,303,1,0.7901133846082404,2,0,74.38848416407701,fashion,2.102612921918639,0,none,1,RET-000454
899.6158850812916,43,2,0.843862829577523,0,1,200.47377590559486,electronics,18.788010284230477,0,none,1,RET-001492
734.5517643311144,305,2,0.976919339055718,1,0,330.0713435696128,fashion,1.6766964831584037,0,none,1,RET-005249
5677.383106037152,411,2,0.957721781053723,2,1,137.54027442817463,home,4.974559300368138,0,none,0,RET-007031
698.0912371836749,493,1,0.7079138021183453,0,0,219.9850885347571,home,13.438601630063975,0,none,1,RET-004678
1144.7321700085308,46,1,0.5522127112146435,0,1,361.17333467268446,books,1.8016942058636725,0,none,1,RET-004850
1133.3810134590692,1383,1,0.8326631270423667,1,0,184.29298168587897,electronics,10.15697554455815,0,none,0,RET-008351
323.0085360669613,638,3,0.8221175556766537,2,0,109.28697273184787,books,5.418967172616623,0,none,1,RET-008515
2140.2558930091477,651,2,0.42754164804030304,1,1,79.24062886240783,books,5.430197696308381,0,none,1,RET-007971
1032.794686232725,243,2,0.813029237119474,2,0,272.6106267912535,beauty,7.075432838601481,0,none,1,RET-001898
1126.9641872185696,205,4,0.81127142438728,1,1,150.55540536959094,sports,26.787193117367462,0,none,1,RET-003432
1230.4709436228266,221,1,0.9492452870815964,0,1,65.7830241700483,beauty,2.7809732038936734,0,none,1,RET-003903
2716.1817821097707,266,3,0.7458368309286041,1,0,82.90488229982014,fashion,6.564978732920627,0,none,0,RET-006223
1868.67543152112,1537,1,0.9249643546744132,1,1,84.85058102831185,beauty,6.359882471730083,0,none,1,RET-001378
2070.554892368021,124,3,0.9313213437134695,0,0,254.48459245825833,electronics,29.439163707281022,0,none,1,RET-002320
1862.198195863626,32,2,0.9567004104789499,1,0,216.87130038991026,beauty,1.3774841023893543,0,none,0,RET-002597
752.9235817759787,500,1,0.7288241226794366,2,0,97.64217562674082,home,1.9967172578663035,0,none,1,RET-000800
4314.8815314908,87,0,0.4287187105889964,1,1,31.32783737925874,electronics,16.410068025022415,1,empty_box,1,RET-009332
8289.74378996432,139,1,0.8379022282657983,2,0,193.96280966036613,electronics,18.25710293182396,0,none,1,RET-004868
1607.0441144043687,518,5,0.7334430626566709,1,0,114.7427685912199,books,18.34151767967098,0,none,0,RET-006322
438.0094913308758,197,3,0.6570608189462139,0,0,202.79823934469226,sports,6.674570064191213,0,none,1,RET-002430
517.5455356158292,276,1,0.8495696005663654,1,0,33.309166835136764,beauty,1.746837554943987,0,none,1,RET-006116
2231.791374355487,209,0,0.8281209794354011,1,0,178.03157769258465,books,8.404776151188797,0,none,0,RET-001409
2439.7204467287734,158,5,0.8972388585017872,0,0,67.87472049442403,beauty,14.068125685191788,0,none,1,RET-006370
2726.21935851106,616,1,0.7304244508511166,0,1,206.75871379170044,home,25.998567611456085,0,none,0,RET-006012
2328.829551951506,353,2,0.8171321052239707,0,0,15.280058590443312,fashion,3.799422782797784,0,none,0,RET-007147
3712.651063418635,353,3,0.8528366120236104,0,0,75.72571126108846,sports,6.919999003285795,0,none,0,RET-003250
1402.6602312513087,15,3,0.7938759294420394,0,1,160.66173413882655,books,7.5705986592199705,0,none,1,RET-005963
7836.665995700876,687,1,0.829943716299091,1,0,262.31548963031986,fashion,1.6772201919842644,0,none,1,RET-006169
746.6367867786935,953,0,0.808936814532817,1,0,87.81717032916487,books,18.522997223666955,0,none,1,RET-002804
425.1718379330019,250,4,0.9542050902678249,3,0,23.850413738660865,fashion,4.9236835423738174,0,none,1,RET-001249
8611.747263205863,444,1,0.9291746199087458,1,0,121.82636163092143,electronics,8.160055360357726,0,none,0,RET-005695
4220.127033117749,28,4,0.9316616107806502,2,0,260.8677135645173,beauty,3.0485457843424477,0,none,1,RET-003960
361.5498068514182,314,1,0.6329183017489304,0,1,111.09759779978073,beauty,2.272410978130808,0,none,1,RET-004853
2258.043035483061,561,4,0.9007823575307877,2,1,153.9284637754342,sports,44.897432870706915,1,substitution,1,RET-009724
1862.793662245216,406,3,0.9230041343538312,0,1,129.50294350864317,fashion,7.520207503317233,0,none,1,RET-003114
1399.9068412013398,555,1,0.7062803010212428,1,0,278.72620061808306,books,7.2426356580229925,0,none,0,RET-002023
4220.211599727146,174,3,0.7592936288081108,0,1,46.984842134998786,home,11.492296917467854,0,none,0,RET-000381
1225.1797709752814,928,1,0.5975734425052791,1,1,27.049122051050862,fashion,32.77194094680704,0,none,0,RET-001654
1611.9323499958584,246,1,0.8915890710889438,2,1,265.33500781020246,books,37.000692536905156,0,none,1,RET-005190
2102.8591941149643,184,2,0.7511627325237547,2,0,99.55577966739601,books,9.445535780702379,0,none,0,RET-006114
1878.557650124632,278,1,0.9395661041658762,0,0,146.65976532636043,sports,72.77079826906632,0,none,1,RET-008472
1220.1022019028092,238,5,0.8812856558401243,2,0,20.49418350630266,home,21.608947282365055,0,none,1,RET-007772
879.016733066442,414,3,0.7269071602232613,0,1,157.2815987203976,books,11.518846486723799,0,none,0,RET-007566
555.3988811767158,83,2,0.9003684905049604,1,1,217.24782755609294,home,4.9190896953624925,0,none,1,RET-003020
10241.920490337927,212,3,0.8278248498293816,0,1,122.10531748651256,fashion,9.611693346605092,0,none,1,RET-003601
1526.7016429160926,91,0,0.9729052804049374,2,0,177.76496136411413,sports,8.906776877922747,0,none,0,RET-000893
3751.722713507041,786,1,0.8944175956652882,0,0,78.02784035470236,home,17.047481515784828,0,none,1,RET-004230
2964.2636923186387,228,0,0.9500766134201345,1,0,133.62384825504486,sports,22.599880563557896,0,none,0,RET-006497
961.0713551264108,422,1,0.7945731770560922,1,1,171.14686911505422,fashion,19.8298973668199,0,none,0,RET-007266
1478.651612501804,113,4,0.48315904886930855,0,1,388.94829962494134,beauty,12.84744744712904,0,none,0,RET-001035
836.7809557669193,265,4,0.9074399488359386,3,0,170.94113567494395,beauty,45.354099428094244,0,none,1,RET-003402
2017.7320725496816,718,4,0.9139878751093025,0,1,201.74610477088416,home,14.611019620384656,0,none,0,RET-005225
2482.5649201844185,169,2,0.9472032241121433,0,1,101.25171878317416,beauty,17.906698315624404,0,none,1,RET-008530
1843.0752339540034,819,3,0.8633675026235246,0,1,79.59412776529614,beauty,21.751845094507875,0,none,1,RET-007838
3287.9301122059446,680,4,0.8284272582445918,2,1,164.59223920038966,electronics,79.07946213501548,1,empty_box,1,RET-009274
2282.6325239703065,139,5,0.6402017831810647,1,1,66.27629738071865,sports,11.638035941574847,0,none,1,RET-008032
734.4724076284745,117,0,0.5388537412870825,0,1,76.19215160881816,electronics,1.9624192499638247,0,none,1,RET-003166
2664.0657946504152,423,0,0.7993198739925518,0,0,161.39563445070303,home,2.199577545061132,0,none,0,RET-008111
2394.1114232838363,131,3,0.866499309514948,0,0,151.95939847282648,books,11.62392247844104,0,none,1,RET-002155
2574.707508900534,86,4,0.87986511211404,1,1,235.54652868205227,home,20.459138290943663,0,none,1,RET-005642
2518.5379703477242,71,3,0.6859678775223647,3,1,164.40625863189624,fashion,30.83408941308829,0,none,1,RET-002638
1457.1476148774273,153,0,0.7542970954811996,1,0,151.16897699866527,books,22.85514875811701,0,none,1,RET-007652
3928.333761991211,454,3,0.9078485450227309,1,1,155.41661031389938,fashion,3.5111209325547668,0,none,0,RET-005069
1519.0681656735958,771,0,0.9754781139470617,2,1,78.25825176588707,electronics,5.5204716475773346,0,none,0,RET-005731
2566.128823922881,172,5,0.679600971651665,2,1,53.94067965832944,sports,61.953504192881304,0,none,1,RET-003001
1960.0915516589466,712,2,0.9405102269301481,1,0,118.64274302987599,books,1.4508653074869402,0,none,1,RET-008808
5895.441058770292,52,1,0.8969321692910801,1,1,225.88131323888828,fashion,1.6832721361770098,0,none,1,RET-002732
228.28775097848606,3,2,0.9693986386239369,1,0,104.63566768413347,books,12.354920256636861,0,none,1,RET-007450
2023.0548411889802,233,1,0.9252533728253651,1,0,238.63570901510997,home,2.2254910971284065,0,none,1,RET-002110
3463.471930473339,311,0,0.49224586383817587,0,0,259.3735971316096,books,7.530564494433527,0,none,0,RET-007231
1486.876179354354,915,2,0.76703334746472,2,1,231.15630454520723,fashion,8.892685576282929,0,none,1,RET-006550
371.8265981296554,471,2,0.8335733280424168,1,1,155.16321670474736,books,1.6102420408064602,0,none,1,RET-006729
678.8744870181991,1666,3,0.7711385081336642,0,0,239.24696534143473,fashion,28.1436898834576,1,substitution,1,RET-009660
817.0198458350667,54,2,0.9471597108066645,2,1,231.42862029139044,fashion,7.229543385081336,0,none,1,RET-007904
839.8227104262196,442,2,0.9034117494379926,0,1,102.35670575280092,sports,10.847962229010157,0,none,1,RET-006101
5522.45667947254,26,8,0.8979537061671861,0,1,74.77028624082571,beauty,8.968471928181186,0,none,0,RET-008975
1149.52041325741,103,4,0.9127101982083586,1,0,79.36682247462447,fashion,15.160903507111037,0,none,1,RET-003921
1981.8318725992058,486,1,0.7834885015442565,0,0,178.5227140919924,home,12.882784897610895,1,substitution,1,RET-009404
1505.7493982425794,19,2,0.727426747310825,0,1,264.76090000317004,fashion,52.658480687023555,0,none,1,RET-007164
620.7060652210122,200,1,0.5025848560119133,3,1,6.699984925681737,electronics,4.5364800384167845,1,substitution,1,RET-009296
3001.056448457316,173,1,0.8784400365459346,0,0,18.08145158394128,fashion,59.31134075969785,0,none,1,RET-005813
263.8852889413902,903,1,0.7459391157325109,1,1,79.77741024952506,electronics,13.335236847030306,0,none,1,RET-006279
662.5142377943346,390,0,0.7611856173843533,0,1,191.9913762911152,beauty,43.45512956417916,0,none,1,RET-008213
3942.2905212450905,109,3,0.8348441655424339,0,0,254.63475774600775,books,12.586327089935057,0,none,0,RET-007474
895.9546041575004,7,1,0.644750596166012,0,1,94.75491526960724,sports,32.03674927679414,0,none,0,RET-009018
730.157215847742,305,1,0.8699979950470318,1,1,290.31695036753723,beauty,8.458719222853368,0,none,1,RET-003622
669.8901590898628,249,3,0.7895307301556138,1,0,113.48844537381308,beauty,33.26747319922334,1,substitution,0,RET-009343
1855.0562771505665,160,5,0.8545220839014821,1,0,265.69756628344476,books,23.292731639270794,0,none,1,RET-003728
4111.844323794336,315,2,0.6589314998115472,0,1,112.45369980786286,electronics,50.45989121407736,1,substitution,0,RET-009956
1440.5484640306029,720,1,0.8546709754209232,0,0,139.17865412042602,electronics,19.977399625179586,0,none,1,RET-005447
2168.7981794328657,292,2,0.6341044515877367,0,1,143.43985484022474,beauty,26.851909222107523,0,none,1,RET-004217
444.0324502292487,217,1,0.7673307955279021,0,0,238.51023116247606,fashion,35.08632679730293,0,none,1,RET-006387
1273.400950945181,149,5,0.8153483778351805,3,1,220.66155384455558,fashion,4.565810351840507,0,none,1,RET-004299
947.3062145751036,69,4,0.8919051220127271,0,0,343.1296133678311,books,45.43129199717399,0,none,0,RET-007137
699.5192106447824,183,0,0.7220722104613604,2,1,96.62232990988714,electronics,26.549488708348065,0,none,0,RET-007318
1431.0392670434674,128,0,0.9793678022800366,2,0,202.86320528435152,sports,3.2472386469974213,0,none,0,RET-004644
1112.2674425529328,46,2,0.6888030973737217,0,1,69.63132908219791,home,56.23374600753405,0,none,1,RET-003188
870.9980576565075,394,3,0.540611115406212,5,1,82.00287406859552,fashion,4.5406189781686175,1,empty_box,1,RET-009877
678.1234358950774,695,3,0.8383742480664313,0,0,195.39639547224775,beauty,0.18424600834194985,0,none,1,RET-005086
1361.2663389566305,211,3,0.6525345301000578,0,0,116.0439641690516,fashion,3.0040345870218093,0,none,1,RET-004742
1816.6065016507648,932,4,0.6862646257173917,0,0,111.72294243652257,electronics,5.5508253777765715,0,none,1,RET-001406
1309.1845510558383,553,1,0.9363423512359583,0,1,46.35109590818915,beauty,4.1838765493901455,0,none,1,RET-005913
2643.5651936627396,65,2,0.7778367430110891,1,0,50.38649405347694,fashion,27.12835428565056,0,none,1,RET-001880
1000.9832295763147,46,1,0.7386309133418268,0,0,59.92026486662208,beauty,2.630638138184245,0,none,1,RET-001211
1531.8233735635508,774,3,0.8801089946425941,0,1,219.66323482595752,sports,1.1966359908426591,0,none,1,RET-007283
1788.3692062753903,82,2,0.9349837458921096,1,0,108.8490912516808,home,7.072038642137856,0,none,0,RET-003456
886.7897706201411,446,4,0.7351963779492365,0,1,126.95796196325429,fashion,3.6841509310117377,0,none,1,RET-001961
1663.026539089698,960,1,0.8297142829675923,2,1,134.98207464342704,fashion,30.45072621947718,0,none,1,RET-004654
530.5383680691731,489,0,0.45875374045374007,1,1,60.834901827983245,sports,4.471942664613214,0,none,0,RET-000615
1291.6455107512961,370,1,0.7731977266134115,0,0,326.6302389305756,electronics,11.767262672290743,0,none,1,RET-003024
4636.150033270357,191,3,0.9037640882117965,0,1,105.08023061528431,electronics,10.38366533671798,0,none,1,RET-007964
586.5765365483271,651,2,0.9176164136208861,0,1,48.342177042608306,fashion,25.690294311814576,0,none,0,RET-008834
3618.0288833675654,586,2,0.9024684435704162,0,1,193.24539838259156,home,6.961320968418803,0,none,1,RET-005752
568.6682451189673,405,1,0.646709611759877,0,0,155.20152771159243,sports,4.020825559700248,0,none,0,RET-008654
614.267493581919,74,2,0.8805191451196234,1,0,254.261922148526,books,32.75623370692805,0,none,1,RET-005167
1207.1137732887846,76,3,0.6929667061128495,3,1,227.02934969944772,books,2.809700852931302,0,none,1,RET-007618
1275.2510610486595,429,3,0.5219987981552974,1,0,230.63116562927394,home,2.8608327698376117,0,none,1,RET-007104
532.7374721591822,114,2,0.9066668554308754,2,0,200.21343526887753,sports,55.052854831288364,1,substitution,0,RET-009450
719.3234298397068,253,0,0.6910765392785162,0,1,186.2302278920109,electronics,1.8857411471880117,0,none,0,RET-002330
1902.7494842372237,315,1,0.6446831231167137,1,1,73.76284971281534,books,19.49314644178193,0,none,0,RET-001747
1182.6579004996656,364,2,0.8954917635073409,1,1,213.64687048706895,books,35.757557111385196,0,none,0,RET-001679
4790.86116481616,108,1,0.6518607858952995,3,1,90.07596588991139,home,5.381493994255186,0,none,0,RET-003607
7301.222907833212,987,2,0.6475041681812816,0,1,185.4614435977589,beauty,4.699761588967323,0,none,1,RET-005365
977.4271374371492,145,1,0.9788127049656998,0,1,88.37450556786396,books,17.764203859013225,0,none,1,RET-006093
3059.7131705761885,220,0,0.9242501254405159,0,1,62.47985437300407,home,5.164869110733113,0,none,1,RET-007397
1821.3330211628397,11,2,0.8572896294629685,1,1,146.4553900128183,books,12.372056762393207,1,empty_box,0,RET-009812
3193.669253510621,961,1,0.8237478879819604,0,0,204.70846495149405,beauty,16.43765563388259,0,none,1,RET-007071
860.5250938827648,547,0,0.6931454676041718,1,0,139.9330761836099,books,17.45973069928113,0,none,1,RET-001614
1734.8692578839057,179,1,0.9024994521163999,0,0,51.9194783003504,beauty,10.314219342467617,0,none,1,RET-008239
1319.6673822261555,36,4,0.8006643645377672,2,1,156.20059517405653,electronics,15.38755409649248,1,empty_box,0,RET-009858
560.7541983915206,306,3,0.7243106792743562,2,0,249.18566892104968,electronics,3.2261066859945084,0,none,1,RET-008185
410.83029353552996,569,2,0.6304649176560163,1,0,53.250565526449435,beauty,2.0567938324225774,0,none,1,RET-005446
1447.1470296825162,160,3,0.8998737398629547,1,1,95.65384824596974,electronics,9.925104785132575,0,none,1,RET-006487
284.74010225440924,75,2,0.7604202296526956,0,1,76.81227622656385,books,26.405037962983126,0,none,1,RET-006148
1421.622880090985,5,3,0.7941554645358812,2,0,205.70377879103123,electronics,13.708526691732235,0,none,0,RET-005973
646.7355696818347,39,2,0.9029533229506251,0,1,58.56021988362934,books,12.937568949930482,0,none,1,RET-000712
1051.4825660575302,1504,2,0.9377748724938303,3,1,117.7821689265986,fashion,4.550144118672403,0,none,1,RET-003596
1427.319514122825,583,0,0.7755959557218336,2,0,64.65120693086105,beauty,51.79142650977037,0,none,0,RET-002544
1096.6816834583703,40,1,0.8376504607049944,0,1,171.12374362583634,home,0.0886235504385888,0,none,0,RET-001272
4098.212635183988,1022,5,0.7594362818384139,0,1,154.2426793636535,books,17.022962716282642,0,none,0,RET-001651
1328.5947907595046,92,5,0.8239805709075223,0,0,159.25261376176496,electronics,46.85862903605227,0,none,1,RET-004411
372.46444854961766,30,3,0.5615885839669993,4,1,651.2572731690103,home,2.8327078435082074,1,substitution,1,RET-009697
579.63247907281,200,2,0.748926625880201,0,1,103.67032914835362,beauty,0.9425485323066438,0,none,1,RET-000328
450.34909347592395,239,2,0.7086804441992222,0,1,186.3790645509247,beauty,51.26438933573843,0,none,1,RET-005258
1004.2552865143709,639,1,0.7915266152975884,2,1,189.16382147932168,books,4.991987623662963,0,none,1,RET-007338
1590.1874793609927,204,0,0.905957999698004,0,0,197.1198186938124,books,2.7356293742250837,0,none,1,RET-003488
3741.1924103891088,262,2,0.8375367356471107,1,0,583.7517445549656,home,44.64708261294118,0,none,1,RET-002052
2056.2772595700335,303,2,0.7695514073423878,0,1,91.3519761387413,home,3.1904532059648023,0,none,0,RET-008238
4011.6773523893457,20,5,0.8232560981937145,1,1,122.88628139961392,sports,12.360030324751266,1,substitution,1,RET-009907
240.29053287412515,550,4,0.6885726472243978,1,1,16.030821138129337,electronics,42.83128136685521,1,substitution,1,RET-009726
2320.4290732329764,295,5,0.5931216683312429,0,0,46.57320317349007,electronics,11.443965638548606,1,wardrobing,1,RET-009918
812.4740497265375,179,1,0.9367042298407249,0,1,85.53071406827671,sports,65.1891181111312,0,none,1,RET-007679
3367.967940432854,341,5,0.9057733709584213,0,0,170.16501469699057,beauty,16.78444491484398,0,none,1,RET-002431
3655.4566955683044,385,0,0.49531839517863546,0,1,326.8478772865749,home,5.267347679992647,0,none,1,RET-004950
1560.5391375557615,111,0,0.8430942039210014,2,1,288.00455626496495,home,57.696408858613324,0,none,1,RET-004396
1759.1024231687827,238,2,0.5413868389902192,2,1,256.3495352109835,fashion,10.593481139284147,0,none,1,RET-004480
1375.225457959548,232,1,0.8952376357205474,1,1,149.00083312537132,fashion,4.694665376571397,0,none,0,RET-007774
463.9869857274835,322,2,0.68488642807318,0,1,403.53166795994485,sports,7.806878324556882,0,none,1,RET-006534
1247.5742607728605,56,2,0.7468434355039828,2,1,138.2426385929783,beauty,0.34037334477919673,0,none,0,RET-001339
980.056036157947,199,0,0.859232507473799,1,1,183.1019214510767,electronics,9.448409592712014,1,substitution,1,RET-009512
1161.722811778801,714,0,0.7292936356384703,0,1,296.09551466158064,books,20.78544463704661,0,none,1,RET-006036
4549.516796863518,547,1,0.8352147127681038,0,0,59.119212816538976,sports,11.33118741304881,0,none,1,RET-003431
2254.735358410746,609,4,0.7025954482322767,2,0,44.39831297751442,home,24.017947127095468,1,empty_box,1,RET-009283
1146.2637589150452,250,1,0.9406426089661174,0,1,257.64982732950534,sports,1.5435083313531277,0,none,1,RET-000053
8078.122188619424,202,2,0.692866902845915,1,0,104.1494492218324,fashion,0.9499484986607818,0,none,1,RET-002180
651.2419529704407,77,0,0.5947206426297938,1,1,78.11556539447555,home,58.02264345786398,0,none,1,RET-003871
663.0894731927941,158,2,0.7172952012165619,0,0,48.56744251247764,beauty,6.664915758545564,0,none,1,RET-006739
2335.1662319087327,515,4,0.9249235903756369,0,1,98.32243771386155,beauty,21.746264514614953,0,none,1,RET-007102
2264.4942567374856,121,1,0.5526610762106682,0,1,89.0809268671075,electronics,5.145470560150956,0,none,1,RET-008813
3239.1721697935936,456,3,0.6451513876636377,0,1,104.70222277478595,books,35.56762183260582,0,none,0,RET-002896
2887.3343832406854,384,1,0.921787667777447,1,1,123.13796131137038,beauty,4.403833989603154,0,none,1,RET-000124
2325.6805911709944,144,2,0.8170393053759586,0,1,239.4952665787617,home,0.5318809888209395,0,none,0,RET-004544
352.9666989718146,454,2,0.8017774914031423,0,0,12.496615371440962,home,10.520150243663405,0,none,1,RET-008376
10475.378619014306,263,3,0.5050353766920789,1,1,129.4235119626658,electronics,14.196624342304027,0,none,0,RET-006107
1258.3470408483124,353,3,0.4452657726581199,0,0,103.09605816044555,books,5.527957169310096,0,none,1,RET-008772
13069.215009977814,126,2,0.7442917496068596,2,1,182.99683344527645,home,6.120147414895759,1,substitution,1,RET-009434
2290.9069591966586,118,1,0.8757449766955507,0,1,225.05073830194502,sports,12.880045481149093,0,none,0,RET-003508
4617.852642083805,211,5,0.8382873854071455,0,1,241.75043972279423,books,13.216513802231184,0,none,0,RET-001881
4328.137064817712,368,1,0.9358915983512174,2,1,78.15674008562559,fashion,0.1750433717994166,0,none,1,RET-005566
2674.347810754007,661,1,0.9691402114863579,0,0,161.60566602153398,fashion,1.8747731102715426,0,none,1,RET-003085
1013.0649526622486,64,3,0.7938982360311143,1,1,263.1471610690129,books,1.896572003701231,0,none,1,RET-003739
1493.147620723549,254,3,0.7809250530499089,0,0,141.26575452524185,electronics,45.37365864173729,0,none,1,RET-002786
2848.1422054636487,583,4,0.701984888082777,0,0,230.5106729677409,fashion,43.16249276980535,0,none,1,RET-007694
2080.8485580632905,82,3,0.6614177080697601,0,1,404.01531022302277,beauty,14.439714260788085,0,none,1,RET-008066
2696.110916511625,135,0,0.9106370539329095,1,1,22.068738801683075,sports,6.922400820823631,0,none,1,RET-002349
1718.0972198047623,73,4,0.9234549964540999,2,0,80.3595747739945,fashion,13.867512673953263,0,none,0,RET-007751
1616.9817618186396,408,2,0.8467563093988056,0,0,140.0760438817697,home,15.318664179840034,0,none,1,RET-001084
944.6491404202476,477,1,0.6482462775032108,1,1,179.1284668708575,books,27.285373949415945,0,none,1,RET-001153
4633.471182005231,1222,5,0.7902842565470976,0,0,49.96378313705217,home,4.661586836628296,0,none,1,RET-005251
1466.0577570265255,178,3,0.9096072872103882,0,1,148.6073916321502,home,12.512483220759114,0,none,1,RET-000713
1339.2935834439818,1001,1,0.9224108929824714,0,0,110.75807918252198,fashion,18.399404934272756,0,none,1,RET-008184
16268.585809699702,104,3,0.6649893212991086,1,1,139.4137542289367,sports,0.6080541383249058,0,none,1,RET-005183
1099.3433598394156,988,4,0.8532628029937267,0,0,115.5743674185552,home,71.0255386393877,0,none,1,RET-000297
1093.9700069055364,13,3,0.7665020521496833,3,0,173.9205930832715,sports,0.5486223674973383,0,none,1,RET-002132
2002.9508524510468,801,2,0.7648467996612023,0,1,99.61630470335075,sports,20.267114324792836,0,none,0,RET-001594
978.8599909908323,297,3,0.7776091693090221,0,1,63.30855782584601,sports,46.0794822925632,0,none,1,RET-002383
338.7160229920825,160,3,0.7238543162605983,3,1,66.6453453158703,beauty,6.947640639894443,0,none,1,RET-002870
8624.255090975377,10,0,0.839575198948872,1,1,167.53593540173176,beauty,5.205586452611143,1,substitution,0,RET-009663
1918.2176252218292,18,1,0.9640368117001751,0,1,155.43619853236814,beauty,16.016412869872585,0,none,1,RET-007306
1657.6157913794314,948,2,0.904630449986171,1,0,46.67464338026779,fashion,7.27512820142975,0,none,1,RET-001702
1359.9654309786188,569,4,0.9271398366623801,0,1,109.99262383319773,electronics,16.169686020160338,0,none,1,RET-007718
1278.6356170605195,159,6,0.7139459739571021,2,1,134.37082279744175,books,52.08322269745926,1,substitution,1,RET-009866
1134.502439855391,187,2,0.7049223082678839,1,1,144.72456893904476,fashion,20.25009678564881,0,none,1,RET-004968
6448.492117704084,1694,3,0.880989183796501,0,1,85.73809550886027,home,6.840931523058934,0,none,0,RET-004624
371.90017747542163,199,0,0.7878922931607225,1,0,179.5580230602992,home,2.144512104483051,0,none,1,RET-008775
1879.469789039181,11,1,0.7198830774805841,1,1,286.57585791876477,fashion,1.2095144189555749,0,none,0,RET-005284
2964.0174687889144,382,5,0.8945321546721623,2,1,45.71233852983155,home,15.109346295115214,0,none,1,RET-005230
2401.3825744367336,140,1,0.4754251779074663,1,0,69.4731280331606,home,4.067477711870943,0,none,1,RET-008664
3081.1221772066674,318,4,0.8183462866653555,0,0,120.72095295277833,books,26.323636623846227,0,none,1,RET-001361
776.9884354838875,348,0,0.8962325866520391,1,1,191.382115305007,electronics,23.16275380347702,0,none,1,RET-003353
2785.9499009481297,1253,2,0.8752301938197277,0,0,496.5878691708551,fashion,24.943080527753146,0,none,1,RET-008736
3091.25241067164,273,2,0.7802294635041329,4,0,154.5344096956469,electronics,1.7340984352522884,0,none,1,RET-006832
2160.2102015683004,532,2,0.670946425864837,1,1,53.655299786479304,home,14.908048057698498,0,none,0,RET-005719
825.9799097602807,997,3,0.5699267872507585,0,1,58.38531555613915,books,4.444580732159261,0,none,1,RET-001001
1295.589851064855,689,5,0.7884764104111628,0,1,83.83760041856078,books,8.05769477630815,0,none,1,RET-007428
710.3779625886751,477,3,0.9798834217152861,1,1,156.47527123486935,fashion,5.337472256566885,0,none,0,RET-001768
1247.6684054234279,20,4,0.7279284215749691,0,0,315.0571571750156,electronics,13.92224844961142,0,none,0,RET-008096
1766.9031026400644,929,3,0.8507949257609627,0,1,104.2962355112866,home,14.140907136685993,0,none,1,RET-008679
1319.254802523748,29,2,0.6405157590460853,2,1,278.7716809683319,electronics,45.58126798501917,0,none,1,RET-006751
1815.408218337451,1324,3,0.5260646772448284,1,1,42.78282333809958,electronics,15.027327405371402,0,none,1,RET-003224
693.5691396636405,559,3,0.4987021076521718,0,1,30.26961746274849,sports,8.82681461699674,0,none,1,RET-004318
547.102021998634,215,5,0.8406359051480057,0,1,31.974955043507634,home,2.4311936401131065,0,none,1,RET-000807
937.2756305063525,179,1,0.4629362344234672,2,0,107.87477331112537,beauty,0.37793573486933835,1,substitution,1,RET-009454
2872.5893797458484,1934,2,0.8086568819226405,1,0,160.8561766760178,sports,13.514437027658694,0,none,0,RET-005890
2151.044253099682,650,1,0.8980165092499431,0,1,128.22131017058337,beauty,2.4363587535577955,0,none,1,RET-007818
793.4686912129995,1329,2,0.9462122887567853,2,1,189.504162784783,books,12.003503144267862,0,none,0,RET-000486
1687.4567689970575,74,1,0.9322651222212446,0,0,211.41433485241188,sports,5.086806883914977,0,none,1,RET-006472
2263.2455596532377,511,0,0.8010353357258645,3,1,129.47299424551534,fashion,13.527513296686573,0,none,1,RET-002068
2306.5612733116513,587,3,0.9413713697600751,0,0,303.67626575501055,books,36.48418743192126,0,none,1,RET-007569
1401.5135548242868,602,1,0.6681025697338593,2,1,72.00907042276208,home,2.456492748057219,1,substitution,1,RET-009914
2259.868703331515,237,1,0.8760799001644869,2,1,113.84670086324516,beauty,6.7014972159805515,0,none,0,RET-004432
1270.8981751259741,524,3,0.8996212073612311,0,1,75.36872942485712,books,1.5745458909431143,0,none,0,RET-000321
2764.8599522348236,65,3,0.8209863444877826,0,0,179.41767828490595,beauty,19.415254384474217,0,none,1,RET-005010
2628.531191912604,162,3,0.399326938434571,2,1,172.07089720584062,beauty,0.021211462340149364,0,none,1,RET-003560
438.991705119908,425,1,0.7907177177170094,1,0,199.12945425048486,home,50.73304901136631,0,none,1,RET-007685
1599.1300449411951,928,1,0.3109414134584006,2,1,13.116903372912184,home,1.2778076391076478,1,empty_box,0,RET-009871
3434.614285455814,1174,2,0.834541136228757,2,0,299.4311124956747,fashion,2.3239760376319682,0,none,0,RET-003623
1155.0101850644444,164,4,0.8378160286484834,5,1,127.9677793662111,electronics,4.1660846731241,1,empty_box,0,RET-009863
667.4388786568469,357,0,0.5938233607475573,0,0,68.82406702386541,beauty,13.413299121895975,0,none,1,RET-002833
200.0,448,2,0.8094043088729558,2,1,129.85872563202028,beauty,53.751647491834724,0,none,0,RET-002935
5498.789604646015,1700,3,0.7805444388588766,0,0,234.9837297362591,electronics,20.789953663617133,0,none,1,RET-002646
1918.2952980134867,211,2,0.8523103307619571,1,1,103.17454821273628,home,4.912504459900644,0,none,0,RET-002357
674.0250100161652,319,1,0.8765050973394032,3,1,86.34943948003523,beauty,15.898421967807607,0,none,0,RET-001783
1164.7684009343382,209,2,0.9139516682031127,0,1,99.639479212585,home,8.234826355041656,0,none,1,RET-002172
1366.1636920063347,121,0,0.8891588528811946,0,0,79.05743454508179,electronics,11.659326493185562,0,none,1,RET-002484
543.1338498074501,70,0,0.5667797961226357,2,1,122.74682956978839,beauty,13.779047363017135,0,none,1,RET-003999
6041.718414947479,53,0,0.8490869527095597,0,1,297.74697373333356,beauty,65.39265293795751,0,none,1,RET-008186
1817.408980569036,245,2,0.8310677201037002,1,1,78.13740559486781,sports,24.063088045389417,0,none,0,RET-004011
2971.0128966360116,432,2,0.6753957518083267,1,0,167.96210823773586,electronics,6.966487431220407,0,none,0,RET-002096
2444.724410757079,1519,1,0.8864823628507388,3,1,160.92774485000467,fashion,18.482484648741313,0,none,1,RET-003178
1645.0055721137405,757,3,0.8090341433501934,0,1,192.77629194551747,beauty,6.67391914243588,0,none,1,RET-002092
3363.528010666962,617,6,0.9292626118865513,1,1,164.5601556238943,fashion,4.513605060989275,0,none,1,RET-006016
3197.504874709095,39,2,0.6144264967814419,0,1,131.67986266908284,electronics,27.07749441049228,0,none,1,RET-001151
2171.7734576988914,373,1,0.8320048470221204,1,1,108.4695360831335,books,70.5240583034918,0,none,1,RET-007763
1323.866739129896,154,7,0.5780511228576475,1,1,80.90847657776372,sports,0.18467186058716212,0,none,1,RET-007956
1189.0614715480708,883,2,0.6887841170338542,2,1,221.34889674646533,books,3.356512914487628,0,none,1,RET-001017
676.1971438751757,1185,3,0.8738508661086843,0,0,204.32381566209804,home,25.0505470177506,0,none,1,RET-006925
560.1840207061684,644,3,0.9468706584154093,0,1,246.439521773614,home,13.437378481000328,0,none,0,RET-003860
842.7514291587564,133,3,0.6568170039677768,1,1,136.6768981279453,electronics,31.38229075615949,0,none,1,RET-004528
7222.525759880741,796,0,0.6008536537138587,1,0,63.78644314993809,electronics,3.417009959345115,0,none,1,RET-004788
982.0126603085627,82,1,0.7773794340725004,0,1,161.33225251167966,sports,9.940744792156707,0,none,1,RET-004908
594.9377624360415,258,6,0.97652251459011,1,1,59.810985232546244,fashion,1.5666523403047568,0,none,1,RET-000819
2035.280042790312,303,3,0.7422573112762844,3,1,50.35810617558397,fashion,23.942861801056743,1,substitution,1,RET-009891
859.2075773656841,343,4,0.5560973684403412,3,0,6.5465217140370555,books,68.76763538635016,1,substitution,1,RET-009406
2573.509161793461,1135,1,0.8689113094984291,2,0,96.64324176772863,sports,14.134624708351758,0,none,0,RET-008092
790.1134970352865,27,0,0.8396498285221065,1,1,114.0235098044795,home,5.214095093463828,0,none,1,RET-002261
4513.635716181112,167,1,0.7906472180513388,3,1,653.9358333448529,electronics,7.47829043758761,1,wardrobing,1,RET-009895
1800.7371388483116,393,0,0.9324449319325708,0,0,448.916680166652,electronics,8.17056233290417,0,none,1,RET-004060
951.8240695214638,510,2,0.8508985076934792,1,0,186.23423053206358,sports,23.242215208290023,0,none,0,RET-002624
1955.0416214962893,752,1,0.9260318677022925,0,1,332.2635271700998,books,19.203785791559405,0,none,1,RET-000470
2275.4817868006207,438,2,0.9846676656263398,1,1,33.16712234802727,books,5.630543065036887,0,none,1,RET-003138
713.4736462513023,707,3,0.8923813370023808,1,1,36.992363513281546,sports,14.039572123620063,0,none,1,RET-007078
1884.1684188790005,157,1,0.8358861032307972,0,0,213.89770088346108,sports,14.57145507555605,0,none,1,RET-001788
4980.461648815697,658,0,0.8085308643713272,1,1,180.3751040257879,fashion,15.882151006339965,1,empty_box,0,RET-009526
716.8417841475052,75,0,0.8107615352938978,1,0,205.32648810106133,fashion,10.58433691798244,0,none,1,RET-003776
505.9276307795926,562,8,0.5982031701531308,3,1,2.2506933759772787,home,17.753872071124185,1,wardrobing,1,RET-009465
2798.1047456287074,1403,3,0.8591858224940147,0,1,269.7868743723094,electronics,45.12931430095308,0,none,1,RET-005485
1639.7061411438456,552,2,0.858354082973978,1,0,141.1501032587926,electronics,10.070317908139145,0,none,1,RET-000006
2698.2561059839813,490,2,0.7231841068292499,0,1,29.72241105091674,home,15.619727822347535,0,none,1,RET-000002
2660.961690991853,1057,2,0.6987871736520052,0,0,173.73002274469397,home,48.895097026068356,0,none,1,RET-004792
1116.1990876037132,1091,5,0.581875414763554,3,1,198.1643537625973,beauty,12.97373993070431,1,empty_box,0,RET-009862
4060.0207712820143,299,2,0.7478167550952305,2,0,50.768749798357305,home,32.57849052011109,1,empty_box,1,RET-009485
1142.0934306634451,4,2,0.9606632770167772,0,0,182.59848391973287,books,5.412097019800372,0,none,1,RET-008525
796.321417261624,657,0,0.9192527509049772,1,0,310.59914306570244,home,9.978510971666056,0,none,1,RET-008328
4008.426795565383,480,3,0.9146750760894566,0,0,58.50349668659424,books,8.273961121718134,0,none,1,RET-007851
5180.365224307838,834,1,0.7087462481275183,2,0,329.4148704418438,electronics,1.2041707096554441,0,none,1,RET-008291
1272.9993571832629,762,3,0.8187284359060676,0,0,82.57758292488369,fashion,11.494780096197394,0,none,1,RET-002343
1043.7377628844106,42,3,0.8225370247474588,4,1,274.66485440295367,books,20.825911194292324,0,none,1,RET-006119
1478.028105842475,1068,0,0.7299423361298247,1,1,205.72582930330552,beauty,23.27278786467107,0,none,0,RET-000958
398.0435148727783,639,0,0.8718253208218193,0,0,93.52768397885455,sports,6.402615464496775,0,none,0,RET-008996
15124.235488283142,865,1,0.6790938304741087,2,1,43.26707987588184,electronics,33.76337683330607,0,none,0,RET-000248
594.5781831688207,721,3,0.9345909794644203,0,1,81.5513366040294,books,8.37147663282288,0,none,0,RET-004608
3844.0515171411184,747,2,0.8416697289924124,1,0,53.27019957882101,sports,46.15552083999296,0,none,0,RET-008423
1025.953666491687,402,1,0.7550423442969002,0,1,84.01895066316544,home,11.645343849305428,0,none,0,RET-006574
1542.1204236739013,394,5,0.8630073352314722,0,0,110.72062891837379,books,8.825769440567667,0,none,0,RET-000562
2363.413165221122,446,1,0.9444236279843156,0,0,156.04713755367715,beauty,4.844974026495398,0,none,1,RET-005639
4860.181757278084,175,2,0.9387629122873015,0,1,41.48150224823697,home,7.440369798975041,0,none,0,RET-006425
5382.997631643319,199,2,0.6240034232697328,3,0,205.00988055544153,books,0.03638833789365295,0,none,1,RET-008934
1024.8565505964139,209,3,0.4689159933834822,0,0,98.39135015538243,fashion,16.501705523931783,0,none,1,RET-007034
1409.8823726413523,62,3,0.8348193465328431,0,1,96.58617772490956,beauty,7.202819827578583,0,none,1,RET-003297
1387.2994224308256,497,2,0.7241676456715634,1,1,196.18166124305668,books,1.5528344705601935,0,none,0,RET-004342
5365.285374946687,526,1,0.9362452502767289,0,1,203.76817139186815,electronics,56.391325186302154,0,none,0,RET-006980
567.019070926882,190,2,0.8408010757413091,0,1,280.17878161159445,beauty,23.87027422513074,0,none,0,RET-005421
991.2272737491761,422,3,0.9470421899166453,0,1,72.64859246239352,fashion,11.622170117056134,0,none,1,RET-007249
1570.7884053097691,147,2,0.9441832727694597,2,0,111.2169780852786,books,20.066393185584655,0,none,0,RET-005504
991.9881266222835,49,2,0.957019690308765,1,1,89.91910454118447,sports,16.041157797136165,0,none,0,RET-001032
1019.2953102315539,318,2,0.758026199275053,1,0,136.3554804008004,sports,8.63816826182909,0,none,1,RET-003080
499.1457829386332,2166,2,0.6938201690239532,0,1,157.8170236337357,home,7.53897580758024,0,none,1,RET-003286
4421.905366495418,26,5,0.7868826295723891,0,0,86.69079115404885,home,28.875001615529545,0,none,1,RET-001414
2259.4876821260505,49,4,0.7897099157437641,1,0,102.36512318743516,home,7.79844397254546,0,none,0,RET-007941
1362.8189260954832,166,2,0.7683039358672948,1,0,137.3347670342393,sports,6.302628434213047,0,none,1,RET-009137
1960.060023221156,182,1,0.9354313844889374,1,1,144.791678687451,books,3.2540113355255698,0,none,1,RET-007460
883.1744251160369,598,1,0.6983152010024501,0,1,179.82558145426256,beauty,2.325043033016659,0,none,1,RET-004120
3408.01147023814,616,3,0.9504986303210791,0,1,189.53696595239427,fashion,8.912828983170083,0,none,1,RET-005102
8842.053850172131,111,0,0.9845947318082166,0,1,99.56217866607737,beauty,45.18243817603144,0,none,0,RET-003218
4000.858760140686,418,2,0.7622117539308458,0,1,150.52037496046134,beauty,1.732173165043944,0,none,0,RET-004547
596.1318902035462,41,2,0.7593318495305517,0,0,126.5626516928424,electronics,22.06727972664457,0,none,1,RET-001892
925.9196680007952,27,1,0.7428112858729259,0,0,35.91895443641025,fashion,0.1018668333957383,0,none,1,RET-002515
2727.8712755862607,576,1,0.9320245661122163,0,1,263.8293622383218,home,67.52166286240411,0,none,1,RET-007978
591.8480592844306,566,2,0.9543728228487769,1,0,183.44972183596016,books,13.5975657125649,0,none,0,RET-009003
3472.1369238106045,621,2,0.9282773307749169,1,1,71.09687051998425,beauty,2.9727791911695114,0,none,0,RET-008450
804.4358574756735,14,4,0.9532870924500774,0,1,69.50768532883373,electronics,3.518480721652469,0,none,1,RET-001044
1149.8288809089602,508,4,0.8472134356021898,2,0,98.78368757439874,home,5.918757002190855,0,none,1,RET-003059
801.8239386597475,30,4,0.8048554102139783,2,1,387.03447480454656,beauty,7.503585440473259,0,none,1,RET-005300
1491.65545976434,160,4,0.7707333916474386,0,1,210.0923994234334,fashion,40.20672696827797,0,none,1,RET-003666
562.1007013695597,227,1,0.5195559250368906,1,0,169.3956335582475,beauty,4.706251427696138,0,none,1,RET-002895
3146.590915506769,1233,2,0.9148946877348262,1,1,196.09686149394545,home,8.681246919603987,0,none,1,RET-002243
2638.1133954561483,24,2,0.86619891224212,2,0,93.31208204117296,home,37.82818068070488,0,none,0,RET-004384
2841.4391984811546,166,2,0.8508643695692161,3,1,20.732896998607572,electronics,38.25167736120848,1,substitution,1,RET-009229
3471.088447404954,1389,3,0.9361861211235274,2,1,207.6719505739123,home,32.08192076427834,0,none,1,RET-006520
1189.285465062557,980,0,0.6928796494244382,0,0,68.8459513853793,electronics,13.478942731018378,0,none,1,RET-006110
685.3266733130095,462,3,0.7089230209069786,2,0,168.04693167075513,books,5.981576404560027,0,none,0,RET-004044
2373.138634364329,50,2,0.8830789114941345,2,0,467.0921527355748,home,36.14445131027676,0,none,1,RET-005497
2108.9884079070184,136,3,0.6481924615631042,1,0,19.209858092218862,fashion,23.731280850891732,0,none,0,RET-001801
4378.791358707881,6,2,0.8801918039285365,0,1,2.0,home,6.719275122823465,1,wardrobing,1,RET-009540
742.3048325504648,418,1,0.8683149276443124,0,0,277.8145717018519,electronics,20.91597648138461,0,none,1,RET-002898
2657.640362589805,204,2,0.8766704676696042,0,0,41.87800900639891,books,34.342018267402615,0,none,0,RET-002151
3215.8390741467906,143,2,0.7317155166245061,1,1,170.02566661241366,sports,8.307917352986342,0,none,1,RET-002801
4833.951888771388,490,1,0.8506030009536897,1,1,155.44417628140812,sports,11.764191323876101,0,none,1,RET-000991
846.0668043731721,495,6,0.904363722902477,0,1,99.13800516731477,home,0.24662721623646977,0,none,0,RET-003696
3543.8325880308307,702,2,0.7509746487538755,3,1,119.59442318959077,electronics,0.23035002391888876,0,none,0,RET-008762
1511.3285776523758,285,2,0.8216218049651484,1,0,149.33155435359166,fashion,2.6889623562580587,1,empty_box,0,RET-009479
514.0357839097454,37,1,0.6195753660133064,1,0,102.89055733017003,books,12.593771681528125,0,none,1,RET-007896
2229.464563654089,513,4,0.8163178792701539,2,0,352.4221169728454,sports,11.407876936843834,0,none,1,RET-006384
871.8532526046396,403,0,0.8300693669875318,0,0,121.42083566249786,electronics,20.656880146806728,0,none,0,RET-006481
2051.7101451334775,2033,2,0.8533649596589656,1,1,111.0931914690457,books,0.004117332755010116,0,none,0,RET-000959
890.5264236396634,1428,0,0.9474729729855697,0,1,141.08457620208256,beauty,44.751164710246115,0,none,1,RET-007087
1225.4898573253465,120,1,0.7506009818316719,1,0,124.36394741974635,books,9.216546572613959,0,none,1,RET-001963
866.1030722010912,1231,0,0.6688983843660378,0,1,89.52321413612411,beauty,6.120054947582827,0,none,1,RET-003317
2138.6289241696136,230,3,0.9359589760458806,0,0,188.22625948816324,home,16.980561414997272,0,none,0,RET-003777
835.8964046117501,474,4,0.7723937674443718,1,1,501.55829454659016,fashion,45.22774770641661,1,substitution,1,RET-009250
1367.7324577424956,140,3,0.7595985982369283,0,1,150.5200557248096,fashion,35.36633226685487,0,none,1,RET-003808
1734.6151246257814,388,1,0.761426021328495,1,1,12.400624286787222,sports,50.1903818605223,1,substitution,1,RET-009715
2484.9001398880737,338,2,0.9107153576617119,0,1,62.01600640011892,fashion,0.840710481462565,0,none,0,RET-000709
638.9730666396024,225,3,0.941024266491737,0,1,244.9928966319716,fashion,7.795541974799557,0,none,1,RET-003684
1659.4622538430465,1,1,0.7736378081645241,1,1,91.37920507547683,fashion,43.038376985592386,1,empty_box,0,RET-009334
447.105335957944,799,2,0.6599891613284198,0,1,383.2702630646605,sports,57.79762426817621,0,none,1,RET-008773
739.445880687542,530,0,0.8254615847099387,0,0,90.62440310431806,home,31.860211313559724,0,none,1,RET-006014
1485.6446316137803,157,0,0.8875534981888891,1,1,58.097616882436355,beauty,2.8072474697116703,0,none,1,RET-007625
1040.1017276954817,4,1,0.8645120480462413,2,0,172.89356038212483,books,40.250916139710725,0,none,1,RET-007182
390.0760304445803,136,3,0.7808225402078347,1,1,67.19491840514074,beauty,18.198342289385415,0,none,1,RET-007955
937.1471777324113,12,2,0.6861693085034745,0,0,152.5023421973356,electronics,14.686922514372753,0,none,1,RET-006253
3276.952136149958,130,2,0.789290316227366,0,1,37.57148960368838,books,32.08949826434426,1,empty_box,0,RET-009987
3542.2873759865356,182,1,0.9245024990540259,1,1,118.0013431185781,electronics,3.5381530859245323,0,none,1,RET-002494
937.7973102636598,736,0,0.8880936154846099,0,1,198.70965745508536,beauty,23.73469618144975,0,none,1,RET-007196
10351.460217151174,130,8,0.8675241981493468,0,1,3.209827615695996,electronics,0.24255028271645224,1,substitution,1,RET-009690
1819.9841270981299,735,3,0.9241887648035872,0,0,42.381837282328085,electronics,0.09119045038045831,0,none,0,RET-000528
200.0,150,1,0.8383900105426576,1,1,350.9469498865622,home,14.534710145028319,0,none,0,RET-008676
2449.1171808356535,126,2,0.7415017993919713,0,0,64.67152100599259,home,12.544045751355467,1,substitution,1,RET-009272
2530.5125891148086,444,5,0.7887817675033164,0,1,199.3339875790023,books,13.839249345687218,0,none,1,RET-007553
526.1219939916284,335,1,0.7789620662911952,1,1,165.73482938731684,home,5.108345784876757,0,none,1,RET-008197
1788.2926493460495,341,0,0.8461815641690607,0,1,203.06949002382305,books,36.9210977015681,0,none,1,RET-005404
1842.8030280860175,175,3,0.5860783942567706,1,0,103.12794620581083,sports,29.616034240383303,0,none,1,RET-001812
1067.7762242802792,145,0,0.7719826274944709,3,0,224.23629134364472,beauty,14.537880561378744,0,none,1,RET-001085
437.86030382806587,81,4,0.726035065441526,2,0,531.8640611086611,beauty,6.84958180900693,1,substitution,1,RET-009978
714.1678108620922,311,1,0.9402124564130736,1,1,146.33836829472511,electronics,1.711244198102572,0,none,1,RET-007403
4577.61655731706,53,2,0.9321558405165886,0,0,134.34416393801004,beauty,0.44724232919524093,0,none,1,RET-006535
791.8228567400934,443,0,0.8486967257598783,1,0,63.71810463831561,home,13.892688643510626,0,none,1,RET-006713
2558.637912620315,85,2,0.7891687138104456,0,1,252.36536155231013,sports,1.0835367079719898,0,none,1,RET-002384
637.6398015315352,7,6,0.6598118594027325,2,1,53.56210129365551,sports,20.473875165736402,0,none,0,RET-004134
563.0542848967782,176,2,0.7921937877139863,0,0,125.80220427373554,books,12.911402216548412,0,none,1,RET-008102
3277.8964686867052,739,2,0.9825692374922033,1,1,359.8019711653824,fashion,14.089447030741855,1,substitution,0,RET-009836
4623.224007454398,130,1,0.6682384053170015,0,1,186.69699332883724,fashion,11.394289740594857,0,none,0,RET-003049
1619.9538826681583,472,3,0.8980059922210377,0,1,191.38287196217414,fashion,26.693295203624682,0,none,0,RET-005145
3501.658967778142,781,2,0.5157252716815711,0,0,320.0283883112192,fashion,9.06503788784454,0,none,1,RET-000456
1631.0501447738286,1095,1,0.8082318284846078,3,0,92.13594907922223,beauty,21.896607402208648,0,none,1,RET-006879
1122.4159012415598,338,2,0.8190231724324133,0,1,125.97957947347749,books,7.665207348970782,0,none,1,RET-008758
762.7267716895279,980,4,0.9434535387303169,1,1,408.6522361423505,beauty,29.320735558590247,0,none,1,RET-003959
3249.2894115514314,1114,4,0.8159475246637136,2,1,114.34292910243073,electronics,14.595867937127267,0,none,1,RET-000157
3684.822329159441,19,3,0.6953595995692833,1,0,90.22459784956615,home,16.385650249736944,0,none,1,RET-008483
1018.9914570887768,970,1,0.8028142885509428,0,1,166.4381765962291,books,2.0321391454620397,0,none,0,RET-004262
1812.963963397235,468,2,0.711128680875301,0,1,71.30930908648041,home,7.673074967537594,0,none,0,RET-005319
848.3098096704599,397,2,0.6102089587646221,0,1,39.24714887084525,home,7.312541225082857,0,none,1,RET-000219
2007.7058027017224,67,2,0.6715252301387119,0,1,185.04936158124917,beauty,1.5218291472408367,0,none,1,RET-007234
4143.400493967885,574,1,0.9350123594141606,1,1,61.67933321273513,sports,0.5442666551132096,0,none,1,RET-002652
3362.8676202847264,1024,1,0.8415283236761203,1,0,104.53326769404178,books,11.52895745378997,0,none,0,RET-008107
2647.836819115988,1044,4,0.9002092730916995,0,0,231.03296230883146,beauty,11.50794324109405,0,none,0,RET-003630
1080.3140471213908,204,4,0.9412293514636458,2,1,141.52802717463317,sports,22.567837819190835,0,none,0,RET-000403
970.3587904234316,470,2,0.8517847141230817,2,1,103.20917091341433,home,34.43492314831671,0,none,1,RET-001034
2919.281309569413,202,1,0.8720259705316593,1,0,52.52250447354394,beauty,34.32875229200537,0,none,0,RET-005523
658.4265139901695,47,3,0.817698478094115,0,0,258.9277626707111,sports,3.982883521483838,0,none,1,RET-001714
2361.4455607275668,104,1,0.7676757028519517,0,0,65.20001682445482,sports,9.378121783194686,0,none,1,RET-003394
1991.2418826438732,23,1,0.6202682409859649,1,1,5.208665187154524,fashion,15.860413368646704,1,substitution,1,RET-009995
251.58374281029353,545,1,0.8709864436807375,1,0,56.491697542907836,electronics,1.7154102109602494,0,none,1,RET-004069
2853.8458376398617,227,1,0.7809387250801103,1,1,256.48725799855947,sports,8.068686124615366,0,none,1,RET-000402
5448.7938873874855,17,2,0.8256856488882701,2,1,145.24280298418068,electronics,2.4238514428722784,0,none,1,RET-000519
580.7451370326581,330,1,0.8916119103826438,1,1,208.09581833327692,beauty,3.2538365783029,0,none,0,RET-002730
4130.832687500524,330,1,0.7782335011401078,0,1,105.02203477571351,books,50.89943877547711,0,none,1,RET-003694
2743.058927048817,11,3,0.9669100269801822,0,1,127.4639218398277,home,1.1615792972832917,0,none,1,RET-005814
1083.7208071687094,9,2,0.9184965206997118,1,1,129.91531404160406,books,3.406707399213123,0,none,1,RET-005057
464.6636124093851,27,2,0.9137290804700702,1,0,124.17698410723817,books,20.944684418509322,0,none,1,RET-005958
621.7737740905362,87,3,0.8444505163580247,0,1,65.23599523212422,electronics,2.086086499783157,0,none,1,RET-007729
1709.0917099785697,129,4,0.9635412616389614,1,0,49.47920917059563,home,28.35478840831191,0,none,1,RET-002723
565.9865985070805,81,5,0.6393378272152038,3,1,29.204704081827508,fashion,25.26291815043899,1,wardrobing,1,RET-009399
3315.7536105685995,214,0,0.8201185035837216,1,0,117.96426504964477,sports,36.00541783192099,0,none,1,RET-006737
3497.7393561834792,213,3,0.7957336838469921,1,1,312.7033792217189,beauty,4.819134444465889,0,none,1,RET-007665
3738.485109153953,200,3,0.9388449328575206,2,0,70.41187942922092,home,28.15511068176466,0,none,1,RET-008797
6256.608588084422,475,5,0.7630210170539174,1,1,249.25942318928892,fashion,1.4889780265500783,0,none,1,RET-001167
2296.9843636789824,512,2,0.6672405760788341,1,0,228.01874943387688,electronics,8.357820585532416,0,none,0,RET-007422
3043.803221527437,278,4,0.6613043476098885,0,0,81.46795274621496,beauty,13.160679603665853,0,none,1,RET-007054
249.56251634588844,30,2,0.8816549495813919,1,1,47.15287402799178,home,1.2355937278615627,0,none,1,RET-005501
944.9850932466958,193,9,0.8597581472729187,2,0,144.3679003081107,sports,8.59398092834587,1,empty_box,0,RET-009519
2640.20131221235,362,5,0.9200575463720836,0,0,111.21532064561335,sports,8.356565137600427,0,none,1,RET-005498
1573.4806966954138,274,3,0.5485019200793607,0,0,155.0744965182014,fashion,11.623318964282323,0,none,1,RET-006863
5114.896547703585,2765,1,0.41358598721425793,0,0,118.88338148135342,home,10.378333675872673,0,none,1,RET-002422
2792.4588310807835,350,1,0.5106108890316964,3,0,133.07014343884194,home,3.029010602705246,0,none,1,RET-000065
1522.78548317052,1,2,0.8061608155652231,0,1,298.6343082575316,books,4.165492646840744,0,none,0,RET-008158
844.3663319205051,812,3,0.8588980738120185,0,0,218.8034469621393,electronics,21.472581570210178,0,none,0,RET-002491
424.5533445346596,413,0,0.8463500579400731,1,0,34.55981497101471,fashion,17.562614693261544,0,none,1,RET-001888
1691.1415870328572,237,2,0.5011259723067516,3,0,72.71026773788543,sports,14.202766953814272,0,none,1,RET-005533
1256.4054244636886,1485,0,0.7522597735939578,0,1,99.40173354507388,books,0.9520982125141378,0,none,1,RET-007374
746.2852131360415,1015,2,0.8247629207290319,1,0,132.17187561776834,books,1.2116526583727798,0,none,1,RET-007310
1866.910255073634,165,1,0.9870644773733296,0,0,242.7440052298003,beauty,3.503196897431268,0,none,1,RET-006073
2323.2423883316465,303,2,0.7259746405080286,0,0,201.0891689946043,beauty,17.913536172072916,0,none,1,RET-006280
612.9542968240904,226,1,0.7894144706426476,1,1,78.66113168773,home,0.2436830081941288,0,none,0,RET-004892
613.9981265987793,755,3,0.7938635392484311,2,1,257.92088689080657,electronics,42.22083017898791,0,none,1,RET-008217
1252.346405597783,260,1,0.9028929076669728,0,0,149.760782196963,electronics,5.048831409172395,0,none,1,RET-001866
508.4788351794143,1496,1,0.8581157056927629,0,0,90.7920207789428,books,11.88830188881187,0,none,1,RET-003535
1641.7657681743076,304,3,0.5452877166565441,0,0,112.73158579842834,sports,16.208940773338696,0,none,0,RET-003412
1057.6382992898089,46,5,0.8372405620227769,2,0,97.71824012653214,fashion,5.447940385845883,0,none,0,RET-007263
953.8041760465206,449,2,0.6390738612194018,0,1,44.971216181225884,fashion,5.657333298546391,0,none,0,RET-005212
3203.939400100057,528,2,0.8951803872373254,2,1,46.23487417365625,home,38.13032886533078,0,none,1,RET-001993
912.6213902833313,3650,4,0.8190393437269229,0,1,94.7805446607173,sports,6.029070930757659,0,none,1,RET-002457
6902.2093128952565,286,2,0.9042246981737193,3,1,46.79918809225308,beauty,52.21121304019265,0,none,1,RET-002827
7410.084811977867,31,5,0.8565469830249125,1,1,318.0452436684958,home,6.318159080312628,0,none,0,RET-003098
352.92657554231687,475,0,0.5406428323503872,0,0,190.66824960055513,books,3.3858495220187135,0,none,0,RET-009142
2096.0923424266266,686,3,0.8804635065549478,0,1,253.53677636171383,electronics,10.524199392702634,0,none,0,RET-008766
362.1837896386849,498,3,0.8209040772183434,0,0,130.99364482908055,beauty,10.030403669110205,0,none,1,RET-006577
5972.360332530407,1357,1,0.5107168857934234,0,0,41.98748002851187,electronics,2.6730740208527703,0,none,0,RET-003280
2171.341440343476,213,1,0.9477476348632651,2,0,88.23212613823736,beauty,2.9444001711094296,0,none,0,RET-000898
1695.554722380143,2133,3,0.8347961926448102,2,1,89.71520145703964,sports,0.8117086854143852,0,none,0,RET-001290
1000.087834092635,20,1,0.8598967455843632,2,1,116.19803102518438,books,49.02017846443562,0,none,0,RET-006706
4469.46150847076,454,3,0.7999603774981867,2,0,166.1876634784788,sports,3.705998908143263,0,none,1,RET-003564
3702.950862729809,928,2,0.9328203304194035,0,1,36.276686241601816,sports,8.033051372195878,0,none,1,RET-007591
6725.9944310052615,33,2,0.7659637539808002,0,1,67.59659187868465,fashion,7.460959717552185,0,none,0,RET-005810
446.3754339606461,888,1,0.7274216555885015,1,0,149.3081913462703,sports,8.306122661654726,0,none,1,RET-008720
962.3331723848822,708,0,0.7615970815990446,2,0,23.026015840404636,fashion,3.164029923571267,0,none,0,RET-003448
849.1811373271601,224,3,0.7699664628509271,2,1,213.7137824821343,electronics,28.815145562417477,0,none,1,RET-004663
4527.215954547687,152,3,0.6742331494610901,1,1,264.98128992561874,books,33.958885102390575,0,none,1,RET-008866
368.7291843167915,65,4,0.9281875330613442,1,0,242.9371131585639,books,32.469880681903945,0,none,1,RET-004256
2228.262586589108,52,2,0.9281414796312353,2,1,126.73635199269353,books,30.629114152084277,0,none,1,RET-000792
3761.366765917511,317,2,0.48837171254372763,0,1,153.22287221937265,fashion,6.454231834966148,0,none,0,RET-002249
3902.60331368356,646,4,0.7735460167719375,0,1,96.56758970180621,electronics,12.353568011516705,0,none,0,RET-004855
2180.2303932179207,670,0,0.790840431261493,2,1,94.1348963705082,home,5.009155219420786,0,none,0,RET-001818
1116.0187399450801,104,4,0.6193420365920688,1,1,166.55641185973266,sports,2.544572381444176,0,none,1,RET-004580
1905.013648398592,146,2,0.5205490186646924,1,1,80.72137382286216,home,26.643563817784624,1,substitution,1,RET-009449
670.7318998333013,128,1,0.9442031801780657,0,0,153.7457496241144,sports,12.967777527622067,0,none,1,RET-000141
4805.957884705226,293,0,0.5866454346639652,2,1,472.2583681535208,beauty,11.654818784150663,0,none,1,RET-001055
1882.8850870758724,155,1,0.6641345624418477,2,1,43.39395204098722,books,13.366445276472685,1,empty_box,1,RET-009348
1432.8244480746105,285,1,0.8175806600965501,0,0,155.24791077390634,electronics,19.954849918429623,0,none,0,RET-006496
1521.9761280617386,117,0,0.8057353436529773,0,1,382.3273366867733,beauty,32.554291188819796,0,none,1,RET-006363
1200.1508223505027,899,2,0.7177480725510246,1,0,298.55238546208847,fashion,0.8928734698509226,0,none,0,RET-006106
4086.565864588615,368,3,0.823041789589804,1,0,32.12846535183,electronics,19.489375311317065,0,none,1,RET-008895
2314.706743248973,613,2,0.7744697506351387,1,1,103.47632268180162,home,5.021138327555677,0,none,1,RET-005329
439.39731580545475,16,1,0.5311516941008644,0,1,47.70251932077116,fashion,14.04215681688019,1,wardrobing,0,RET-009911
1562.0352349367918,823,3,0.7613619327529243,1,1,86.43451774002074,books,1.3732795754017064,0,none,1,RET-004810
638.0762194399832,380,2,0.8114167220108635,0,1,94.53723823831382,fashion,6.549198706127012,0,none,1,RET-006057
1568.11079514973,184,2,0.9175193861534634,0,1,156.40350788165068,electronics,7.80430677720776,0,none,1,RET-000342
738.3908150460811,372,3,0.8196910969767655,3,1,446.04426755830605,sports,6.744715996419936,0,none,1,RET-007799
1495.1701543726367,200,1,0.8667003192835446,2,0,31.375809034734004,electronics,7.980565679059871,0,none,1,RET-000087
1927.4532114466372,1333,3,0.7348721414820705,0,0,186.9087628920829,books,14.667765748237283,0,none,1,RET-001483
926.9065382800784,142,4,0.679203609913242,1,1,65.7767861412686,electronics,22.42776120982118,0,none,0,RET-006722
2833.8947430368394,393,3,0.6507142915570909,1,0,160.5095632751619,books,10.342322953901384,0,none,1,RET-006667
2862.760505208283,31,3,0.8207246395440737,1,0,107.43742381163976,home,20.72160672364563,0,none,0,RET-001426
4022.7949999229663,1375,1,0.8972154944285567,1,0,216.83556718170126,sports,31.801771778275608,0,none,1,RET-000760
1270.19385640686,229,3,0.6813652770791949,2,1,83.03407449194513,sports,14.062671250355443,0,none,1,RET-000523
674.8376363781075,27,4,0.8452943924763152,1,1,197.9804752356487,sports,3.6539050325948748,0,none,0,RET-002803
483.2216375781189,840,1,0.9352025443709381,0,1,134.42902429733942,beauty,8.668599175319624,0,none,1,RET-006391
1663.6190108095552,660,0,0.7345962643174232,1,0,174.42686848386165,sports,8.778606494769079,0,none,0,RET-001632
4145.323846732005,1147,0,0.7311214591633923,1,0,70.63075020703484,books,15.61583169678196,0,none,1,RET-005411
1801.5791499347922,2387,2,0.8506953913058252,0,0,108.44408099540448,home,6.542259922584546,0,none,1,RET-007768
2239.088487135561,206,1,0.9378366765904083,3,1,258.6487820194779,fashion,56.85708419109359,1,empty_box,1,RET-009536
2098.5954415571523,683,2,0.7910270499571576,0,0,144.31357673217087,home,2.931784423111735,0,none,1,RET-004098
2052.227902157817,111,1,0.700534079878315,0,1,121.75626746978823,sports,14.156792171157466,0,none,1,RET-008215
1247.993450320424,1540,0,0.8349635586369933,3,1,58.41569181340194,electronics,28.681019893477437,1,substitution,0,RET-009676
1275.2623437661011,1612,5,0.8050327454369135,0,1,189.0807667659201,home,19.9770889701039,0,none,1,RET-009045
12946.702762509278,29,1,0.8612075268525577,0,1,87.85977700694536,fashion,4.4108238449864885,0,none,1,RET-001338
3738.2588805542073,3,3,0.8004157068572302,1,1,217.3563355643962,fashion,14.952804487458462,0,none,1,RET-004268
3687.3017315567095,171,2,0.8430019735890472,3,1,145.6246032148844,beauty,14.267053870895246,0,none,1,RET-002883
1200.085855582113,185,1,0.7313043384161491,0,0,85.3455326700539,beauty,8.18363872774106,0,none,0,RET-006429
2004.0220378399822,161,3,0.9076945582111635,1,1,264.11852438813276,electronics,9.416394402929235,0,none,1,RET-003018
6107.100722154153,604,3,0.7068771164353549,1,1,162.64577667083472,home,15.03969828228462,0,none,1,RET-004373
1646.5554349576428,6,1,0.6926577868956727,0,1,255.87893730920965,home,155.1243705795662,1,empty_box,0,RET-009857
1716.5613515616462,61,2,0.3798422723913242,2,1,228.5297865405671,books,30.924875977705604,1,wardrobing,1,RET-009411
1476.7518888179513,646,4,0.7942670356734897,1,1,47.58711790940158,home,39.35686297440164,0,none,1,RET-005048
570.2550606955624,241,1,0.5295891675811831,0,0,240.3264380446056,fashion,51.22891022080174,0,none,0,RET-001925
465.12678394140096,108,2,0.7973975775873108,0,0,51.32795360166924,beauty,27.68219148781877,0,none,1,RET-000095
1101.2920978287007,580,1,0.7920193588074971,1,0,133.20711472503075,sports,3.114581653374092,0,none,0,RET-004362
613.2069839848568,196,3,0.9549987769434284,1,1,70.48792378534137,sports,12.64000004165124,0,none,0,RET-003922
3613.1026082359836,60,1,0.8603004298731026,0,0,55.530427335756286,books,6.094851271598867,0,none,1,RET-007921
1025.491824713898,143,3,0.8475960107668442,2,1,74.58809729752801,fashion,18.556309630323774,0,none,0,RET-000688
2170.308409401848,483,2,0.79590582404058,0,1,135.59402931597603,sports,6.582751208487714,0,none,0,RET-006859
2168.2205188946014,152,2,0.8217826534223871,0,1,58.65258791206761,fashion,22.8384287794716,0,none,0,RET-008142
2844.0468536251374,290,0,0.9323609825990496,0,1,123.30052499809989,fashion,11.869760789001823,0,none,1,RET-008623
4182.406061648392,6,3,0.8635591393732369,2,0,104.31888190365557,home,18.041770297978566,0,none,0,RET-008950
2845.291192685696,247,2,0.7672765643650199,2,1,560.9192188628623,books,1.4477463307479885,0,none,1,RET-000680
5203.405805992315,8,2,0.9773707521551886,1,0,134.92582081032353,electronics,28.008654639535003,0,none,0,RET-002359
1088.939166348624,62,2,0.9757443009912781,0,1,512.6894138311434,home,8.942316619575704,0,none,0,RET-001609
264.2184288116767,102,2,0.7267427687845622,2,0,110.24757408195623,fashion,8.461891402787444,0,none,1,RET-008982
1572.7337565887133,158,3,0.9411547231420925,3,1,72.64463380911211,books,2.114450837191601,0,none,0,RET-000929
1592.1999789408367,480,2,0.863660440644404,3,0,171.33749728885778,books,0.20336526428100624,0,none,1,RET-007704
2510.7933383426594,10,1,0.786174506884372,0,0,285.64826573871494,fashion,17.165233434202058,0,none,1,RET-002046
5953.403986617305,1145,2,0.765780203738123,3,0,287.24581681658077,electronics,1.2109698519002998,0,none,0,RET-001258
899.4139016341871,172,3,0.8295383297050413,1,1,103.04223796845446,beauty,21.562620745552906,0,none,1,RET-006789
1634.336207386187,206,4,0.8390324836541453,0,1,101.87380888478023,beauty,14.857073003040476,0,none,1,RET-002514
2970.3779735940802,158,1,0.5309003258386849,0,1,153.3055216525985,home,10.410340371122672,0,none,1,RET-000990
1049.2679399117012,709,1,0.6896529044027108,0,1,169.00236587100858,home,14.500205183366491,0,none,1,RET-009075
1416.6526896009766,356,0,0.8478720750047951,1,1,217.15051369411808,sports,73.43339785051447,0,none,1,RET-001600
1010.1961079921662,13,3,0.6937785199132295,2,0,113.41058191625454,books,21.78837756948327,0,none,0,RET-008708
1075.0857959841912,847,1,0.8320105495923744,2,0,224.02639937705422,fashion,11.563645922074347,1,empty_box,0,RET-009560
626.5240672152439,1363,0,0.748937177951939,0,1,229.49299269476379,books,4.107743777620148,0,none,0,RET-001331
1117.029777239019,174,1,0.8098707320528978,1,0,284.11935980443656,beauty,3.917399468129388,0,none,1,RET-008205
2224.380157464846,141,1,0.8673813278941088,1,1,236.06717884341012,beauty,1.6629219835197762,0,none,1,RET-008954
1886.5056001890164,504,1,0.7642374294073025,0,1,327.57936831505134,books,8.147740995229137,0,none,0,RET-003368
423.08716346733235,152,3,0.8703289347358234,1,0,113.25087401213901,electronics,7.083391834605047,0,none,1,RET-006798
244.7342621578328,238,2,0.7595536653580952,1,0,34.175481132132525,beauty,3.2316151163182782,0,none,1,RET-001217
660.7350259202844,41,5,0.8124642583364723,1,0,96.21850070885162,fashion,20.05854774104515,0,none,1,RET-002660
1608.0310060380134,418,1,0.6634079691282294,1,1,158.61440767080978,books,6.261927635434041,0,none,0,RET-006292
2238.0545318773266,233,5,0.8770659038737113,1,1,102.78948164117412,sports,2.007003908197694,0,none,1,RET-002325
763.8926930374473,574,2,0.7998569833190822,0,0,91.13372397533657,books,28.807290090457837,0,none,0,RET-005353
2774.3002865196304,1548,1,0.7519372529783717,1,1,174.04838945940898,home,11.806615756684973,0,none,0,RET-005254
625.7831089536436,151,2,0.9919680391290686,1,0,196.518252423637,beauty,6.680726651003082,0,none,1,RET-000909
1717.5732321864657,46,2,0.6781614394701568,0,1,140.27201536094424,books,9.361166446646173,0,none,1,RET-003249
816.5836992461467,47,0,0.8127343395421948,0,1,231.87748794471088,books,1.3496676326073995,0,none,0,RET-000366
525.2993331714518,20,3,0.8029060875677331,0,1,66.96904588954231,electronics,0.4026130637185987,0,none,1,RET-008132
3271.9744030195766,94,1,0.8908494350058359,1,1,53.42949284362564,home,9.510444248514995,0,none,0,RET-005352
2119.1684455603795,454,1,0.6052700426598369,0,1,251.1956712094796,home,22.582990479374903,0,none,1,RET-008388
2526.8636488829575,133,4,0.9474853694463921,0,1,282.6300276804526,fashion,5.806816856260886,0,none,0,RET-003130
326.2624770813046,608,0,0.8847539474503161,1,1,96.88369704931308,sports,19.731077543085284,0,none,0,RET-005824
680.8601519069504,771,2,0.8332016290409269,1,0,109.38461654753597,fashion,22.11775866243249,1,substitution,1,RET-009604
1387.5443888098625,253,2,0.7858689261813075,1,0,176.36302270922366,sports,8.975263552866204,0,none,1,RET-007171
1621.3242341298032,726,1,0.9629238825513867,1,0,140.0529174411453,books,48.277406257059056,0,none,1,RET-002034
3093.0736898421615,444,1,0.8056604944068344,0,1,216.54271711730476,home,2.4629748164362737,0,none,0,RET-001427
1744.6834629100292,135,1,0.8906161718457551,0,1,66.64259298059173,beauty,0.6546008436181571,0,none,1,RET-002028
2029.1862296136467,112,3,0.8240279711408683,1,0,104.01206026996317,beauty,11.189774430458296,0,none,1,RET-002143
698.6601029895115,285,0,0.764216385663045,0,1,257.7364525859237,fashion,13.797064314999547,0,none,1,RET-005434
2497.251901998212,113,3,0.915599421934412,1,0,289.4207231058245,electronics,3.9856209058717718,0,none,0,RET-005743
1036.3460116711994,333,2,0.8976920176841313,0,0,44.07492735083215,beauty,53.991271896500265,0,none,0,RET-004899
1308.182369353306,224,1,0.8843863210762145,1,1,32.23234662835536,sports,49.528845175019875,1,substitution,1,RET-009367
4687.478475634156,291,1,0.7773408923764662,1,1,171.84294844637543,fashion,7.707880122577462,0,none,0,RET-003494
8223.551574995416,173,3,0.7057644354344417,1,1,38.15680887933407,books,0.531438426904836,0,none,1,RET-003831
275.4571483546706,40,1,0.6913848914193664,0,1,162.31094167272707,home,2.525960574567068,1,substitution,0,RET-009665
1819.127622276831,471,1,0.8825403838286704,0,1,205.58636672787495,books,7.253195866264364,0,none,0,RET-001294
781.7096938784747,49,4,0.6896840336010753,2,0,137.4255711974085,books,2.9437415168629943,0,none,1,RET-005966
1562.376991160562,578,1,0.7429352194193872,1,1,92.53419604336918,home,9.11760763316803,0,none,1,RET-004622
1825.1124412705326,158,1,0.8906324470502613,0,0,166.48164760039964,home,4.461381425974903,0,none,1,RET-008876
6140.4709820638,333,1,0.9203907651065182,1,1,186.69705979148378,beauty,20.436275482200266,0,none,1,RET-002213
3269.226803703347,117,5,0.7264667790217701,4,1,15.411269057351943,home,1.0421150160685742,1,empty_box,1,RET-009966
1335.4780667484026,47,0,0.816611671959611,1,1,120.500775279356,beauty,2.312014750759382,0,none,1,RET-007731
1191.8446308387033,208,0,0.6044645600760403,0,0,348.4551098600621,electronics,27.90622606063107,0,none,0,RET-001430
3954.5928352985775,44,1,0.8704637205095845,0,0,151.82117476345383,home,24.55116792690406,0,none,1,RET-008585
2174.905934718655,429,0,0.8973350742843922,1,0,182.72913430572646,beauty,0.7274578411836704,0,none,1,RET-008270
1059.224106739012,496,4,0.8357081155021533,0,1,87.81751371423621,beauty,0.4706893303582441,0,none,0,RET-006666
1613.731302093103,303,4,0.637849185357839,1,1,232.9221774106369,electronics,6.003358846522406,0,none,1,RET-000380
1437.4618648287149,926,0,0.8508020766569503,0,0,184.64021929469337,sports,14.039925182367837,0,none,1,RET-005849
1421.2935779665509,429,0,0.5650864257533807,0,0,110.08679176687268,electronics,6.306036063057329,0,none,0,RET-004722
538.6143076128309,155,5,0.8612359474277935,0,1,141.64407196535777,sports,20.285694511064907,0,none,0,RET-007419
1593.5853376584414,660,1,0.5851101760569355,0,1,69.94953414480183,beauty,1.95571812196925,0,none,1,RET-004040
1918.5290626474437,65,1,0.6947289611111931,2,1,80.51031964302521,beauty,6.870305079916843,1,empty_box,0,RET-009773
2291.3340115046035,521,0,0.8335073186032119,0,1,74.72878754159855,books,12.632347053249198,0,none,1,RET-003123
2157.452907840709,672,3,0.8666893647598949,2,1,98.34802581939852,sports,27.581914893296645,0,none,1,RET-009154
1298.7247213353742,435,1,0.9339713713821552,0,1,147.97399342044403,sports,23.090990325466464,0,none,0,RET-008234
2435.022656309342,476,0,0.7731828584683335,1,1,131.3570948073648,fashion,5.296592935896105,1,empty_box,0,RET-009453
2050.442935699462,2261,4,0.7129121538254161,0,1,116.32968639981512,electronics,0.6627816291952972,0,none,1,RET-002080
639.2784629846687,58,0,0.715680018402671,1,1,42.45705927888249,books,13.406638833291545,0,none,1,RET-008136
724.7409151764135,33,3,0.9269157430145839,0,1,40.896707710591556,home,3.7004822936972173,0,none,0,RET-004999
1138.886223249964,281,3,0.7251825235045734,2,0,166.88315987832186,beauty,9.9022188098016,0,none,1,RET-006844
717.4532795145774,407,2,0.7443272994631186,0,1,122.89475783322865,books,8.352032954180288,0,none,1,RET-003087
1378.9930581372148,333,2,0.8121811123900079,0,1,94.31025867973368,home,20.53122661574861,0,none,1,RET-001967
2345.9300404762607,306,2,0.6825394216434718,0,0,104.57790017064248,books,23.088492843354,0,none,1,RET-001398
224.6092385670818,399,4,0.6783783391143886,4,1,156.6248475078071,home,2.36096588683436,1,substitution,1,RET-009930
3265.7727712846645,193,4,0.7628353340579275,0,1,182.139047375002,books,13.109797733954057,0,none,0,RET-004972
1300.2081723670008,108,1,0.8993331936090267,2,1,26.061403823094683,books,5.650041198869097,0,none,1,RET-007912
1217.6164104500365,178,4,0.4944008323463443,1,0,80.024067030573,beauty,0.5558859022952973,0,none,0,RET-006340
1403.9512950503918,126,4,0.9366840295520957,2,1,78.10061218182761,beauty,11.695663391034746,0,none,1,RET-003952
1376.477650434956,17,1,0.8132458690796388,0,0,19.991321464702498,electronics,18.41935406260835,0,none,1,RET-006443
510.4528117165096,266,3,0.7910579351006871,2,1,159.49682218572582,books,46.52360747805452,0,none,1,RET-002609
5906.272688060346,763,2,0.7975155966941793,1,0,212.2878535397219,electronics,15.80282290366748,0,none,1,RET-007976
3702.6062651561424,224,3,0.9123935900995498,0,0,86.2464110522767,home,14.043946908399642,0,none,0,RET-005385
372.86979143527446,749,3,0.8565775276535209,0,0,176.91417838921672,fashion,16.690292566597144,0,none,0,RET-000950
1138.7507986294113,238,5,0.9126822432147194,0,1,46.35701059366333,sports,32.41956603539471,0,none,0,RET-005901
1942.3893124375738,95,1,0.8419318650196174,1,0,173.9466300770269,home,5.765610989732399,0,none,1,RET-004969
639.7814822950646,26,2,0.7481673626111331,0,0,108.08277206371048,home,8.640176754136704,0,none,1,RET-004242
2221.9254418440373,65,0,0.8602790149316114,1,0,238.3667417638074,sports,14.616435709119187,0,none,0,RET-005825
915.9811448442503,404,1,0.8457433480952016,1,1,48.56231988153227,electronics,14.57738157112488,0,none,1,RET-005198
1470.9686196387793,1051,2,0.6565733407176094,2,1,48.081548071844836,electronics,0.08437641284637787,0,none,1,RET-001791
662.892197612482,410,2,0.6553801225856221,1,1,203.20794834707874,sports,22.538601856415305,0,none,0,RET-006367
445.70784361843823,732,2,0.8007489233212385,1,0,42.22226363972764,beauty,10.687856934399223,0,none,0,RET-004687
632.9320009554484,1231,2,0.4971744938055,0,1,117.84599263097653,fashion,45.4563441644705,0,none,0,RET-003698
7317.407241599998,1132,1,0.7896504957728375,0,0,142.8345195974875,fashion,8.592168597450087,0,none,1,RET-001508
1568.7877470777062,499,5,0.8478378298888656,1,1,124.9713910666396,beauty,11.800510492034206,0,none,0,RET-006162
3285.4007178324614,34,0,0.6587243024690826,2,0,135.67521029626494,books,39.733108629402565,0,none,1,RET-002037
1927.3905207963835,494,5,0.8802997831390532,0,0,150.9697048961056,sports,16.812282286939066,0,none,1,RET-006745
1502.2441551216953,650,5,0.5555835605455565,0,0,97.77630615107755,fashion,6.749849451068967,0,none,0,RET-003479
340.23304645370143,648,1,0.8638620709874529,0,1,148.0537238112134,electronics,16.906355059253762,0,none,0,RET-007506
2285.0451838538334,847,3,0.7941404375535069,4,1,405.1831340310507,books,1.1678215860342684,0,none,0,RET-004801
1804.8414852012738,618,2,0.9515041434569798,0,1,154.08610601284437,fashion,7.5956137681509714,0,none,1,RET-009149
3582.988082464593,10,1,0.7147194402795435,0,0,150.73267057533252,fashion,7.434870298099428,0,none,1,RET-002282
3152.8581892871757,73,4,0.5815352077708646,0,0,95.55290938556668,electronics,0.04244523218970919,0,none,0,RET-008345
1518.9990584556506,165,0,0.9483882486158176,5,1,11.390437230722434,fashion,4.2822602192960035,1,substitution,1,RET-009428
559.3368471524707,18,3,0.7786233861440177,0,1,107.68893841873444,beauty,5.022448637241758,0,none,1,RET-000335
6568.191042973653,421,0,0.899316413001825,1,1,211.3945000923045,home,7.2630209895630475,0,none,1,RET-007268
1361.0795834650683,124,3,0.7034397349070256,0,0,276.3410378515216,books,14.406534556567877,0,none,0,RET-001543
2133.7834088821155,970,0,0.7711002623466255,3,1,109.02509160151546,books,3.186105997917217,0,none,1,RET-008088
776.8172420110952,223,3,0.8638163709653891,0,1,227.3922464233249,electronics,20.95913406974784,0,none,1,RET-002241
354.4736421088078,65,4,0.8748015186315041,0,0,69.2330427027443,books,48.62858222890557,0,none,1,RET-000794
490.16234922454674,158,3,0.7909426313438876,2,0,104.56349564206182,sports,43.6987562782061,0,none,1,RET-006403
3351.740669758302,1046,1,0.8866858371281876,5,0,138.1475328865607,sports,10.008968143556833,0,none,0,RET-004333
2133.1262119669605,14,4,0.7908952755240309,1,0,98.20419195197447,beauty,15.987553018378838,0,none,1,RET-008798
469.3858014014533,78,3,0.9082132297472076,2,0,154.40713856207682,sports,33.451088172205075,1,substitution,1,RET-009778
2614.7404716415103,308,1,0.9424002803514787,0,1,70.34532156175304,books,1.996534552989942,0,none,0,RET-006470
2276.7228684852926,653,3,0.8951645737029125,1,0,204.65295387963334,sports,7.926137915748986,0,none,0,RET-000216
3493.3144561949152,2331,2,0.6964945559010259,0,1,142.19371270058068,fashion,7.8999584795506985,0,none,1,RET-003287
2675.8206278322764,338,2,0.96741346846247,1,0,76.0757574822681,sports,33.56706459089846,0,none,0,RET-000762
2005.8069965331408,126,1,0.720264942670929,0,1,66.71335784097212,beauty,24.733998691340823,0,none,0,RET-005210
1681.2233530729454,48,0,0.6741601030711344,0,1,334.1730196868799,beauty,8.276088123047211,0,none,1,RET-003807
2913.0000392172983,226,3,0.579097686489404,3,1,112.61759930352733,fashion,0.24273389314828758,0,none,0,RET-004797
1229.2807682280652,1215,1,0.9368391864439634,2,1,142.2857545379238,beauty,2.8448726811204748,0,none,1,RET-000928
3814.1927670174864,118,0,0.7027672318814706,1,1,132.29687780186669,fashion,18.15445290685027,0,none,1,RET-007261
690.3117783686351,984,1,0.5749855032132779,0,0,328.1761672982172,fashion,3.9469210107649295,0,none,1,RET-004939
1031.7537351916164,204,2,0.6508192178082842,0,1,178.8140011114803,books,4.724624077442632,0,none,1,RET-006145
2049.070253838844,810,6,0.8229222326384352,2,1,151.4414490364135,books,79.05626897977449,1,empty_box,0,RET-009924
779.6530212782062,1,0,0.8752833282350386,0,0,266.6342149218628,home,28.554406865794466,0,none,0,RET-006151
584.25433304403,341,3,0.8738125675079441,1,0,119.4169546896924,fashion,49.651833652754135,0,none,0,RET-000822
614.8675414190003,104,2,0.6999297572361964,1,0,133.37105682102887,fashion,167.42513220984515,1,substitution,1,RET-009328
828.2448026029562,209,0,0.8884311135138557,0,1,109.43695175986163,beauty,29.29535245265241,0,none,1,RET-007375
2091.730305330378,132,5,0.7849373167920457,0,1,234.976891639237,books,3.0526576104743097,0,none,1,RET-008740
4540.105316577528,916,4,0.859975116556399,0,1,67.39356261050192,sports,7.036628598450588,0,none,1,RET-002106
454.0256964483564,316,2,0.8092199607506596,0,1,87.42492667361013,books,7.066325993097832,0,none,1,RET-003645
3609.8000387150223,257,9,0.6117732080974426,2,1,137.06127734038043,sports,5.441004274669776,1,empty_box,0,RET-009304
789.9610779159408,65,1,0.7398647941075763,0,1,223.03046562652509,home,5.956999227143388,0,none,1,RET-008383
1492.4843317377843,128,2,0.8382915057877494,2,0,196.36630995880725,sports,39.0071389347758,0,none,1,RET-004304
1845.2648360985736,377,2,0.7172137841617423,2,1,133.95716137746962,sports,15.30991797771297,0,none,0,RET-004674
1266.727166098934,299,0,0.8405499670243946,3,0,163.75070692189396,home,1.15862154219007,0,none,0,RET-008528
583.6030017645636,197,1,0.6973340587098389,0,0,87.60445962969617,books,62.69309366248696,0,none,1,RET-001566
2560.480984924502,79,2,0.8490505672428795,0,1,125.83678014666863,sports,68.81660913837722,0,none,1,RET-008829
1309.4742079261696,501,7,0.6409949747358366,1,0,355.3023929965722,fashion,0.5151174878318846,0,none,1,RET-008846
2566.2703682704387,21,4,0.7413120813841682,0,0,185.40309094988902,sports,41.82887165958006,0,none,1,RET-001784
2210.4837494033586,265,1,0.7211564254170386,0,0,139.69760277043724,beauty,16.971759682711134,0,none,1,RET-004564
3023.845525200685,513,3,0.7147692206977134,1,1,91.57723771412233,books,17.560813317289135,0,none,1,RET-001749
2401.4626448033155,296,0,0.7542039700343369,2,0,300.50545668284576,fashion,8.449495808921828,0,none,1,RET-002203
3710.0336990580354,158,4,0.901577983333347,0,1,269.5209123388744,electronics,35.920776451241345,0,none,0,RET-005753
980.753279126453,1,2,0.8517726683704473,2,0,74.17285091339042,beauty,18.144602493470277,0,none,0,RET-006146
462.3387846103826,605,2,0.7703024707491568,3,0,150.56919785972212,fashion,39.342366638352765,0,none,1,RET-005853
4072.970873031326,201,1,0.9766193008434949,1,1,156.32727344768296,home,23.900266872421597,0,none,1,RET-002941
501.76585401231955,350,2,0.5022570200325167,0,0,31.968220560751714,electronics,4.133047782366968,0,none,1,RET-008118
1917.8789032591098,161,3,0.7959700553895969,1,0,134.9004033055971,books,4.38695451783061,0,none,1,RET-003882
1543.3932104478895,147,4,0.773555697555347,1,0,78.1511801241924,electronics,50.74493023742168,0,none,0,RET-001016
2448.0254379269163,275,3,0.8493958016638846,1,0,218.07075299811993,electronics,0.991732048482973,0,none,1,RET-001755
459.4518240981279,778,1,0.6093513937164552,2,0,219.18596071305564,fashion,7.024433378830921,0,none,0,RET-002816
676.2058872762551,522,6,0.9252201817075076,1,1,211.4010485562714,beauty,1.0813355097646733,0,none,1,RET-006015
1684.6783074563982,339,0,0.699926977216935,0,0,88.63157571930012,home,10.753637459301352,0,none,1,RET-004035
2104.3584193082716,45,0,0.7984755326804605,2,1,77.44671355426884,books,5.820992439400996,0,none,1,RET-007743
1732.6735120862104,1726,0,0.8794906453629923,0,0,257.0285947042552,home,5.792937153336069,0,none,0,RET-000401
949.7187219224172,61,2,0.8939020997379419,1,0,334.2586661703772,beauty,3.584644021566676,0,none,0,RET-007502
2205.9791046096384,776,2,0.700489347458351,1,1,96.87331147721318,sports,3.2382184645912373,0,none,1,RET-008397
1272.3278351706765,315,3,0.7938207288379421,1,0,64.04463879552468,fashion,24.932022043473694,0,none,0,RET-003140
4467.145443096685,2274,2,0.8697356120637026,0,1,153.41166949582015,electronics,23.427140704379436,0,none,1,RET-008795
1607.7958613246665,1,1,0.8091572282750771,0,0,128.63959445295174,fashion,44.14218403850897,0,none,0,RET-009000
2156.7554921696787,71,1,0.8681220656644629,0,0,89.6225985456228,sports,21.790081967807005,0,none,0,RET-003710
1347.3237183595718,136,2,0.915876874415058,2,1,279.48626859248236,beauty,0.35756669633168087,0,none,1,RET-008486
1155.0786930299626,864,1,0.6468176033525259,1,1,705.9314944551148,beauty,27.34496784915947,0,none,0,RET-006996
451.7580058427599,298,3,0.9545975539685728,0,1,114.79031983313948,electronics,20.627553694030908,0,none,1,RET-005941
986.2563678220189,97,4,0.8424843883107345,2,0,112.47702998621617,fashion,11.770481670845646,0,none,1,RET-009173
673.9363043121061,1043,2,0.799499749269356,0,1,184.7803734510737,books,6.350882685643161,0,none,0,RET-006259
538.3213631238764,972,3,0.790890607440173,2,1,219.71444045517944,sports,86.26901099930419,0,none,0,RET-002729
1456.226165675173,190,2,0.7624110996762095,0,0,137.3401731885191,sports,6.335191719394418,0,none,1,RET-006135
1378.2139183967315,270,2,0.8562718296993833,1,1,131.32400987868004,fashion,5.874741548907855,0,none,1,RET-001670
1767.9681390590663,166,3,0.36514204100208375,0,1,92.9484120542297,sports,10.543425354116172,0,none,1,RET-002988
884.6137420185469,253,4,0.8837816135642953,2,1,177.32266536579013,electronics,20.264166585798343,0,none,1,RET-002799
3989.1282357698,804,0,0.7727762474905241,0,1,58.75780499083214,fashion,6.548469386901115,0,none,1,RET-007100
424.83719325800735,407,3,0.9510802743469896,2,1,150.28159212744515,home,4.456985719922512,0,none,0,RET-004990
1161.4224425688028,358,4,0.7342339531180647,1,0,109.6342956901078,fashion,56.856650729766656,0,none,0,RET-008415
1904.1615214959315,1535,3,0.7973831107042225,0,0,232.70523512712472,electronics,9.96240307990727,0,none,0,RET-003663
6429.5264976850785,181,5,0.9436118891102958,0,0,325.5184301447329,electronics,17.98291755493506,1,empty_box,1,RET-009354
1761.319506231894,990,1,0.6331453751880265,0,0,191.06019542019814,home,10.50689877541119,0,none,1,RET-001977
1444.7018803397461,22,2,0.8059399623261327,0,1,187.6575735336677,electronics,0.13939083539862648,0,none,0,RET-006546
1658.3747267560507,183,1,0.7079764357414713,0,1,42.421836866991924,books,17.991178885761684,1,empty_box,1,RET-009630
553.5732494813127,115,2,0.9063014806690999,1,1,157.20157042198818,fashion,27.941774402319894,0,none,1,RET-003032
1516.4997279795625,2256,2,0.8016461233246004,2,0,173.9827582169571,electronics,21.255622731632315,1,substitution,1,RET-009559
1314.5226624227546,277,3,0.6642705305004286,3,1,55.28240943702614,electronics,47.46308048088062,1,substitution,1,RET-009785
4017.27860342673,291,1,0.8681949017938186,0,0,202.87945583554102,electronics,6.31451358487713,0,none,0,RET-000577
4298.6364346874625,1628,1,0.9796491045716041,4,0,66.142785085052,sports,20.784529423100324,1,empty_box,0,RET-009600
511.0352387868999,332,2,0.8258878424600479,2,1,70.6453342633767,sports,6.279630140806683,0,none,0,RET-007101
1019.824128235863,3,1,0.6494203907556579,4,0,153.98824116227533,sports,2.9326234996198677,0,none,0,RET-001696
825.0384735381534,504,0,0.7336915211336645,0,0,85.31508721902054,books,70.69302123565684,0,none,1,RET-005053
4096.102084644485,434,2,0.9561294131222843,0,1,63.770589277596436,sports,12.300768011961944,0,none,1,RET-004512
2767.5080996347306,128,1,0.7429972008124729,2,1,159.31475682626453,beauty,0.18749867235612028,0,none,1,RET-003343
558.3296461512808,922,1,0.817439024489124,3,1,235.9383035221051,books,50.003426607277966,0,none,0,RET-000207
1210.0513762915637,375,4,0.7913936785360286,0,0,142.87718562174848,fashion,7.274945323983341,0,none,0,RET-000290
4134.3115550300545,883,3,0.7141456075194595,1,0,112.880892621511,books,8.423700333316521,0,none,1,RET-004828
784.9005164351491,612,3,0.5303525953785154,0,1,65.05490934716175,electronics,0.1604424452055263,0,none,1,RET-007381
3603.322727096869,18,0,0.8310163947301189,0,1,175.76401844684577,beauty,12.021807813992591,0,none,0,RET-008300
842.9406288912552,411,4,0.8540298922902246,1,1,156.40623125001488,home,12.010251417931467,0,none,0,RET-005487
1345.4114360696287,704,1,0.9198710941527528,0,0,61.19475151397739,fashion,3.487717224742719,0,none,1,RET-009058
10490.676642388971,1380,4,0.9113879785999512,1,1,49.849808756545485,beauty,11.819280995903025,0,none,1,RET-005871
1370.9964880302086,335,1,0.7201499724215542,2,1,66.54254257012266,books,2.786228857425568,0,none,1,RET-003037
792.8652130733515,178,5,0.7554604793769032,1,1,63.075759801186685,beauty,12.931781061981168,0,none,0,RET-001910
1102.6710833069928,428,3,0.9133753167963479,0,0,121.59037394480549,books,15.610638348743821,0,none,1,RET-008660
1786.8702222493532,300,0,0.6224246417150193,1,1,299.3120097402561,home,51.037563589480484,0,none,1,RET-000611
2586.3183308614252,132,3,0.703484359024764,0,1,109.17024417682558,books,11.824318834483606,0,none,1,RET-002286
2564.613167181675,113,3,0.7683382391715483,2,1,172.58767718173198,sports,16.813808256915383,0,none,1,RET-004012
1225.3726660539369,189,0,0.8891671262445524,1,0,33.51623293493867,home,20.217664218532484,0,none,1,RET-004649
495.3312252323686,153,1,0.8933693796883986,5,1,528.910074601975,fashion,43.89356357826649,1,empty_box,0,RET-009276
3399.2668846318365,592,7,0.6878669197988597,2,1,168.75015727433896,home,23.67119816720691,0,none,1,RET-007081
2382.634212418798,221,3,0.8297774993255258,0,0,158.7734998155451,sports,15.840239618667365,0,none,1,RET-004033
1305.9547766635196,718,4,0.906756114074911,2,1,174.4002379885986,sports,1.1410395372550577,0,none,1,RET-000168
501.9814963487562,80,4,0.9137137583632029,1,1,107.99070408673639,electronics,16.300732609785467,0,none,1,RET-004872
1181.9300377287113,240,1,0.47866489311535715,1,0,65.28092351719057,electronics,5.24345795664683,0,none,1,RET-003335
2373.821679460606,161,4,0.9152581102099795,2,0,68.91649458307582,beauty,12.114482694077823,0,none,0,RET-003763
310.36455051170867,97,1,0.7498992254093925,2,1,75.13981610376213,fashion,61.5752272021553,0,none,1,RET-001810
1799.028335140186,144,5,0.8192984012751073,2,1,124.65825736831366,electronics,5.014133891706007,0,none,1,RET-001080
1531.6560575047586,1055,2,0.858242013357486,2,1,104.80024960592287,electronics,18.733643968888877,0,none,1,RET-002378
2125.191741596366,80,1,0.879798228823264,0,0,117.25877617993636,beauty,11.980848814354722,0,none,0,RET-009054
1370.6386944126511,317,1,0.8463462522001264,1,1,106.65252621235099,home,27.763250451047792,0,none,1,RET-008381
5330.802679318162,158,1,0.7525550272000275,0,0,74.43375106316404,fashion,0.14739625943908782,0,none,0,RET-004505
1614.7924641851162,250,2,0.8307650365234005,0,1,346.40662855508975,home,2.353808182614505,0,none,1,RET-002805
2118.9145943883423,7,2,0.7929266829426463,1,1,75.41901189980629,fashion,7.407597782134145,0,none,1,RET-000931
2224.746793678141,476,5,0.77263671695639,1,0,61.61458088449765,electronics,21.69501872473701,0,none,0,RET-005094
7599.65855872251,107,1,0.8568029011322741,2,0,162.34113159311318,books,28.763384495582255,0,none,1,RET-005233
1016.5103278272713,277,0,0.8877764783014137,3,0,38.368538019705575,beauty,15.088063588054329,0,none,0,RET-001908
1519.1345559197664,1179,1,0.787706686818037,1,1,27.977488903217257,books,23.86239149894806,0,none,1,RET-001906
1900.8034252784012,60,4,0.9518246432343136,0,1,116.34965433592129,fashion,61.1039336597037,0,none,1,RET-004381
1638.9345158727738,73,1,0.7980403110714214,3,1,27.968105050105617,beauty,33.04547786005941,0,none,1,RET-008041
813.2134408027191,9,3,0.909180528110736,2,0,105.09818139245395,beauty,13.767491405424513,0,none,0,RET-007508
1224.7838205078292,512,4,0.6369731330390507,1,1,57.805375430724375,fashion,34.78079015290049,1,empty_box,1,RET-009381
6690.510932996764,108,3,0.9529950136965675,1,0,98.52723801548537,books,12.46069884555244,0,none,1,RET-008964
765.7737528047588,624,2,0.7743634654329172,0,0,40.180211130919055,home,52.013767414853056,0,none,1,RET-008591
1971.760585433611,126,1,0.6853266726704873,0,1,44.26461998181491,home,2.6200605635435092,0,none,0,RET-004553
2696.0610590254078,1294,5,0.9594025304571824,0,0,102.00868140482031,beauty,18.940475862103558,0,none,1,RET-000413
11585.899949955015,324,2,0.9515802207797047,0,0,235.00774176566478,home,11.99636239053337,0,none,1,RET-006281
2433.294279249407,54,0,0.9676717038669274,0,1,265.9754745104366,beauty,19.05729803060151,0,none,0,RET-006957
972.7208973328676,120,5,0.8086943983584558,1,0,143.40300737825746,electronics,17.643839973944974,0,none,1,RET-007613
1411.210402810794,248,2,0.8671311114724374,0,1,192.15319003788508,sports,3.5273521250830524,0,none,1,RET-006045
361.0705634050428,13,2,0.5756971182229298,0,1,341.2602910565895,fashion,26.51154263725104,1,substitution,1,RET-009627
1281.8350072348871,455,1,0.7601137250654082,0,0,332.25487081989945,beauty,6.323409948053183,0,none,1,RET-002658
914.9151701442461,474,5,0.874163708728456,0,1,119.99543188654044,sports,10.498869409293711,0,none,1,RET-002510
586.9395726108007,945,3,0.7155675796373828,0,1,119.41676320793633,home,0.36768227604355375,0,none,1,RET-000581
2426.9160280209817,851,1,0.8043910832169084,2,0,100.92115121706375,electronics,30.234228920026396,0,none,0,RET-008776
1533.5674020120387,36,1,0.7303035678782469,3,0,107.51669276516039,books,4.374935240451122,0,none,0,RET-005649
516.2994140968905,1066,3,0.7126512743797435,0,0,335.717741414829,sports,0.460552210635667,0,none,0,RET-006237
899.9992957991806,770,7,0.7246124171849092,2,1,104.47053179453083,beauty,29.06587224600034,0,none,1,RET-003985
849.4499226776461,273,2,0.8455691271516996,3,1,175.61023588316834,beauty,15.068946563120475,0,none,1,RET-002145
200.0,430,1,0.7214591711186827,1,0,230.960755845758,fashion,27.14497262178983,0,none,1,RET-004720
879.6719938036578,234,1,0.8252091379428201,0,1,28.255740097224326,home,7.516242552164262,0,none,0,RET-001204
1231.5153022426284,703,3,0.47275207230128835,2,0,146.7691635564833,beauty,0.08110276728319059,0,none,0,RET-006927
1079.1885642986197,27,2,0.8451086385090759,1,0,127.8553036618505,fashion,14.444731526607441,0,none,1,RET-007954
6130.646194305436,534,1,0.6139833621192662,0,0,144.72519544297174,fashion,2.0458984850976716,0,none,0,RET-008223
1201.0962169171657,147,1,0.8498400675003751,1,0,89.06279834022057,fashion,0.3009303314503625,1,empty_box,1,RET-009716
1987.604234451872,27,4,0.9234176820950772,2,0,111.4543727863902,beauty,7.514675115676723,0,none,1,RET-000350
2103.1218442663653,305,2,0.9115648394402464,1,1,211.14190637731213,home,2.0397861948053255,0,none,1,RET-006691
368.6428628040413,758,2,0.8663490238614439,3,1,85.90708325202716,books,19.876044061830704,0,none,1,RET-001698
900.4391444696809,696,5,0.8819237302095858,3,1,227.27872695309622,home,14.201783521942067,0,none,1,RET-007662
2702.4309159479585,32,2,0.908369275212414,0,1,172.24945864035797,home,5.9253148871643,0,none,0,RET-002882
615.4464681572831,575,1,0.6567695569511129,1,0,247.32163607443675,books,9.24271140042944,0,none,0,RET-008989
1613.1740263318168,688,2,0.8959573422404673,0,1,25.696307184941546,books,15.12232071548411,0,none,1,RET-003260
7174.703271071253,213,0,0.6909109501109426,1,1,144.76674190189814,electronics,32.94475116071048,0,none,0,RET-007333
1499.9756310028708,143,1,0.8664010992203685,0,0,97.19972621863253,beauty,12.383424345348185,0,none,1,RET-005482
8534.761646564057,573,0,0.9183156356362129,0,1,6.411470134199475,sports,143.11384970800853,1,wardrobing,0,RET-009902
7049.80182970369,798,2,0.890092248067207,0,1,149.62014309249165,home,9.288573422885595,0,none,1,RET-002959
1410.569210795899,59,1,0.8619499713174925,0,0,228.61955113702993,beauty,9.005446970445826,0,none,1,RET-005182
2168.2932803043122,1143,1,0.7622079695337075,0,0,136.29738532671428,electronics,6.080845464612649,0,none,1,RET-006261
2437.26759577087,60,4,0.8869006495723905,3,1,50.86328279250183,fashion,25.986650292954774,0,none,1,RET-003654
788.9850557483832,516,0,0.7789847880436342,2,0,64.5445747170958,home,20.667805504882267,0,none,1,RET-000539
758.7677751013945,725,0,0.7386115450977356,0,1,8.525353828842741,sports,11.633442842257105,0,none,0,RET-004645
3106.761461240206,22,2,0.8072578535534229,3,0,113.62855636063391,electronics,6.879538472062626,0,none,1,RET-008514
1919.6176926983164,247,1,0.9548863248678832,2,1,382.9602498276298,fashion,7.208502178919835,0,none,1,RET-004728
4708.1574850784045,108,8,0.7331295280434578,1,1,86.96167772334577,fashion,5.898117342768688,0,none,1,RET-008870
2154.3163417469664,388,0,0.7997078748970712,0,0,136.89900538473694,electronics,8.389069542690109,0,none,1,RET-009165
1095.2349895780696,197,4,0.940095237158594,1,1,256.60010645652727,home,8.08711212191902,0,none,1,RET-003594
4014.762750680715,183,0,0.9659923909074327,0,1,135.4643672740673,beauty,3.2711816672874963,0,none,0,RET-008100
1525.6537982722375,343,0,0.604075144769671,3,1,109.49859977498,fashion,9.208698463800651,0,none,1,RET-006589
348.42045551930016,106,1,0.7781980790668602,1,0,118.70278989024116,home,17.15868650637072,0,none,1,RET-005043
10700.124828624546,129,2,0.4844013408773554,1,1,55.8551653484423,electronics,34.60199357547411,1,wardrobing,0,RET-009794
1066.9930681610938,357,2,0.8387271873775448,2,1,25.9198284963793,sports,18.057427919794257,0,none,1,RET-005960
755.5916118599489,293,0,0.9402839922849046,0,0,17.249119282405122,sports,18.69660141578615,0,none,1,RET-006359
958.5898853179566,21,6,0.7025600749024782,0,0,266.44524461331594,electronics,23.138855822440302,0,none,0,RET-001143
620.6365918491244,209,1,0.68896289676683,1,1,61.796362672228724,books,12.596199500740479,0,none,1,RET-001387
2319.5163085952877,765,1,0.8691254948178414,1,1,273.51831980652656,sports,48.92923942805421,0,none,0,RET-009040
2541.4379110102464,374,5,0.861117986999837,2,1,91.55132421391073,sports,9.4762154713503,0,none,1,RET-002795
1767.1090817987142,131,5,0.8667360282925661,1,1,24.649309197857523,fashion,6.949056512909612,0,none,1,RET-003918
1224.6104283672198,81,1,0.6261140595816403,0,0,720.0,sports,3.6586503624424607,1,substitution,1,RET-009307
769.6634037869235,895,3,0.584168017244628,0,0,46.09630483781973,books,3.1962690086820364,0,none,1,RET-002890
1108.3011407328315,90,0,0.6962671788040404,0,0,70.75461596836712,sports,0.07826924892762906,0,none,1,RET-000530
3763.221476499689,467,3,0.8887436392656128,2,1,115.60810865207802,fashion,8.537475225225528,0,none,1,RET-004009
622.0627289857701,36,2,0.7456706766887881,0,1,287.8951183104372,books,8.45794513822713,0,none,0,RET-000801
4154.40468981851,310,0,0.7923623702968938,0,1,66.68580972173024,fashion,17.7416177195375,0,none,0,RET-007206
4684.219153387402,348,3,0.9738193783009158,0,1,58.73188323816599,beauty,20.242944657886106,0,none,1,RET-006032
627.0573914303653,47,4,0.8412066587314622,2,0,88.55460456691185,sports,20.02839523739109,0,none,1,RET-003390
3292.7193943616953,911,1,0.898379200640155,0,1,66.24855376901732,home,21.24291104331941,0,none,0,RET-001260
2317.5441375456826,308,0,0.6808382856797756,1,0,77.81974768659593,electronics,49.77386476673353,0,none,0,RET-002796
1434.1589058445566,91,3,0.9087742746579874,0,1,234.6775993266668,electronics,8.708392165564064,0,none,1,RET-006545
1925.3585193886497,419,1,0.6935084120725371,0,0,328.7945619299691,fashion,9.947126831326994,0,none,0,RET-008064
2401.8503550250607,316,2,0.6959028511609044,1,0,166.9699574096825,beauty,18.8040880944779,0,none,0,RET-002164
943.0648124326262,84,3,0.7278719470273357,0,1,327.22536931698875,home,5.986906626459301,0,none,1,RET-007708
224.53015812890905,171,1,0.8240803319545276,0,1,337.7308505189716,home,0.5846579949953131,0,none,1,RET-004815
1039.9148877736204,474,0,0.7935098532434315,0,1,163.08101571539666,sports,22.890227687970892,0,none,1,RET-003298
7615.380651065897,189,1,0.6512750925766343,2,1,51.344155596582674,electronics,2.059877748215633,0,none,0,RET-008864
4811.337856899557,494,1,0.833212095248206,1,0,88.32845279085278,fashion,4.518211711921962,0,none,0,RET-002572
205.4444950437297,25,1,0.7476118009221864,1,1,187.0300957329621,electronics,0.14352194761441006,0,none,1,RET-007744
5135.279056109449,319,3,0.9816068815084883,2,1,128.75770766759115,sports,29.651898865435925,0,none,1,RET-009010
268.33737909742933,120,2,0.7139954731317245,2,0,277.4455240347526,electronics,2.4671271852244856,0,none,0,RET-001528
4030.4562057732023,201,1,0.6629916843928685,1,1,34.089533023653765,sports,8.233245193790927,0,none,1,RET-005032
1015.6284591901193,11,1,0.6559021026487204,0,0,111.52148034226093,home,24.188074436876487,0,none,1,RET-004337
1926.488482435174,1277,1,0.7380194925709676,0,0,123.31157255676308,sports,6.641234946798959,0,none,1,RET-007623
2612.910207512825,274,5,0.8811235697213459,1,0,121.7870024366984,beauty,16.470699227357514,0,none,1,RET-005084
8130.662516959674,427,2,0.9047560714988763,1,0,166.69614850449125,electronics,24.513939722991207,0,none,0,RET-000244
1471.9786094676886,334,3,0.6967098399217247,0,1,65.54376557860692,fashion,0.8814152382128541,0,none,0,RET-007874
2577.2103347605853,610,1,0.7716164084448752,2,1,220.0515950530179,home,6.29207292746978,1,empty_box,1,RET-009421
3164.4796777656425,51,4,0.6339061738436633,0,0,193.5946094562204,electronics,0.5183513602013731,0,none,1,RET-006699
832.6808897441932,15,1,0.8312831167179485,1,0,224.66061426193943,electronics,7.453271049555131,0,none,1,RET-007002
881.183156108538,53,4,0.8972359157607124,0,1,22.695470339338726,home,2.5239317843321416,0,none,1,RET-006263
912.5957493680025,58,1,0.9628423819187018,1,1,360.21194555234024,books,2.0454734084922763,0,none,1,RET-004807
2912.5589668723464,306,1,0.9587441881950244,1,1,685.0969509651068,fashion,0.34166761400994144,0,none,1,RET-007901
978.6464258982909,93,1,0.4765599720138045,2,1,148.0484945423842,beauty,18.2321761926724,1,empty_box,1,RET-009360
3936.4440560983508,383,1,0.6892954455578121,0,0,66.63813895605242,home,36.054403463662815,0,none,0,RET-000022
2100.558935142973,144,3,0.8936418133640559,0,1,115.16884335197572,sports,4.33935183238253,0,none,1,RET-005396
283.46372362427263,109,4,0.7717411480540469,0,1,93.04811427902979,books,1.7418330327499272,0,none,0,RET-007723
1499.5247929855564,174,2,0.9692621179024943,3,1,139.4069954325419,books,38.78093231368904,0,none,0,RET-002469
348.4465206113184,320,0,0.691606795202924,0,1,132.92059891433072,books,18.915223826565217,0,none,1,RET-002098
881.6700433798128,61,1,0.6468758239342695,0,1,107.12331582793378,beauty,22.731192697838544,0,none,1,RET-006508
2141.4600342300027,218,1,0.799484122724147,0,0,191.03593603432336,sports,6.033061598008755,0,none,0,RET-006562
2348.4439725317034,228,0,0.8564183924730534,2,1,169.26815456438794,home,31.65878509040023,0,none,1,RET-007222
864.8610688778484,351,0,0.857557361600278,1,0,118.06121223782027,beauty,19.32491436248081,0,none,0,RET-008396
770.0019747126594,366,1,0.7098764996877494,0,1,61.09372842001517,beauty,16.625628193012908,0,none,0,RET-004469
311.7357480161165,462,1,0.7654688684139955,0,1,145.60443500830866,fashion,1.8437633849456334,0,none,1,RET-004831
977.8694027590034,933,4,0.9785454149861984,1,1,139.95585141564055,home,10.33306726268457,0,none,1,RET-000329
488.9360031969724,226,3,0.512610245545348,1,1,140.76321981834815,fashion,9.619804110464859,1,wardrobing,1,RET-009374
816.8893686128588,750,2,0.8794935744838858,0,1,133.0916257582117,books,1.5832283735576533,0,none,1,RET-004693
2070.117166088044,288,4,0.7390514332272076,1,1,62.15132365724988,beauty,9.406498994522558,0,none,1,RET-005050
5931.658722599837,90,0,0.751394875198215,0,1,137.09221315408175,electronics,1.0582098938279656,0,none,1,RET-006758
394.88424900258747,45,0,0.8570013156152947,1,0,175.77811885054442,beauty,6.852558288281509,0,none,1,RET-000593
1901.863020599791,46,4,0.6884101069894769,0,1,111.99181557033194,sports,4.336744150915071,0,none,0,RET-004634
1604.0186761916732,403,0,0.8162046239179088,2,0,188.20903119199733,home,18.44551287205374,0,none,0,RET-008534
457.32257354405596,994,3,0.8091104276347691,1,1,150.7367895031771,books,22.608440492111647,0,none,1,RET-003344
4949.17264247306,28,3,0.8547315153554018,0,0,112.12033655070881,electronics,3.1469155872734422,0,none,0,RET-004016
299.8726300560293,71,2,0.8135443820651093,1,0,144.95148421532514,beauty,13.082337394233669,0,none,1,RET-008907
1443.648276389294,191,2,0.807013151777417,0,0,179.89271579610968,home,12.504660518561892,0,none,1,RET-008341
2713.349298937066,46,0,0.7932913113464478,0,1,303.4254253289103,home,3.5318464488945045,0,none,1,RET-006039
4979.550562142399,431,2,0.707534982486282,0,1,162.38007448161883,beauty,44.981961927245756,0,none,1,RET-001539
1239.8219554824407,115,3,0.8750372064412855,1,1,47.04842347406114,home,34.51350867590323,0,none,1,RET-002681
4621.5069918932695,39,1,0.9386132183667495,0,0,160.24027931789215,fashion,3.062228531683623,0,none,0,RET-003646
781.2970350369079,1345,5,0.7132778943837129,2,0,94.58414497567445,beauty,9.192099311292216,0,none,0,RET-002134
1122.9431285624946,178,3,0.9208333716075711,0,1,72.76133214903784,sports,10.035331159621563,0,none,0,RET-008608
7642.2718823164205,690,2,0.7061472240435526,0,1,51.36989300355812,fashion,10.230504318459154,0,none,1,RET-006078
1640.7311981614641,249,3,0.7644992389527303,1,0,117.32184533316973,books,20.69971602887737,0,none,0,RET-001659
718.8539857911685,642,1,0.8617821431044537,1,1,111.5049920505133,sports,4.508949433441893,0,none,1,RET-000165
630.1292674486117,188,0,0.9408511477486666,0,1,38.68213719259216,home,8.02932364878139,0,none,0,RET-001599
1896.054205505513,336,1,0.63643968838573,1,1,96.77434956042738,sports,3.765524813014285,0,none,1,RET-002588
1592.7480593021526,137,0,0.7538956628712135,1,0,276.82128602184247,home,1.0286556343847764,0,none,1,RET-000482
302.6828087836939,83,2,0.8281689643892854,0,1,186.4911333905905,books,0.023949526754018336,0,none,1,RET-002279
1549.872668448103,358,1,0.6581812556942656,0,0,416.9297402525907,electronics,19.63595946270321,0,none,1,RET-001831
1617.7554067230674,697,2,0.6612586521281181,0,0,170.18723301413078,fashion,1.189342968203513,0,none,1,RET-009156
1480.619830195839,530,1,0.9520198278625781,1,0,97.06826247001216,sports,57.218441483070315,0,none,1,RET-004305
737.8208618884215,50,3,0.647452668672124,0,1,162.57037706403509,fashion,13.81735215024618,0,none,1,RET-004864
1124.5873247963057,657,2,0.7480385913416577,0,1,172.7085401687287,electronics,2.916685927232845,0,none,1,RET-004209
2877.9268959498495,1298,2,0.7907055607283525,1,1,166.55525702715624,home,8.443307505000705,0,none,1,RET-000865
2960.4394169958496,911,1,0.877849103460577,0,0,141.65379474962026,sports,21.213949095211827,0,none,1,RET-003848
1566.0867984425488,144,2,0.8838263031482195,0,1,152.95459849814912,fashion,20.11931207709348,0,none,1,RET-001759
1535.8611475050834,1024,0,0.7606122999731232,2,0,67.26231159169164,beauty,40.420468904746876,0,none,1,RET-002561
4363.140881989486,380,3,0.8837154667613919,0,0,38.696038137246504,sports,3.505193691154039,0,none,1,RET-007431
1048.4546573540179,410,2,0.7592841021452377,1,1,211.4228753587192,electronics,2.7517991343776105,0,none,1,RET-008858
882.9140828771389,192,5,0.8110840358983139,3,1,425.8681356618155,fashion,6.807781322025499,0,none,1,RET-006787
774.6699105269473,1344,2,0.8852709206789612,0,1,61.77119908847506,beauty,5.2320276829455326,0,none,1,RET-002157
3426.9114379854036,41,3,0.9272336401979392,1,1,121.52273368437179,electronics,11.21738259663994,0,none,1,RET-007462
1039.475966038033,350,1,0.6856166122310251,1,1,78.06972974391783,fashion,13.222113753427356,0,none,1,RET-002396
1885.2327645682922,577,4,0.8919798057291057,0,0,91.05312866535009,books,63.25763308362713,0,none,1,RET-002708
8268.226965804759,864,1,0.9913443864748497,0,0,142.96374510980493,home,2.4937266045361617,0,none,1,RET-007785
796.0597937437518,523,5,0.8060007188208328,1,0,187.67823797480844,fashion,4.09599759166528,0,none,1,RET-004910
1686.1025953184517,218,1,0.7422018890864357,1,1,25.922250332640584,electronics,4.045858002478907,0,none,0,RET-007555
4283.498223686625,217,2,0.8740965491308899,1,1,177.9314434334494,fashion,19.953874867031452,0,none,1,RET-002562
769.085324180501,220,1,0.8999371426630208,0,1,134.6325929557913,electronics,26.575288326567527,0,none,1,RET-003269
2526.6783513093924,400,2,0.9240499028085434,1,0,201.24807475882557,books,25.72429907432144,0,none,1,RET-000516
367.87541981140004,106,3,0.9296840141796966,1,0,84.7018499206402,books,14.048313266503062,0,none,0,RET-006561
872.2487239359946,957,0,0.7296998833353214,2,1,61.18525574944926,books,41.3471530869228,0,none,0,RET-005274
3250.590579408341,95,3,0.7184622421311251,0,0,100.84195325508603,books,1.4185324933815702,0,none,1,RET-003957
6331.051384934069,1224,2,0.894084512644085,1,0,113.90432996398614,home,11.168909099989564,0,none,0,RET-002480
6431.613197102075,326,3,0.8847167621702248,0,0,55.162534288038934,books,1.5443947757545788,0,none,1,RET-001315
679.062537238792,605,2,0.8745585087633472,2,1,90.96323136873417,sports,22.33269057077986,1,empty_box,0,RET-009775
2336.5473537886755,418,1,0.9327034110212192,1,0,59.22905199943872,sports,17.877750347349075,0,none,0,RET-001237
2118.6062361908384,226,1,0.8697841630721505,1,1,302.25575437681744,fashion,0.12962906429622903,0,none,0,RET-003593
800.563193904111,180,2,0.9003915419355809,0,0,103.72369104947587,sports,14.285414640076937,0,none,1,RET-002221
776.4411699027916,652,5,0.7313001923406237,1,1,218.71675014955017,fashion,0.778240968042087,0,none,1,RET-000614
850.1819990431492,207,1,0.8727377665381897,0,1,91.52077785029775,fashion,13.267612917267403,0,none,1,RET-004038
1800.5024197835924,461,2,0.8098853851927572,0,1,109.62175573638615,home,15.992343719641314,0,none,1,RET-004407
1871.8016539704747,1071,2,0.8708189068020963,1,1,120.78016428227865,fashion,5.170275700702252,0,none,1,RET-008368
1687.2350602986978,212,3,0.800217026957913,0,1,157.80743227865665,sports,77.72608107795828,0,none,1,RET-008196
577.4998741400158,502,4,0.8321827257925132,0,0,220.60956908382997,home,3.5218953405473874,0,none,1,RET-000586
762.1514538224236,28,3,0.7219995416724687,1,0,53.60380786199234,books,15.208745778604689,0,none,0,RET-004951
2058.0291777757634,211,2,0.946235969848798,0,1,92.4783288358221,fashion,9.188507299380497,0,none,1,RET-009020
1530.7048286441166,331,5,0.89782771147,0,1,102.64027205690189,books,14.130780466703719,0,none,1,RET-007024
966.09911615738,485,3,0.7230608603121027,1,1,133.41004585605342,electronics,0.9471432593712458,0,none,1,RET-008709
917.0418064509079,20,2,0.9550685000463452,2,0,121.11337591890057,sports,0.425740221356833,0,none,1,RET-007740
1233.9509658174438,977,1,0.8932554982718798,1,1,72.3216558716951,electronics,20.948871791737766,0,none,1,RET-003142
1390.3371873017359,283,1,0.8410628742739639,1,0,83.84477970305059,fashion,20.999627974793842,0,none,0,RET-004743
291.4021713193789,207,0,0.9005569487124149,0,0,163.18653058708614,books,7.790913654069116,0,none,0,RET-002476
608.115357386396,44,0,0.7709344839601577,1,1,253.05637461605852,electronics,22.603105730870965,0,none,1,RET-002701
2454.130330432595,37,1,0.5303511268212131,0,1,131.3304291127844,sports,7.0532934753843675,0,none,1,RET-008403
1647.7200031063883,13,3,0.8005572745679069,1,0,116.04474557911573,electronics,7.848846778892869,0,none,0,RET-007552
2114.4895466194107,155,0,0.5689186037867516,1,0,33.90547739976664,electronics,9.077518417986942,1,substitution,1,RET-009446
518.9266793138977,472,1,0.6719784948016638,1,1,124.82048627687917,sports,1.1686094361824957,0,none,1,RET-001844
989.618956804789,171,2,0.7117625783973406,2,1,188.67093422942807,fashion,4.690452228535455,0,none,1,RET-008611
866.761541802888,194,2,0.7273254479692138,1,1,203.40124209502068,electronics,5.95672104840996,0,none,0,RET-005180
2768.4615854162735,196,2,0.9028570430834856,0,1,64.18609126860662,home,27.39967569292252,0,none,0,RET-001223
1925.4781429475565,442,0,0.8218195492292412,0,1,68.20238525232412,books,6.0040839808299555,0,none,1,RET-000441
3576.807056826934,540,2,0.8194072638769772,2,1,68.80301498431778,home,15.100944162016981,0,none,0,RET-008845
2322.237259888789,32,3,0.9683961294273291,1,1,381.85350543142965,books,43.93408654419829,0,none,1,RET-003869
1492.5321437264422,362,0,0.876691280764902,0,0,246.8306253892211,sports,2.2591690485943974,0,none,0,RET-006230
3709.324782134048,50,3,0.6813437942534672,0,0,108.45734089164836,fashion,51.10929248110355,0,none,0,RET-002530
1068.2909235102925,756,1,0.8830453403148852,1,1,291.34873765789786,beauty,5.537193060114988,0,none,1,RET-003953
1780.0410676685444,153,1,0.7325259347518626,0,1,111.25146789353502,fashion,31.437439823325455,0,none,0,RET-007504
1801.3592669274396,28,5,0.9019503208749509,0,1,403.0501032295331,fashion,10.606941645511167,0,none,1,RET-001951
739.1088882457523,889,0,0.9519964618577005,1,0,146.52065297086313,electronics,60.89328915334852,0,none,1,RET-001432
3159.8501208559696,547,3,0.6527827469506016,3,1,46.53727393449244,home,2.1685359777946025,0,none,1,RET-008543
1623.6624019382598,9,4,0.9782030315252476,0,1,124.42197556523217,fashion,21.779262723331225,0,none,1,RET-006932
3254.2372346437737,47,2,0.7491946655631468,2,0,263.89990687730386,home,97.15865660467233,0,none,1,RET-008496
2773.182822400406,724,4,0.6381740537163908,1,1,137.86400986580372,beauty,34.60292779552796,0,none,1,RET-002095
8844.127840774241,96,1,0.7953234005719988,2,1,235.8946384615444,books,4.346928495727688,0,none,1,RET-002318
1149.0625970439883,522,2,0.7545363952425053,3,0,211.69631358973206,beauty,15.433789434200522,0,none,0,RET-005377
4081.006175526166,59,1,0.5003581598103207,1,0,112.06007719420181,home,1.697042347343144,0,none,1,RET-003074
428.0262263065112,226,0,0.8731576051757841,2,0,210.58897482877688,fashion,14.187748976861682,0,none,1,RET-001896
1411.5981983206557,551,0,0.9282396503445085,2,1,93.10327222427925,home,9.760659688135346,0,none,1,RET-008603
1431.4820916490808,61,2,0.8135807309800921,0,1,331.6454327167433,electronics,32.21985849220614,0,none,0,RET-004621
743.4686928265312,89,0,0.5480801064326786,3,1,270.7877335828377,home,56.86036890377776,0,none,1,RET-001165
2851.2845661791193,55,1,0.8911366643403431,0,0,210.9071519447979,fashion,40.4300812415943,0,none,1,RET-006650
398.3823855557474,117,2,0.8626022964487862,1,1,90.36749760678703,home,38.071023679972136,0,none,0,RET-006010
740.5857708519387,526,3,0.9032925418605404,1,0,161.5836213458091,home,1.9194552276837569,0,none,1,RET-004292
1845.6887237822514,645,4,0.4452077754555535,4,0,95.23776034601391,sports,62.39678990178913,1,substitution,1,RET-009522
1271.6377647226454,1060,2,0.8899808270741123,0,1,131.47411369744225,fashion,4.893670718991798,0,none,1,RET-000636
1742.9498867548227,395,2,0.9461442778950909,0,0,91.75011104874585,home,1.1443935368488671,0,none,0,RET-008826
2372.352858185123,1143,1,0.9256790802894416,0,0,164.76547329264446,books,23.07442726127754,0,none,1,RET-000935
1160.785556503762,1126,1,0.759910738848687,2,0,136.74414959216568,home,7.038203877659188,0,none,0,RET-005673
2731.3640644886127,496,2,0.6911086159771295,0,1,91.18453933917469,electronics,8.538225906807318,0,none,0,RET-005740
2348.058715657879,99,3,0.8044989242179836,2,1,285.09844160647015,books,5.382082963614796,0,none,1,RET-007846
3563.5716798401854,54,1,0.7426357292993672,0,0,72.36015306177485,home,11.664713124568424,0,none,1,RET-007038
2104.723057546274,115,1,0.7019603411110901,0,0,149.1042052316968,home,8.139310929831758,0,none,1,RET-003987
685.6224466667747,1262,3,0.8536301914105529,2,1,109.30701211060705,beauty,19.491748004770937,0,none,1,RET-000469
4701.233685345911,445,2,0.9319690601976933,1,1,222.8046554723143,fashion,10.019512623282386,0,none,0,RET-007432
469.9480863522728,240,4,0.8071730198654575,2,0,70.42249054509978,books,8.30675168971064,0,none,1,RET-003928
3883.680308464889,111,2,0.6802078387997478,0,1,197.49029170156294,sports,8.106806874126377,0,none,1,RET-004764
2005.1443517359928,441,2,0.8768759425616177,0,1,260.30839780698216,electronics,11.146096993160807,0,none,1,RET-006336
801.7770146746147,34,1,0.70502059694538,1,1,107.22785906462171,home,5.711329550802856,0,none,0,RET-002995
587.7598636811787,1331,0,0.9027972077861701,1,0,99.77036378832925,electronics,9.515311807791292,0,none,1,RET-006283
2235.6160871284533,36,3,0.8078918982956194,1,0,118.43882488174164,fashion,12.75315444001209,0,none,1,RET-009106
687.8637079773337,435,2,0.8794636379395488,0,0,77.37738895216344,books,5.722510567504717,0,none,1,RET-002435
986.5822380998486,2082,3,0.8522997529551134,0,1,127.63867809679303,books,23.879854902475028,0,none,1,RET-008308
4141.436104206292,488,2,0.8501864480127975,1,0,65.2008059325408,books,67.1342990893685,0,none,0,RET-006128
1606.5563706500475,999,1,0.9891370640069449,0,1,295.9416941386035,sports,11.474584396024174,0,none,1,RET-004915
881.8592450993162,21,1,0.9806450951214543,0,1,270.3585176016789,sports,13.280179117163744,0,none,0,RET-003256
532.5357015733416,97,5,0.844576208979959,0,0,176.05607123941172,books,1.7806773935055626,0,none,1,RET-000174
797.405577551782,1058,3,0.865943346084403,1,1,70.55821551279658,fashion,0.5604335224096711,0,none,1,RET-009184
862.884999424907,3,2,0.9088172200523899,1,0,95.39467734811164,books,29.982735332998026,0,none,1,RET-005435
3314.3228616384163,240,4,0.6370138023427068,1,1,78.94963472653707,sports,1.9830232542942479,0,none,1,RET-001191
3492.6199262604205,203,2,0.8385924415272991,1,0,429.2567890338595,electronics,18.86843175016257,0,none,1,RET-005851
573.7776922078037,211,2,0.9523301995820892,1,1,48.10559302446676,home,13.993322962553997,0,none,1,RET-008627
2851.140810761047,347,3,0.8859989828168672,1,1,62.205071309539704,home,1.3668457097631195,0,none,0,RET-002444
3985.9391757747653,544,4,0.9246552720566754,1,1,188.74190344166487,electronics,59.40249329900702,0,none,1,RET-003090
2434.0702366547075,130,2,0.4353548003279446,4,0,151.12360095763756,home,13.535436525940996,1,empty_box,0,RET-009687
997.6699633725035,408,2,0.7160667363726096,0,1,62.04724972177027,books,4.3019416134938036,0,none,0,RET-002305
1121.0881595104997,149,2,0.6683599233714358,1,1,99.43087314838476,home,20.964036919881003,0,none,1,RET-005764
2933.54774065395,764,0,0.9503657756242233,1,1,48.299190641846465,fashion,48.57393841855492,0,none,1,RET-006191
367.7351047502523,182,3,0.738609063242094,1,1,252.8837369863572,sports,2.5330246754662444,0,none,0,RET-005178
2094.3851352915444,27,1,0.7280687976968474,0,1,145.95058151889353,beauty,43.23846619205391,0,none,0,RET-005898
1999.3636583497575,1202,0,0.8573555352385835,0,0,131.8020664687768,books,34.98959404347155,0,none,1,RET-004055
1628.9134828439885,133,2,0.7015577563756984,2,1,79.15735278706154,sports,49.60992653768263,1,substitution,1,RET-009892
3397.703488839542,136,2,0.9238722685813726,2,0,168.97416254456473,sports,37.930173749027176,0,none,1,RET-008620
1764.9928006702182,1786,0,0.8265059360433978,0,1,221.48825322828841,home,16.405210118979653,0,none,1,RET-007497
1261.7999852636706,272,1,0.7434246839946244,0,1,131.12974659854726,beauty,26.628499430430875,0,none,1,RET-004350
1979.8244740143055,981,3,0.7193801179000291,0,1,229.24335430741607,sports,4.698395325575888,0,none,1,RET-000579
1625.521859017829,324,0,0.7100104829153091,1,1,64.42850351833201,fashion,22.78738271900903,0,none,1,RET-002874
1386.9908681599218,177,0,0.8647545447682546,1,1,230.53415940191408,sports,2.889443629047334,0,none,0,RET-007610
572.4805374959461,586,2,0.8376175693381176,2,1,133.7494136340096,home,29.80893733753249,0,none,1,RET-004870
2142.5885743589424,1239,3,0.7424775536035823,3,0,170.9593040036398,home,15.091175734345489,0,none,1,RET-001393
8218.958952858968,233,1,0.8246580967211957,0,0,33.66275993598718,home,19.64275741140609,0,none,1,RET-007669
1142.3149949139708,215,2,0.8267977095153421,0,0,174.40960946485058,sports,16.25624257212986,0,none,1,RET-001401
904.1956898217359,243,2,0.560611920351948,0,1,267.45983771144483,books,15.354277735137833,0,none,1,RET-001872
1281.4587823895372,493,1,0.9185553417613587,0,0,71.48398114316672,fashion,0.5164055943000657,0,none,1,RET-002196
1708.5844641937692,481,1,0.8810238709693105,0,0,242.23486384722884,home,4.677001416221294,0,none,1,RET-000121
2964.472298683057,1394,0,0.6257208781778411,1,1,185.8178411671813,books,59.901538155433144,0,none,1,RET-007084
3349.9686172896027,855,2,0.8034185881598689,1,1,136.27619825806704,fashion,7.559681368896911,0,none,1,RET-003208
200.0,173,3,0.7311678232689172,2,0,107.86103602897063,beauty,9.556727674618182,0,none,1,RET-005627
542.1115732523153,339,2,0.9002792010243728,2,0,103.89002896561242,books,1.1149527317837111,0,none,1,RET-005255
226.26260952062628,1328,3,0.538018314934468,2,0,58.90586933911776,fashion,35.8960564294632,1,wardrobing,0,RET-009506
647.2550340396447,152,2,0.6275742719524736,5,1,214.19278575583144,fashion,18.736513228941973,1,substitution,0,RET-009316
2459.6356634567283,116,3,0.6914956964979766,1,1,94.81343081057886,electronics,30.11808008221432,0,none,1,RET-004027
1962.4235690831233,290,2,0.7915006962104387,4,0,134.3217028766995,home,8.341528415571517,0,none,1,RET-005495
200.0,895,3,0.8049561268239348,1,0,151.74570408770336,books,4.455228808808073,0,none,1,RET-003266
1028.5508335070008,666,2,0.8422486892236102,1,1,129.01725611569216,books,21.023404311255756,0,none,1,RET-003963
971.6887031973902,542,0,0.6771790633274745,0,0,119.89319519315251,electronics,1.4471251295751142,0,none,1,RET-007900
1997.2153440243867,522,1,0.8196420243235324,1,0,30.176890908396647,beauty,29.850723140886487,0,none,1,RET-000984
1039.9713096537025,140,3,0.917720095223977,1,0,223.9495883659246,electronics,22.27620168241252,0,none,1,RET-004088
1648.6227956448156,87,2,0.7358206304495711,2,0,84.80282846397623,home,6.386152705394241,0,none,1,RET-005306
1244.8222949118294,89,4,0.9468990690296166,1,0,61.966344571791595,fashion,25.92175413319462,1,empty_box,0,RET-009288
498.60053790831995,374,0,0.7938443151086402,0,0,93.29055695741837,fashion,6.540197156775646,0,none,1,RET-001989
2109.141980306266,1,2,0.7640289109625699,2,0,65.24546018119378,books,8.355002610173873,0,none,0,RET-000759
768.5124926398119,462,4,0.9238845178186615,0,1,142.82456926727073,books,24.365033611879092,0,none,0,RET-008203
3518.9406245462674,482,0,0.6730892601423152,3,0,135.17450042379807,fashion,27.058983622257085,1,empty_box,0,RET-009226
1713.6252639349943,368,3,0.5006083971870753,0,1,182.58938973101843,home,26.43006290538293,1,wardrobing,0,RET-009586
2480.18925842643,184,0,0.8592625672112125,2,1,117.58083302744069,electronics,3.4257867137113336,0,none,0,RET-003610
3225.782414896619,438,0,0.8798712926125425,0,1,117.5478855328982,beauty,11.998551940687273,0,none,0,RET-001098
5119.730724219176,596,0,0.7747420070782399,0,1,185.9432143153611,electronics,40.10267566001114,0,none,1,RET-008524
926.2634412903492,55,1,0.9441024795866964,1,1,169.04259068560086,fashion,5.023665549094154,0,none,0,RET-001959
4865.609342780842,142,3,0.7017244797846404,2,1,145.39527212356097,beauty,1.834486979570676,1,empty_box,1,RET-009264
9096.909827399562,19,3,0.723775648496813,1,1,59.172301766587786,electronics,22.08116709088349,0,none,1,RET-007919
2564.1899104332383,432,1,0.9121092035827341,3,0,130.19062751054972,beauty,8.671112775886373,0,none,0,RET-008493
2274.359982151016,299,2,0.7387295749828481,0,0,105.11737538126292,beauty,10.666689447978687,0,none,1,RET-006272
980.9179178442146,300,3,0.9758156099554253,2,1,208.9431753225143,books,8.410328522309074,0,none,0,RET-008363
1470.0932294998652,62,1,0.8806568640718507,1,0,16.535691233941243,sports,1.7191908010714954,0,none,1,RET-005634
708.8439439211805,47,2,0.651809820701275,1,1,198.194031412104,home,25.125580740438444,0,none,1,RET-003524
2719.2366276498224,518,4,0.9297303402788075,0,1,125.97621428243366,electronics,42.364847016564006,0,none,1,RET-000396
5858.964476104055,54,3,0.8836424109096935,0,0,97.57167700215655,fashion,57.81982476170947,1,empty_box,0,RET-009814
4464.57918129009,818,2,0.8630261879886167,2,1,131.8774340091613,books,29.220587160043014,0,none,1,RET-008059
708.620187820659,166,0,0.8086736353095091,1,0,117.06620838599204,books,6.320543869946908,0,none,0,RET-000756
600.8886674329689,80,3,0.8467467181621001,1,0,183.3933874833422,books,50.65024288529899,0,none,1,RET-001366
1258.4630390072994,401,1,0.7228716233250273,1,0,71.20962191723753,home,1.282591205238878,0,none,1,RET-001316
904.2084613622376,919,1,0.9500067252907214,1,0,121.59767264783864,electronics,2.062767567197858,0,none,0,RET-002169
902.0691369665328,104,5,0.8020062492222133,0,1,205.59965182411653,beauty,10.896733474869693,0,none,1,RET-008221
440.6258838059099,90,0,0.7414026263270782,0,0,194.03325696919683,fashion,67.1594191023841,0,none,1,RET-001370
1539.217861159383,423,2,0.936245297141029,1,1,110.82495406291923,sports,20.22111408649286,0,none,1,RET-007073
2125.547296127469,271,2,0.8027564209381273,0,1,260.07257752112736,beauty,19.126560716585022,0,none,1,RET-008230
1685.257157463266,259,3,0.7574601519815204,1,0,161.50443936460354,electronics,3.060114763948919,0,none,1,RET-006582
4218.558489983241,73,2,0.8403390554894528,0,0,177.1904777804895,beauty,2.6617006006755735,0,none,0,RET-008621
499.39096407163436,41,3,0.8162229568843401,1,1,249.5622868348,electronics,35.63688732666605,0,none,1,RET-003027
2215.309602722546,25,3,0.6467125821351836,2,1,404.0349899888946,sports,37.151677424081086,1,empty_box,0,RET-009746
1159.341313777834,172,0,0.8093792911561648,0,0,264.213740701286,books,10.587394069161464,0,none,1,RET-008552
2424.077197836176,1,0,0.8308682217630255,1,1,195.24780559696853,books,12.851077535995076,0,none,1,RET-005186
3963.9350661715007,352,6,0.8131385362718733,0,0,54.94531649747545,home,111.96660588575564,1,substitution,1,RET-009642
989.1379506411893,1167,1,0.7879059514807958,0,1,91.73261660210295,sports,19.762834147009112,0,none,1,RET-000813
416.8085188385845,239,1,0.7016123419943776,1,0,151.55894764769144,home,2.4463696974537563,0,none,1,RET-005934
1201.8175040324797,173,5,0.8749756312946013,4,1,163.60676124549943,books,15.487469353192902,0,none,1,RET-008542
1501.471307123203,212,1,0.945114651446235,1,0,76.2660300514749,books,22.5077165825909,0,none,1,RET-007399
4834.677551037364,21,1,0.8291691845069143,1,1,98.57593772303537,electronics,22.56935956245368,0,none,1,RET-002340
1068.653434137291,456,0,0.9043589259516063,2,1,118.90795699011905,home,2.317899610625288,0,none,1,RET-005514
3226.641429731075,577,2,0.8612801655383815,2,0,197.45868132713406,home,5.646965671719992,0,none,1,RET-004803
2011.6321581938553,630,3,0.6029534495727067,0,1,244.19716149468843,fashion,14.358647996944791,0,none,0,RET-000449
2341.834735530046,818,4,0.7728722599715204,2,0,48.26723390583159,electronics,26.645750397498567,0,none,1,RET-002798
1591.4356706104622,240,5,0.7580438791791934,1,0,70.75203856785397,books,20.471897489552912,0,none,1,RET-000224
884.043530285406,155,0,0.5616447451767602,0,1,158.29270965391393,fashion,8.618695838679749,0,none,1,RET-001064
482.1827555916596,386,2,0.8956814104420487,1,0,97.61639937872705,books,2.915507630994062,0,none,0,RET-005979
1644.9063666480115,585,3,0.7656829521327299,0,0,162.61770656372758,beauty,20.332307946845074,0,none,1,RET-003107
1240.445844225913,607,0,0.8646114555324144,2,0,113.66647694006622,home,18.18585905801275,0,none,1,RET-000877
10049.981745924073,578,2,0.77414567228492,1,1,253.04587870168837,sports,57.38882888428958,1,empty_box,1,RET-009204
1910.7972975633038,444,1,0.5012685509354579,1,0,215.31164006527547,books,4.330065607259539,0,none,1,RET-002138
1811.5886594047404,492,3,0.5727988132379402,2,1,123.97304252515377,books,1.7348849834342421,0,none,1,RET-004745
1694.2544595536717,156,0,0.7851869775871247,2,0,107.79467635974342,books,24.130318088934068,0,none,1,RET-005659
6693.895876132462,166,1,0.9365940928637801,1,0,250.49466414740021,fashion,23.8594696654394,0,none,0,RET-002277
642.1646550358454,215,2,0.7271102137179521,0,0,257.4279180765843,books,0.17934989184309705,0,none,1,RET-002235
305.1895027357404,22,2,0.7736610140756871,0,0,49.60186365408974,fashion,25.20241182382376,0,none,0,RET-001811
3159.34399300269,118,2,0.8788303382326168,2,0,134.25566393980014,beauty,0.10431366691327973,0,none,1,RET-000881
1683.4815941774348,510,2,0.5860184514489881,2,0,91.51799375705569,sports,60.25744635272192,1,substitution,1,RET-009945
452.97179964236136,1576,2,0.7806742976194876,0,0,51.42803530560096,fashion,35.04733112815907,0,none,1,RET-005161
2861.2174798873257,104,0,0.5753550642327921,1,0,62.71464784186491,home,7.56273266503816,0,none,1,RET-000999
840.4868969997752,75,5,0.974273603529851,2,1,183.11744925170663,fashion,16.96572213833286,0,none,1,RET-006624
464.7343643796213,125,3,0.8932019773270908,1,0,193.21932356025005,fashion,4.716062602887021,0,none,1,RET-008503
1177.325963367121,111,1,0.8247708484386111,1,1,249.72131803772797,beauty,30.95810594272163,0,none,0,RET-000492
2472.898906483074,227,2,0.5580330990137622,1,0,85.76922213635547,beauty,20.02650820961407,0,none,1,RET-006348
2347.146822641231,149,1,0.8338535061592917,0,1,168.7464177210331,books,3.3453549650061065,0,none,0,RET-008226
2425.2918282047817,241,1,0.785929863165045,1,1,80.98447364042613,sports,0.888565503877485,0,none,1,RET-008078
2121.009784471761,259,5,0.7918685915962911,0,1,42.54342789886159,beauty,2.8801272696437517,1,wardrobing,1,RET-009521
508.58609848585604,109,5,0.7610459212610936,0,1,54.207014583398184,books,6.957793284510481,0,none,1,RET-005729
2913.3044036828333,41,0,0.45612853654049473,1,0,355.99978361738584,electronics,14.434549436260452,0,none,1,RET-002137
2932.198402064423,26,2,0.9645963496406368,0,1,49.81894951400515,home,76.53030245205338,0,none,1,RET-004757
3717.90805571696,140,0,0.5606626073423696,0,0,238.11577382188324,fashion,9.807425600364745,0,none,1,RET-009024
1436.2573870523252,24,2,0.5293787206923214,1,1,42.555684811650465,books,0.9074024259125963,0,none,1,RET-003449
2524.1344236388045,142,5,0.8194594437545776,1,0,126.63036115143646,home,8.397813209650016,0,none,1,RET-007341
8206.361581289568,175,2,0.7258433116121559,2,1,50.02709520895553,home,20.92483846288135,1,substitution,1,RET-009342
788.6368051290236,31,4,0.7569271903280107,1,1,149.23703221053728,beauty,11.587849572085071,0,none,1,RET-007224
471.4426084264886,464,2,0.865100811380162,0,0,97.80804643242097,electronics,1.1952933253408262,0,none,1,RET-005651
2225.9044330727183,29,1,0.8873142327013396,0,1,195.38709092924097,fashion,2.114266614195282,0,none,0,RET-001451
852.1276475350394,164,6,0.9317445022387237,2,0,165.3590269279489,home,6.682717055943582,0,none,1,RET-003993
292.13746584609584,161,5,0.9862036855848535,0,0,46.367421011300586,fashion,9.516709405340311,0,none,1,RET-006271
1806.5010436688806,371,4,0.9419846529346534,1,0,122.68517127923535,books,20.438879973208405,0,none,1,RET-002136
276.4525602506756,713,1,0.5795899565138504,0,0,152.58103156290147,home,1.7446431114772545,0,none,1,RET-001129
2112.8255514560965,1094,3,0.8712803178983334,0,0,125.11588054344362,fashion,14.963910766233193,0,none,1,RET-001059
4202.622886450323,359,2,0.7326009441650053,2,0,102.89442164860925,fashion,15.975290203647969,0,none,1,RET-004666
1460.2598649122551,148,2,0.906499149696083,0,1,166.00109717460526,beauty,13.955691537060275,0,none,1,RET-001633
2070.608527816291,394,2,0.9531404529632007,1,0,185.5318385236543,beauty,28.789336542313603,0,none,0,RET-004985
1735.1738629357294,187,0,0.7184372618496302,0,1,135.1616785240844,beauty,8.124635023111185,0,none,1,RET-002113
731.2079217752499,111,1,0.9518845396146358,1,0,287.1216093367306,beauty,36.146916903551855,0,none,0,RET-005476
2154.2275910723274,248,2,0.7506876501107079,2,0,121.17509585870009,electronics,5.990197476124012,1,empty_box,1,RET-009254
790.5162121941063,1034,1,0.783406826053617,1,0,191.1878107600787,electronics,0.2108157658996075,0,none,1,RET-003093
1332.9072198400695,59,1,0.6240074085613041,2,0,81.51434052917222,books,3.577132543828613,0,none,1,RET-008646
7982.382766463169,1099,2,0.9068937244007208,0,1,42.84351104731386,home,2.2454061665972165,0,none,1,RET-004904
2285.3776874503915,198,2,0.8386954570239776,0,0,286.51469691439524,sports,11.597979665792975,0,none,1,RET-001889
7283.598388399503,412,0,0.7783085340499227,1,1,131.1222763667046,home,8.351007993791871,1,wardrobing,1,RET-009444
2637.9605197128344,1656,1,0.9000231141200872,0,1,182.9420091915416,fashion,16.82720583768996,0,none,1,RET-003793
1622.4093064736512,443,1,0.8811405652208656,0,1,200.5238690230202,beauty,7.827611358423913,0,none,0,RET-001482
373.9836883692971,531,2,0.9223438813088963,2,1,307.28475357466857,beauty,26.417098831948998,1,wardrobing,1,RET-009292
2931.8660846861703,36,3,0.8792258914936508,0,0,110.57621735612622,electronics,8.225924726509033,0,none,1,RET-007746
1347.4125377186838,603,1,0.8698979310859878,1,0,324.2870942440265,books,6.5062588972803646,0,none,1,RET-009109
1598.5395518456107,97,4,0.5320162223451104,1,1,128.60342122875505,sports,2.7856619525361137,0,none,1,RET-006647
200.0,191,2,0.8752874645567476,0,0,237.94684221099047,books,16.911799090982793,1,substitution,1,RET-009751
1191.417204488304,154,1,0.8130037290727086,0,0,184.40107845585274,home,48.98918531488392,0,none,1,RET-002667
852.798929578517,38,1,0.912605214585046,1,0,193.27017410546978,home,20.125570015414052,0,none,0,RET-004224
2412.9219624576845,57,4,0.8187574617316613,0,1,62.06347709398627,home,25.57591557100645,0,none,1,RET-003475
5198.670383908877,28,2,0.7588308404074363,0,1,169.81681536987819,books,8.462071023005006,0,none,1,RET-009183
269.7415737547793,259,2,0.8148161028086953,0,0,167.76982935400082,sports,0.2345313203489988,0,none,0,RET-002954
2125.495495057414,625,3,0.6917541027126505,0,0,92.63982062722027,sports,3.8362342503108544,1,wardrobing,1,RET-009770
3641.078242985069,440,2,0.9696973879016962,1,1,111.904501288963,sports,24.03545061512234,0,none,0,RET-001471
1471.6611765862776,475,2,0.6902807063846916,1,1,100.18974443077187,sports,0.1570096510421071,0,none,0,RET-008522
4796.570952037328,959,0,0.658784078698708,0,0,116.66261835725791,beauty,5.843491407006408,0,none,1,RET-007456
829.9881729633133,79,2,0.8431090094590011,1,1,61.37192225591824,electronics,16.1247389404326,0,none,0,RET-003187
772.4203995837678,27,2,0.8327791284964914,0,0,283.6642112145937,home,39.79697261715208,1,empty_box,0,RET-009527
1231.3803384345188,96,4,0.8709552418681096,1,1,262.97274529584126,sports,5.900664088646468,0,none,1,RET-006189
413.269444732153,7,1,0.7613893812307839,2,1,263.2787446917559,home,30.372994783237804,0,none,0,RET-003906
658.7715410893161,27,4,0.7931338697470243,2,1,214.7107702498807,sports,29.322683888757464,0,none,1,RET-007198
1710.8882617372403,20,2,0.6706218178284589,1,1,175.59004527014298,fashion,20.10957092620669,0,none,0,RET-005988
860.8910776877368,719,1,0.7023759397104443,0,0,262.23040788780804,fashion,0.30506629405095514,0,none,1,RET-004551
2770.77979897268,226,4,0.8799025331334503,0,0,124.19762841361678,beauty,5.376618408987251,0,none,1,RET-006438
4019.875527914725,31,3,0.942848219398857,1,1,47.194139750655935,beauty,31.33958713014823,0,none,1,RET-001386
1686.1489031734204,160,1,0.6390617362397786,0,1,32.06260748974012,electronics,13.706472629963637,0,none,1,RET-000062
1497.4392394696436,621,1,0.8517844557717839,2,0,125.1337641529795,beauty,7.642369937239015,0,none,1,RET-006835
1756.4460622331621,408,1,0.9344575658880264,1,1,47.435195067752,sports,6.057052346312133,0,none,1,RET-007981
501.17431984182286,398,4,0.9033683539382795,2,1,55.03462389454834,beauty,30.101649226600124,0,none,0,RET-003852
505.41124191803226,212,1,0.9004437146490233,0,1,105.85564884622283,beauty,2.6632826487091137,0,none,1,RET-005559
5751.807006242565,44,4,0.6394397513737036,0,0,136.87658934566758,electronics,16.343597265357765,0,none,1,RET-001973
1180.3546879512387,88,1,0.6766544195058389,0,1,252.80647081153097,fashion,6.304133650944724,0,none,1,RET-007755
1191.8775291478062,428,2,0.9412489482970584,0,0,116.6901121429883,home,6.819728038341994,0,none,1,RET-001962
828.2761756260384,458,3,0.7927147016317758,0,0,160.97585194693,beauty,0.4850162154948048,0,none,1,RET-006936
2649.7721131590206,24,3,0.900545433922247,0,1,235.76522180983835,home,25.296698823230525,0,none,1,RET-005442
1208.8406489375998,2266,3,0.9351235981722661,2,0,175.3303082801958,electronics,19.570340446557925,0,none,0,RET-006395
612.1684206385721,45,5,0.8090733155926818,1,1,111.86798548202634,books,2.524284727638933,0,none,1,RET-000653
2309.860020710662,897,0,0.5459776240916875,0,0,244.9377389943807,sports,5.433456364921518,0,none,0,RET-008647
1470.5269616621517,326,4,0.9161457697898916,4,0,142.94351235593555,beauty,25.31809961004218,0,none,1,RET-003374
726.4486062669803,319,2,0.8534447347342924,4,1,82.53445365155356,books,12.77582109069027,0,none,1,RET-002859
1692.0949067753147,184,5,0.6725566435695641,0,0,50.50834924471632,sports,1.5460810784170658,0,none,1,RET-007167
755.3949228114606,267,6,0.80590719756156,1,1,136.01222839853745,home,5.97627066724592,0,none,1,RET-003028
2649.6168659109653,529,2,0.9357744053754536,0,1,276.90638966316857,beauty,9.16371843246688,0,none,0,RET-006382
5583.20859591818,789,6,0.9048648981284872,0,0,173.0591670508125,beauty,5.834146108121977,1,wardrobing,1,RET-009761
1349.4763863928408,89,1,0.8887824766191394,2,0,154.63867877481664,books,4.338460144391712,1,substitution,1,RET-009625
2172.7576028141802,72,1,0.8044143636268033,0,0,18.597706685125306,sports,2.6019770840744316,0,none,1,RET-003206
10885.841219174454,83,1,0.9071645506344436,2,1,96.89226685915582,fashion,15.56229835651754,0,none,0,RET-007331
1052.2815741841257,252,2,0.8899324440794252,3,0,244.19259777724233,electronics,12.88734907062565,0,none,0,RET-002293
2069.819083338287,582,2,0.7527196980937747,1,0,43.65701091634769,electronics,74.24452185723456,0,none,1,RET-008575
723.8861425998649,340,2,0.9514935988981306,0,1,110.15745483737594,fashion,18.992497619477426,0,none,0,RET-001130
1984.193231927859,449,1,0.7906900457995301,0,0,46.089797883884934,sports,12.8567350213434,0,none,1,RET-001178
1037.6386030752346,98,2,0.8082140179453522,1,0,298.3425295692357,books,24.75487618325002,0,none,1,RET-003760
1297.4090220954834,1252,2,0.9146435368792776,1,1,73.9301942192173,home,12.493811348854221,0,none,0,RET-004414
2645.0313582068966,25,0,0.9332517489855235,1,1,283.74510851909355,books,28.401241978725427,1,wardrobing,1,RET-009405
895.4657837675068,850,2,0.8688336236506288,0,1,381.1431277395876,fashion,38.74544065785001,0,none,0,RET-004882
1954.7301807765448,436,2,0.7527955507239052,1,0,249.76970933143394,fashion,41.54688640039408,0,none,0,RET-006836
1837.637314668607,482,2,0.8427587896436717,0,1,288.17525520396595,fashion,16.382137464274305,0,none,1,RET-007295
3133.852437466409,769,2,0.9295710681635563,0,1,165.67957994209345,fashion,33.96646434144743,0,none,0,RET-003536
4550.794507131665,1,1,0.8231225650301364,0,1,131.55627426016542,electronics,11.346133923870342,0,none,1,RET-000524
1606.7009375512405,331,2,0.7168534444162554,0,1,42.010193334283805,beauty,9.481189706529069,0,none,1,RET-005294
2030.5833306230231,67,1,0.7490846881121676,2,0,86.80993115353469,beauty,31.76459503236416,1,substitution,1,RET-009357
919.1390159845143,27,2,0.8941598506446322,0,0,257.6772078997582,fashion,28.510918110504594,0,none,1,RET-005762
1245.6285006529722,116,1,0.9152102344688606,2,0,179.1848591262057,home,8.859567188605386,0,none,0,RET-007898
797.5345877005216,721,1,0.9377363092735193,2,1,222.09771046351787,electronics,1.5535760150461648,0,none,1,RET-007509
586.4153308313779,305,2,0.8707860482976626,0,0,75.25960925525223,books,24.754930518019236,0,none,1,RET-001298
1777.2390108249936,471,1,0.4509426057453444,1,0,126.97367776999938,electronics,7.59909096378126,1,empty_box,0,RET-009609
1452.8197942331267,636,0,0.7175867936236724,0,0,85.10105328483878,home,5.644022863980069,0,none,1,RET-003386
4160.327901092272,500,3,0.9511813089317183,2,1,105.05706762626463,books,9.66637625183494,0,none,1,RET-002212
528.5101101275513,171,4,0.8207679747939851,0,1,48.180116327009436,books,12.833078826816275,0,none,0,RET-000245
965.931190851151,269,3,0.9896846245661337,0,0,336.4789981064173,beauty,7.744702938494058,0,none,1,RET-006047
1778.2217005828513,475,2,0.851321985219905,2,1,265.20040176184176,home,16.875448757277173,0,none,1,RET-000397
395.06795684757674,1069,2,0.9481055943307583,0,1,167.81892467854257,books,5.339170677659571,0,none,1,RET-005204
1754.0645272912861,148,3,0.8371959989866888,2,1,111.72660384518593,books,74.91567803297623,0,none,0,RET-004459
3179.4485083145023,10,0,0.5290465343045537,2,0,11.840830195139308,electronics,47.177882084148294,1,substitution,1,RET-009747
4028.5773081693947,450,3,0.8068992081252686,2,0,286.01471438967974,fashion,20.21203773791933,0,none,1,RET-008126
2125.022834005033,52,0,0.9939141852486795,2,1,267.15794815304383,home,9.74186921542248,0,none,0,RET-005918
2292.351959629316,162,3,0.9059589265903221,1,1,287.04668916287574,books,2.718228515398927,0,none,1,RET-003161
1216.758875021157,306,2,0.8554868017409785,0,1,45.264986228021854,fashion,23.219249124220678,0,none,1,RET-007297
1507.0747402596398,194,1,0.8830543391455098,0,0,311.6972565022165,books,14.598409159425625,0,none,1,RET-008596
1010.5345192700223,759,0,0.9407151523958872,1,1,115.83747396576713,sports,13.224900539109663,0,none,1,RET-006800
1234.0583583876955,498,1,0.7321089815326653,1,1,197.35793354479765,home,2.1416102369277894,0,none,1,RET-003754
897.0715539274969,224,1,0.8046698917859494,1,0,217.26759391750284,fashion,56.93619914055682,0,none,1,RET-005234
4053.3212244872207,190,0,0.877256954458845,0,0,44.90775147934644,beauty,3.533952947633002,0,none,1,RET-002139
1148.312963631151,176,3,0.9085179807306204,0,0,92.19170159824814,sports,3.8712618553968565,0,none,1,RET-001382
4551.284786931297,69,2,0.9197827724510477,2,0,174.06229811256694,beauty,1.1965581967518153,0,none,1,RET-006920
754.4691323290901,471,2,0.9362040472106934,2,1,188.92168339143876,books,8.504707332945893,0,none,1,RET-006915
1672.4585520827063,1,0,0.8608730763655501,0,1,133.99245762669952,beauty,0.3908536221804078,0,none,1,RET-000291
1273.2050963504025,41,3,0.8652619071612302,1,1,56.49405048551077,electronics,1.2310240308542715,0,none,0,RET-001523
3022.6786867775163,282,5,0.6151446009896424,1,1,204.03243608088894,beauty,16.54154963732239,0,none,1,RET-005337
1022.4764878100135,120,3,0.6326535888246274,1,1,57.63159317843238,fashion,10.617217085857995,0,none,0,RET-003005
1677.603924253309,369,5,0.8086201355754548,3,0,114.59392586383264,beauty,95.17042067789724,1,empty_box,1,RET-009683
1005.6762035863409,322,1,0.602050891952462,2,1,108.27075540941675,beauty,10.55317662962942,0,none,1,RET-007314
247.2647440847647,86,2,0.9298359762832415,1,0,80.02725852507264,beauty,1.5772619459019859,0,none,1,RET-003914
672.106086825414,51,2,0.8598100740396724,2,0,106.85914794186071,beauty,35.39642309724461,0,none,0,RET-004758
1533.6006296789774,202,2,0.8377547418398346,1,0,134.25122753967253,books,3.194967332668137,0,none,1,RET-002121
1288.1857196059893,180,2,0.7669306651736365,1,0,173.1582616283735,books,36.96432694179171,0,none,0,RET-004039
474.54601403942155,72,4,0.4758813567769135,0,1,196.94220312073426,beauty,3.1391402093130263,0,none,1,RET-003190
2041.7092965364388,737,0,0.4944346843625084,0,0,141.69624800193455,home,1.16890079900573,0,none,1,RET-003022
1104.6420268782701,91,1,0.7702599598410454,1,1,57.92336144396205,home,7.342327076765816,0,none,1,RET-007072
4286.153139294152,197,5,0.6384525829800661,3,0,65.77309362625103,home,5.915729120300564,1,substitution,1,RET-009816
466.85864259092017,247,4,0.8717120804901937,3,1,322.5115995092971,beauty,9.045082735384685,0,none,1,RET-006868
4602.967316434299,418,4,0.9206241794737525,0,1,373.7510432208369,beauty,28.15982820719661,0,none,1,RET-008760
1040.5358257155576,145,2,0.7143836820479661,2,0,52.407893378183026,electronics,26.22473684106911,0,none,1,RET-007366
568.6859130296206,242,1,0.9682293337587399,2,0,90.19533543497367,sports,4.6428524922754075,0,none,1,RET-000084
606.2260359417376,1164,1,0.6721737083957152,0,0,37.102608697296986,electronics,6.332477746429854,0,none,0,RET-007784
1120.4259083672002,88,2,0.8479125054815797,0,1,77.35741044760115,sports,7.74970976570507,0,none,1,RET-003340
3399.5654299247776,507,3,0.8691513917526956,2,1,64.35028202241942,electronics,0.9037286408316972,0,none,1,RET-004524
9236.632157525042,156,2,0.8089513700054624,2,1,76.24961456095423,books,24.54325087333051,1,wardrobing,0,RET-009255
1696.6424519097425,234,1,0.9318658297659068,0,1,151.95483762865658,home,15.440936768571229,0,none,1,RET-003063
3421.561240151025,304,1,0.8938521001399393,2,0,202.984074896459,books,31.837408449306874,0,none,1,RET-001720
1204.4686221549518,652,6,0.8433428656248032,1,1,44.06247021379466,electronics,99.4730772000928,1,empty_box,1,RET-009954
18827.671284309097,354,0,0.5851558267527318,2,1,99.42717417271427,fashion,9.718533553404795,0,none,1,RET-000846
2929.497337995076,275,1,0.6294445618518985,2,0,338.74049830516424,electronics,12.554311940944455,0,none,1,RET-003652
1483.9857780371847,151,2,0.8277277210553761,0,0,84.4603365261377,electronics,18.203831102089843,0,none,0,RET-001121
2675.1320075527055,1198,1,0.7650992130236954,1,1,60.73085248319939,home,7.08939593396933,0,none,0,RET-002443
850.8847943743405,636,3,0.9682972188853618,2,0,103.75426867330857,electronics,6.312008385992222,0,none,0,RET-005611
1657.930402297537,941,2,0.6584310961405772,1,0,8.800030235831583,electronics,29.01236210690265,0,none,1,RET-002887
792.8521024487146,50,3,0.876193559961691,1,0,123.09137735182978,books,33.87024295186797,0,none,1,RET-007927
4753.025520680695,632,0,0.8094495467089398,1,1,59.983339532228165,books,0.2097053238042206,0,none,1,RET-003603
947.9138080636816,262,1,0.6663217585845511,1,0,369.8304663370569,books,22.464407934575753,0,none,1,RET-003282
1746.7039849019725,818,0,0.9501486458843706,0,0,129.62567824404744,home,3.3951116866991873,0,none,1,RET-008550
1430.3109306428812,172,1,0.8479519808410636,1,1,53.56460733883463,beauty,12.669093276470205,0,none,0,RET-006143
2185.78312791418,900,3,0.8343485303025914,1,1,184.86411204801212,home,25.156192911008052,0,none,1,RET-005256
3131.462681259932,350,5,0.7170541107673446,1,1,98.3310042889552,books,2.699684695136134,0,none,1,RET-002147
4635.910105686188,729,6,0.8026773930058355,0,1,129.15342329313003,electronics,15.980005917971598,0,none,1,RET-003220
880.3477785731112,476,2,0.6844086693799476,1,0,425.8940647315615,beauty,57.45267237000638,0,none,1,RET-003998
2169.1454861694974,441,2,0.6503044506900072,1,0,158.80537532310038,sports,10.089652367516573,0,none,1,RET-002264
942.4932002870734,315,3,0.9112018645726295,1,0,171.45465356510726,books,0.7710623652397015,0,none,1,RET-009039
1226.225468954755,195,2,0.9936628899853299,1,1,68.30758474961833,electronics,2.8156596285031594,0,none,1,RET-006596
4356.017282453222,424,1,0.6434942553358599,2,0,118.71858285472929,books,12.444428374268341,1,empty_box,0,RET-009809
807.6657390398428,844,2,0.9625244548664759,0,1,98.72111210169741,fashion,3.4857494649575287,0,none,0,RET-008354
872.3098761624634,885,1,0.8772597795466299,0,0,257.92112925465443,sports,19.23185843749036,0,none,1,RET-002781
1321.9769681491705,337,2,0.885773300377418,1,0,284.6918350470386,home,52.666014264085085,0,none,1,RET-001688
2844.819677523331,625,4,0.7313803619291895,1,1,117.100227236783,fashion,23.317177754196784,1,substitution,1,RET-009841
1398.891870303488,119,2,0.7829329861582623,1,0,235.5239433233544,home,4.889122162885971,1,substitution,1,RET-009641
6174.000225416493,56,1,0.9408037450388023,0,0,192.9392586044123,fashion,15.646576674708088,0,none,1,RET-006736
578.7052839035534,586,1,0.787494740234164,2,1,54.081497024281155,electronics,4.862597857470135,0,none,1,RET-008939
1055.6914285587804,258,1,0.7556607312592889,1,0,86.98044204062532,fashion,27.93302880256961,0,none,1,RET-002664
1401.5327936695423,32,3,0.6724108382787538,0,0,209.12925716239369,fashion,9.456275681308412,0,none,0,RET-006486
1302.1416952206446,207,1,0.8534946770969823,1,1,105.34879316354929,home,2.489278379360583,0,none,0,RET-004072
726.4304104558247,241,1,0.9576789753752049,0,0,120.6557224390036,fashion,0.7194862295415227,0,none,1,RET-009185
548.1755470036695,163,1,0.9074359513705809,0,0,154.3956113590314,beauty,42.23048809689418,0,none,0,RET-001050
410.5919647156307,255,2,0.8769001358860297,1,1,354.73046434322396,beauty,34.739334668163146,0,none,1,RET-006578
4749.604786014661,175,3,0.8683799872462846,0,0,367.3347699137199,sports,4.306516769305751,0,none,1,RET-006469
2409.101602114242,557,3,0.7559715101625731,0,0,317.5853124982802,sports,11.495600614701697,0,none,0,RET-000339
1887.737720407741,388,0,0.9556027749337792,0,0,91.6061872602693,home,59.27996474864487,0,none,1,RET-008539
654.8016684122699,970,2,0.9169504091787467,1,1,62.47869554872513,fashion,13.283300823607282,0,none,1,RET-003358
2249.349320752005,135,0,0.7310764315341992,1,1,82.73508038456107,home,11.832806359118717,0,none,0,RET-004878
1794.2404851036474,451,2,0.767001135423904,1,1,249.0545379098024,books,15.488659508611258,0,none,1,RET-004498
651.8774893130505,110,1,0.7319806012975135,1,0,123.62162515148552,electronics,2.249657682485254,0,none,1,RET-003213
2289.8889675199166,267,2,0.9223590206316518,0,0,156.24455570279878,beauty,1.7521216942601807,0,none,1,RET-001991
5801.603425130533,90,4,0.8705508259071312,1,0,227.69332697439052,beauty,8.534547259498515,0,none,1,RET-005921
1982.9784309697227,301,2,0.7984769210456035,2,1,150.51197394295912,home,32.262358568059625,0,none,1,RET-000027
13398.014087608575,16,2,0.8206545560433105,0,0,115.64681985131892,books,2.859368418079743,0,none,1,RET-008272
516.1822708007395,463,1,0.8956687868763483,3,1,346.1199497814329,sports,10.871634445548194,0,none,1,RET-003216
2453.924256247131,367,0,0.6804364063341337,1,1,100.38978196974975,sports,21.16774970115364,0,none,1,RET-003743
1841.7569967153045,661,3,0.9342146014313629,2,0,254.817249444128,beauty,6.056492753833901,0,none,0,RET-006824
1854.6730377537383,849,2,0.8140516946875432,0,0,199.94073440584137,electronics,1.6948360607130204,0,none,1,RET-006284
1235.889685900674,1518,5,0.8334408666709199,1,1,286.35148361079865,beauty,0.08857697478117035,0,none,1,RET-004164
1138.1732245385779,248,2,0.8270475947195377,0,0,92.80611770411042,books,4.779749415419576,0,none,1,RET-000303
677.2981022248425,149,0,0.8914115424316981,2,1,136.77632600572923,electronics,17.29015278761374,0,none,1,RET-007735
1276.9014801173453,1421,1,0.8173371926296127,0,0,209.84482089820455,beauty,37.60499529325154,0,none,1,RET-007782
7756.751366052868,910,2,0.6043933136669974,0,0,300.1250907843338,home,12.506654654327967,0,none,1,RET-006352
2454.271333504965,102,2,0.6516938206159545,1,1,78.04518726837925,books,65.65886674286396,0,none,1,RET-000985
606.8650415664359,50,3,0.647333197361065,0,1,87.65733092282103,electronics,21.02463104580473,0,none,1,RET-001071
837.2563939314624,160,1,0.9849921857188639,1,1,299.9595436191962,books,1.7561696272191072,0,none,1,RET-001206
3050.499268782141,263,2,0.8493827883565449,0,1,258.7191168132989,electronics,6.095212449128016,0,none,0,RET-006459
942.3665026214347,523,2,0.6931621491035529,0,0,187.38792056569454,sports,2.3272009051503986,0,none,1,RET-005977
4953.793886243571,209,5,0.8752791434556352,0,1,56.82476321402894,sports,9.123071351634524,0,none,1,RET-008139
2319.7922742621554,898,2,0.8574570950718259,0,1,68.94720978554886,beauty,6.530360784307716,0,none,1,RET-003681
1514.0143742597359,381,3,0.7876766402194338,2,1,209.61280129803782,books,13.142121644502216,0,none,1,RET-005791
1520.974950757456,82,6,0.9410677895777261,3,1,252.63928440008286,books,43.19927599783793,1,substitution,1,RET-009909
1184.874296815678,483,4,0.8485437737853188,2,1,205.06233101555983,home,5.538134547362511,0,none,1,RET-008454
1087.3469471239716,64,1,0.9032171389868385,2,1,103.73891878336126,electronics,0.3341177515613473,0,none,1,RET-001653
1114.590283513309,2414,3,0.6913152061538186,1,1,141.7323552657811,home,20.811076581354335,0,none,0,RET-002374
2028.3541901796757,304,2,0.8216239277586769,1,1,150.65885874622566,home,26.99539227277819,0,none,0,RET-004274
657.882344013914,306,3,0.8541544040377554,0,1,232.16309001433103,books,1.1046238128858168,0,none,1,RET-000333
4797.977647865412,30,2,0.780682039525274,1,1,47.651684000102264,books,18.00965006415649,0,none,1,RET-002327
639.8654283060056,542,1,0.43047702875877136,0,0,336.0920890111455,fashion,14.04126760824729,0,none,1,RET-005060
2096.254410584862,142,2,0.932490561662542,1,0,91.65219048469697,electronics,8.733653715809067,0,none,1,RET-000507
375.02813807134555,596,2,0.9436807771511048,1,1,206.20374156968256,home,8.205831970144517,0,none,1,RET-004087
2747.090487771803,90,2,0.6282210607457006,3,1,41.1510762526116,beauty,17.88740663127473,1,empty_box,1,RET-009673
1563.0213296397658,139,2,0.7448611043336866,0,1,191.3308303809471,beauty,30.81346873786847,0,none,1,RET-004784
3219.2741872961665,373,1,0.8486696287795684,1,1,138.58252117208806,beauty,64.30665124576092,0,none,1,RET-001418
3369.2802200135325,913,1,0.8047883649464823,4,1,132.95936599942445,books,12.492247252213296,0,none,1,RET-007630
2763.996414291771,480,1,0.9639984027795759,0,1,221.30926404635966,home,66.74634916244695,0,none,1,RET-005957
200.06456204324954,500,1,0.9172522940917258,1,1,240.05387562186553,fashion,4.5352390574454615,0,none,1,RET-000888
2583.6695393321666,243,3,0.9006000622247821,0,1,125.21408389692654,books,20.442602751713565,0,none,0,RET-006994
37073.55659363643,78,2,0.6155864392410473,1,0,184.079850396529,fashion,7.549275753439014,0,none,0,RET-008091
5220.253900041158,482,2,0.865753410738852,3,1,320.8408264849604,books,5.6269828595677165,0,none,0,RET-002855
3834.1291336890686,75,2,0.8551265396254857,0,1,222.23446622986782,sports,2.858107906809541,0,none,1,RET-001580
993.1184679796099,95,1,0.9684967753239749,0,0,194.812608766975,fashion,26.572070100034882,0,none,1,RET-003480
1693.520277127093,135,3,0.9859784081272572,2,0,23.895836305643865,home,2.4026306485583957,0,none,1,RET-004756
2414.538600203055,84,0,0.9407766242184121,1,1,41.15140277786816,sports,9.63902824335996,0,none,1,RET-006803
1770.278088106678,112,2,0.9815845354236458,2,0,81.84749286276431,beauty,11.17369072754757,0,none,1,RET-007070
963.6323222779242,209,5,0.702878403830245,2,1,631.8080718830902,electronics,100.82329363929334,1,substitution,1,RET-009456
555.4260376852391,1199,0,0.8176284830169043,0,0,193.60516964448934,books,37.887116751038604,0,none,1,RET-005507
1491.0799258285908,388,3,0.5971513907150591,1,1,715.4419087773542,sports,2.9032658330584096,1,empty_box,0,RET-009710
1616.097432128874,329,4,0.8623126114276002,2,1,54.8503670503083,books,12.710162057149127,1,empty_box,0,RET-009325
1880.0965963677593,200,4,0.9107794432160012,0,1,93.61430615081198,fashion,37.14961640469647,0,none,1,RET-007546
3278.884447321965,205,2,0.9452720210045484,2,0,486.5054505830511,home,29.1253328709654,0,none,0,RET-006889
1549.5624330511391,167,1,0.8806711866623026,0,0,134.6886357763582,electronics,0.056781380915060485,0,none,1,RET-008618
1168.0413045497623,715,2,0.8810802751240727,1,1,118.82153258860843,fashion,2.2529427260649575,0,none,0,RET-008235
1506.2200855830645,29,0,0.8514903338555733,1,0,209.3520832518539,sports,1.897948695955183,0,none,1,RET-005324
891.938013150089,145,1,0.8340454893006614,1,1,92.52989874797319,books,12.398102880777406,0,none,1,RET-003680
2079.9154175949952,128,0,0.6272898022446286,1,0,79.15209662411785,home,24.681482023158466,0,none,1,RET-008785
10156.412690896725,148,2,0.7697782512668794,0,0,92.84783798533996,beauty,41.39842957730636,0,none,1,RET-009031
418.10330608072724,4,4,0.9525287079716683,0,1,267.49528475704403,electronics,18.303973325314345,0,none,1,RET-002289
2968.4907858533343,92,0,0.8656351631462077,3,0,141.18962221670552,books,23.093545167791525,0,none,1,RET-003233
1752.0411406753517,950,2,0.8067542472925477,2,0,37.17451158681868,home,36.90914692532444,1,empty_box,0,RET-009551
2594.3224692858157,2111,2,0.7902639505502285,0,1,191.5114937152817,beauty,5.290697077827953,0,none,0,RET-003731
200.0,423,5,0.9460921563888802,1,0,45.82515624095904,fashion,7.431976170315299,0,none,1,RET-001521
2394.388503741057,175,0,0.6726836689826224,1,1,162.67857079711402,sports,6.553883660732756,0,none,1,RET-005653
2488.006093879489,174,3,0.8328100932283531,2,0,229.83812035597558,beauty,0.46112335934768034,0,none,0,RET-007728
5287.017550779243,15,1,0.88901698407209,1,1,56.89641306565058,fashion,3.244853569237126,0,none,0,RET-008943
1033.0852505876098,246,2,0.8759960886575208,0,1,125.81798386100215,fashion,55.894216061393415,1,empty_box,0,RET-009242
2474.3236423535677,1031,2,0.7911787924066466,1,1,111.88218296700786,beauty,2.888646895419874,0,none,0,RET-004568
2393.8265684178837,41,1,0.6166738169196145,0,1,233.3463080032148,books,15.649260950568468,0,none,0,RET-008190
3661.5472895570315,8,2,0.9410748760716711,1,1,227.5042243620228,fashion,44.92225370671103,0,none,1,RET-005880
5311.461373110355,1008,3,0.9305161813433502,2,1,157.3534693859246,books,26.56334429169041,0,none,1,RET-004389
6153.8351458520265,341,5,0.8564666231818899,0,0,395.4874505934474,electronics,36.113405213993374,0,none,1,RET-004554
5582.851575038532,206,2,0.7622032464064793,4,1,107.89520740492159,fashion,0.5398276004864463,1,substitution,1,RET-009441
1199.0665518792648,39,1,0.8824055009041102,1,0,209.61801996413305,sports,28.982545779726813,0,none,0,RET-008807
1842.9211082731647,599,5,0.9118158757675918,1,0,134.1230113757257,electronics,31.27203363675752,0,none,0,RET-007048
635.865888119313,66,3,0.9349381832764736,0,0,28.188503932746933,beauty,30.661214378771128,0,none,1,RET-003930
2425.632840583978,610,3,0.5194501067004524,1,1,34.16797908738969,home,3.018031928696882,1,substitution,1,RET-009503
2455.9558332017414,764,1,0.5549406620892101,2,0,211.96503119761752,sports,17.72404829771376,0,none,0,RET-005602
1016.2844865440148,587,1,0.5900569047651285,0,0,192.15758340227387,sports,3.8070324435433656,0,none,0,RET-007691
2287.241083699548,3,3,0.982126786612594,2,1,91.35418178783952,beauty,8.04729745777337,0,none,0,RET-002909
3396.945563601094,354,4,0.8343846637604694,0,0,110.38885571858172,beauty,27.662272841510436,0,none,0,RET-002599
2164.3017222856743,1094,1,0.8814490269646447,2,0,107.20763538372981,fashion,20.308113127362617,0,none,1,RET-004382
481.00059709100503,519,4,0.7040108601661486,2,1,75.49064665473966,fashion,0.05715500012826725,0,none,1,RET-003252
3506.1529319524225,663,1,0.886277586094174,0,0,230.1199518917405,electronics,29.938191599555942,0,none,1,RET-001629
504.2897167426676,196,4,0.7395887851743667,1,0,73.08869443645666,fashion,24.341163237528306,0,none,1,RET-003639
517.7361892880454,547,1,0.5735962251297729,2,1,144.38585822939493,beauty,12.30640646953294,0,none,1,RET-002461
1209.667370048666,634,2,0.4929220618935953,0,1,109.01783371829019,books,17.6901893295403,0,none,0,RET-001611
1242.5973981974175,82,2,0.8625597740138637,0,1,56.05806661586079,books,22.926847251912474,0,none,1,RET-008326
1841.9189564841042,709,0,0.9811111059279891,1,1,59.40765824808905,books,30.57757382750311,0,none,0,RET-000818
1136.0434860891,74,1,0.818438381412549,0,1,138.7607253055177,books,38.01786500986716,0,none,1,RET-007427
1326.159441115038,1072,3,0.8496985502153632,0,0,166.3056784586447,sports,12.8932854495482,0,none,1,RET-007105
3941.4357862679467,497,1,0.9689694528574602,1,0,337.2545167956551,books,14.480415974964833,0,none,1,RET-008082
1521.3723900400933,194,0,0.8474709833479486,0,0,48.24674562867229,electronics,14.866281760638701,0,none,0,RET-006993
2697.716355795862,313,1,0.8545368495564863,0,1,326.5377126249181,electronics,17.668088386249067,0,none,1,RET-005370
1056.7254211648578,122,1,0.7379033769711213,0,1,251.94707743971838,sports,0.6553632713964431,0,none,0,RET-003446
883.805610081992,527,6,0.8751586675041143,1,1,195.8913189721479,electronics,24.60102268322217,1,substitution,1,RET-009319
811.0026369144795,524,1,0.7772663972932626,0,1,83.79749658590715,beauty,55.89029275688075,0,none,1,RET-001946
1977.22644374627,44,2,0.8505545988404769,0,1,19.918895539212066,books,6.891529757237047,0,none,0,RET-004021
1474.9246799806137,489,5,0.8292657620718319,0,0,128.38284679858947,electronics,44.34582453168812,1,empty_box,1,RET-009795
992.1041711336221,564,1,0.5343001654426643,0,1,126.37056088248424,beauty,9.232711910200006,0,none,1,RET-004499
608.5725173418946,1611,2,0.9270582696579378,1,1,215.59764758594218,beauty,40.09799848582132,0,none,1,RET-000882
336.3195225336453,52,4,0.8838059984038558,0,0,210.2570625547235,beauty,25.725070061059384,0,none,0,RET-003781
2766.649173978598,79,2,0.9502667946732531,0,1,55.38070630694666,sports,8.61904782478327,0,none,1,RET-006126
502.75655666224117,125,1,0.8302926214842608,1,0,27.03468858172314,beauty,6.5041910920324035,0,none,0,RET-003247
2175.3378633706816,318,1,0.8488385832385845,1,1,149.75663381351882,electronics,6.244752718936592,0,none,1,RET-006865
2760.2147777166906,140,2,0.8305139547832583,0,1,204.28690353581754,sports,3.2072006476422903,0,none,0,RET-003323
1497.778866071301,46,3,0.869062965795005,0,1,63.17184086849576,books,9.601327923881772,0,none,0,RET-007926
2222.6673978278277,479,0,0.7294411341950892,0,0,39.205766967191856,books,18.895938415798387,0,none,1,RET-001606
3339.637159317129,444,3,0.7668247124395361,0,1,80.9822765408114,books,3.302959120439157,0,none,1,RET-006095
837.2109763888627,2285,1,0.9755035918742604,0,1,261.1148794852739,beauty,8.958537780094762,0,none,1,RET-004979
3196.732805930653,813,3,0.6281566750005997,0,0,129.62268431811688,books,2.1462217556882854,0,none,1,RET-007487
1411.088232575165,246,0,0.7934729849656201,3,1,157.39523422292456,fashion,1.3383969183053257,0,none,1,RET-005883
8081.558269464717,585,1,0.804095711997038,0,0,201.87536694043482,home,10.066611708363256,0,none,1,RET-004189
6895.777476715539,963,2,0.8225291774851664,2,0,101.44268957289549,sports,21.217274465819727,0,none,1,RET-008379
1987.2702535699698,256,3,0.6712127554882269,0,1,127.23441087488077,sports,12.541919539869868,0,none,1,RET-005886
1747.3632397938295,202,4,0.7486199316875313,0,1,6.667001347610296,home,6.300355294178483,1,wardrobing,1,RET-009445
2158.713769605186,86,5,0.8653798850941397,0,1,75.89240111559516,fashion,15.01531124505114,0,none,1,RET-007810
1325.6978100003016,230,2,0.7373042050720015,0,1,138.99094274973095,books,8.951914625274833,0,none,1,RET-004522
2734.909958479985,254,1,0.7170696705952198,1,1,161.946733167704,beauty,21.56568448281163,0,none,1,RET-000727
1103.5929462304864,603,1,0.9154289813142105,4,1,97.67129626851204,home,31.672439553300073,1,wardrobing,1,RET-009301
425.5005226049823,168,1,0.9201756056729746,1,1,329.4297726290866,beauty,8.130099413988248,0,none,1,RET-006540
1704.8116886834102,64,2,0.8480592400200431,0,0,15.566946685648869,beauty,3.623362891615363,0,none,0,RET-000295
670.6151137341296,1529,2,0.7562636624806134,0,0,104.31729768046827,electronics,1.2789923941434964,0,none,1,RET-008081
846.2226608885999,55,3,0.8174439677179733,0,1,76.76676712660898,electronics,2.314938030299093,0,none,1,RET-002377
3998.6452486708563,57,2,0.893345520442138,1,1,122.90736753817173,electronics,3.6730515476475247,0,none,1,RET-006428
1033.197101839372,190,7,0.7971692363268318,2,1,148.55548893165803,home,2.2165882918306155,0,none,0,RET-002789
318.2369959735136,1464,3,0.8719846673679259,1,0,77.1070469205182,home,13.764240278735137,0,none,1,RET-001922
267.73549204007304,196,1,0.5431366008209655,0,0,50.8932733915389,fashion,3.0428157673463154,0,none,1,RET-003476
6308.335372347782,173,5,0.6334042260564872,2,0,58.67517402760829,home,26.93084858176396,0,none,1,RET-006088
1153.0725537072606,452,4,0.9457200358589813,0,0,99.67085380596453,beauty,7.5482890409520556,0,none,0,RET-003522
1556.443426467702,227,1,0.8115528428197003,2,1,285.3947641132441,home,1.8514365243757556,0,none,1,RET-002116
1487.442296426252,16,2,0.43588205673706676,1,0,167.2951784875953,fashion,23.72815115279655,0,none,1,RET-000930
989.8941218915048,541,4,0.7003752275724974,1,1,93.00624823166191,home,3.909252457582067,0,none,1,RET-006323
6868.79012924819,363,1,0.9079467882860134,1,1,13.500222288662146,beauty,2.90528967550776,1,substitution,1,RET-009285
608.6571419238486,1421,1,0.8556029689024452,3,1,52.57426638332103,books,26.786319850558456,0,none,0,RET-002007
2893.675230112009,256,2,0.6889506056331972,1,0,37.96231763452558,fashion,4.201058278283766,0,none,0,RET-007088
8702.121214073188,707,1,0.6734073597951346,1,1,177.03591023485248,fashion,20.09403155989535,0,none,1,RET-001999
1654.5583460573291,249,2,0.7665120691321995,0,0,62.97449639416788,beauty,10.938019974540982,0,none,1,RET-003036
962.0154229990587,893,2,0.6236467139363528,1,0,158.94908569148006,beauty,15.247800274866542,0,none,1,RET-005829
792.5173823525172,145,4,0.6937018719175556,0,1,155.68326577426822,fashion,3.477127608497302,0,none,1,RET-008744
387.7084517813912,109,2,0.6578688234616806,1,1,48.27473027894349,sports,40.77787155302751,0,none,0,RET-000152
2366.733160297071,1440,3,0.6163022021652712,0,1,235.16358702113203,fashion,28.53196027293035,0,none,1,RET-004980
981.5088116634463,325,2,0.7414987516429088,1,0,154.83631683010728,books,1.2229544914478825,0,none,1,RET-002647
557.1658027760068,702,2,0.6658705405807038,1,1,143.04857955284658,books,8.033481844384315,1,wardrobing,1,RET-009774
2228.5784547270814,61,2,0.7081051451046017,1,0,34.21105060818108,beauty,0.5448145688155117,0,none,1,RET-005191
957.8759247504254,483,2,0.82896853221906,5,1,84.38232374451758,fashion,4.108041912574119,0,none,0,RET-009190
1055.0688984491715,74,1,0.6110487356881756,2,0,78.48959421240691,fashion,3.0993372816297473,0,none,1,RET-000092
3943.0250468128866,11,1,0.8256358229175957,0,1,187.40885585724644,sports,2.0125322202323526,0,none,1,RET-005944
1029.7555912357348,482,1,0.6277030096702565,3,1,118.75461078245328,beauty,9.595678361016308,0,none,0,RET-009181
1398.3753939928217,523,5,0.5362266479146985,2,0,217.93966620866757,home,39.80974506324762,0,none,0,RET-003778
210.46725208483306,409,3,0.7427904278645872,2,0,227.72349151346108,books,28.354893758445943,0,none,1,RET-004577
1125.8321019516795,160,4,0.48589841158901637,0,1,374.768096448019,sports,29.242734792046697,0,none,0,RET-002070
1142.49144705121,542,2,0.7874243219367761,0,1,92.93277347098488,fashion,11.386848656901345,0,none,1,RET-000659
3516.2852185803836,147,2,0.7811057436289818,3,0,386.3677752259283,home,8.08409989118909,0,none,1,RET-003270
1176.1751969434488,172,2,0.8201521930567084,1,1,68.87604903920781,home,18.564345893691165,0,none,1,RET-005866
1627.301386531784,1086,1,0.8825193002785007,0,1,184.76884728692698,home,36.09613307911951,0,none,1,RET-001058
9394.460985084062,49,1,0.8582269175847016,0,0,254.90839887091806,sports,28.40317664792553,0,none,0,RET-001345
1115.555991514287,1233,3,0.8506318376089207,2,0,77.93378448980486,home,11.819016346366027,0,none,1,RET-001494
1272.8338079070015,12,1,0.984205760556074,1,0,171.93008769975037,home,13.069626918347524,0,none,1,RET-005175
1797.4340823250295,710,3,0.5081633427997029,0,0,173.3072877275239,books,14.922181659249906,0,none,0,RET-003124
1666.6150096854465,1240,3,0.7215407642280316,3,1,87.2462588184264,home,2.928365762727238,1,empty_box,0,RET-009894
8596.223714012767,262,0,0.7378419934105651,0,1,167.41091743337014,home,5.542519098289299,0,none,1,RET-004036
522.7610115656863,13,0,0.8433125466422399,1,0,128.37991166661388,beauty,13.33974266259186,0,none,0,RET-007595
2276.126863797676,161,1,0.8128446510250065,1,1,99.45384472003317,beauty,3.3130877964217933,0,none,1,RET-008917
3056.735374547639,91,3,0.7674586662901591,0,1,343.11932967313555,electronics,49.15987364798934,1,wardrobing,0,RET-009464
1258.7580073459067,56,1,0.6708318379498621,0,0,102.88866893619061,sports,32.492592648186935,0,none,1,RET-006269
2383.2701788170907,958,1,0.948430634672992,1,0,162.00073999119135,home,5.6838332044435145,0,none,0,RET-004861
1930.158229956238,163,1,0.6440211288121358,1,0,107.26108049540419,home,2.1314307467763434,0,none,1,RET-006453
1502.8062571915514,71,4,0.8636759784021429,1,0,99.50324610762735,books,5.512718934959894,0,none,1,RET-007312
1165.0621052409588,183,5,0.8235644936928394,1,1,101.209153905471,sports,3.1871136053644884,0,none,1,RET-001852
474.6691914568131,212,0,0.8139989479099897,1,1,86.76617882964494,books,3.4113390228474847,0,none,1,RET-004422
572.9747316761471,233,3,0.7613863453031466,1,1,225.08346602225825,home,27.126085173958025,0,none,1,RET-005346
5371.663514671724,27,0,0.8594734589479646,1,0,214.214488485413,home,7.063987503316793,0,none,1,RET-000589
1241.8094248782854,1445,3,0.8635729892116992,0,0,91.69826488258164,books,21.13281449513515,0,none,0,RET-004070
1845.235451729268,682,3,0.4000532789409137,2,0,183.25323116316108,beauty,48.921822352561044,1,substitution,1,RET-009870
2446.7586367988556,619,0,0.9209555745325193,0,0,172.88134194295168,fashion,31.278619486967482,0,none,0,RET-006556
2646.2617029166386,33,4,0.7510572679271622,0,1,308.90085624024,beauty,38.16190764498019,0,none,0,RET-007047
1450.6464846687115,93,2,0.9665161006356477,0,0,162.42199738370408,beauty,10.885955261841923,0,none,0,RET-004948
2129.615697793368,593,4,0.8642797742279377,0,0,277.46922342246006,books,4.961389168785449,0,none,1,RET-008315
3779.0185322551392,145,1,0.9658524096226662,1,1,119.91900268641862,fashion,1.805758596918046,0,none,0,RET-007794
1297.6097250341907,108,1,0.9342400136932024,5,0,350.7173872151397,electronics,5.613737028169934,0,none,1,RET-001383
1904.498178923251,15,3,0.7387035534028168,1,0,120.89996172041764,home,31.76894037306891,0,none,1,RET-005338
664.8619683194786,483,4,0.796680320011692,1,1,73.6972942532177,home,56.559397132762186,0,none,1,RET-005207
2074.916544703834,913,2,0.7251582683442671,0,1,186.9803120601228,beauty,37.20886460871646,0,none,1,RET-008812
1198.8617930562891,292,0,0.7237465647170205,0,0,485.09769589616883,books,3.585674558956514,0,none,1,RET-003636
1070.5372054306147,52,1,0.9927719076035728,0,1,152.5748797173447,beauty,9.59153895603179,0,none,1,RET-007611
3173.666557799251,44,2,0.9474076594169675,1,0,149.0666132786806,electronics,31.03045245252362,0,none,1,RET-006144
871.4897857140462,288,4,0.7817086384935726,1,1,351.7221522109568,home,35.33617123447576,0,none,1,RET-002894
7186.16456568519,120,3,0.7206619146133036,0,1,106.29954860294117,books,31.939766727985916,0,none,1,RET-005887
2329.356028117666,406,4,0.9501001642152853,0,1,200.27211602777007,sports,3.74008961744453,0,none,0,RET-006310
754.0176556880513,116,1,0.9561122675538352,4,0,98.04740142413763,electronics,33.748034442157085,0,none,1,RET-000206
1730.3572663537784,531,0,0.7423681911803371,0,0,157.0155135780226,beauty,19.050837010709934,0,none,0,RET-002090
2305.6111383293382,897,2,0.9513638097110991,1,1,273.0098660325428,fashion,10.426266058795056,0,none,1,RET-004212
660.8730099399559,43,1,0.742551633123168,0,1,120.41434769352055,books,0.20102521774183157,0,none,0,RET-004507
2887.948291137911,200,5,0.9262771340917875,2,1,83.20106452800775,beauty,1.542580616416307,0,none,1,RET-002702
771.6800009419995,424,1,0.8767634095101543,1,1,165.4004581852469,fashion,2.270491966984895,0,none,1,RET-005327
2688.8806416151165,563,1,0.9898058297271453,0,1,54.92602436280695,beauty,45.722262737151475,0,none,1,RET-008022
486.6044892319111,656,0,0.933988889972395,1,0,247.10607713398335,books,32.81565906523081,0,none,1,RET-001442
7045.266045409275,838,2,0.8103577353018141,1,1,135.62421388021724,fashion,7.232504964349321,0,none,1,RET-004227
2375.5929622880885,55,1,0.8944439915383317,0,0,210.4120042467346,beauty,7.374119980320779,0,none,1,RET-005928
4772.579975245834,389,2,0.9726200043925216,3,0,93.36460646180612,electronics,12.82701916676653,0,none,0,RET-000126
1592.4595992557468,8,1,0.7570605794540932,1,0,68.55943627557232,electronics,2.3654500404152654,0,none,0,RET-004514
3143.542288435596,721,3,0.7311517790536701,2,1,23.252008842710502,electronics,6.482648838023758,0,none,1,RET-006893
3808.464663831315,1042,0,0.9463952418786293,1,1,217.4751959464011,beauty,36.53949556648133,0,none,1,RET-007074
3063.543960331525,373,3,0.8666782035556655,0,1,177.80963879598315,home,4.999948410381971,0,none,1,RET-003238
1114.8126057962147,794,2,0.8611769919545128,1,0,296.5051273940053,electronics,17.446755796108754,0,none,1,RET-006157
4941.453875654414,73,0,0.8689745938033838,0,1,277.96357381892693,electronics,44.54544381136847,0,none,1,RET-007734
500.3704995404184,312,0,0.856641918142507,1,1,137.1765332160063,beauty,7.950830770656955,0,none,0,RET-001106
1782.4231868940756,394,4,0.7338916872615724,0,0,110.59113799901523,fashion,0.7101294425145365,0,none,1,RET-000043
923.8810344420789,160,5,0.884652364136977,1,0,242.975439080599,books,11.34206313498874,0,none,1,RET-005436
4145.065244422302,786,1,0.6212247239522539,0,0,191.68135150378038,electronics,4.639056852714544,0,none,1,RET-006149
1463.8741818357785,90,2,0.7375314754460309,2,1,187.62565292186088,beauty,4.189076027646976,1,empty_box,1,RET-009324
1624.0042640060644,49,1,0.9813998490337186,0,1,60.18724747348409,home,17.106621042710227,0,none,0,RET-008055
7103.818111188721,595,1,0.9170503362696161,1,1,219.34191054568024,sports,9.11370134654415,0,none,1,RET-001195
937.1474414318147,28,3,0.9675958722881676,1,1,52.44620239130756,electronics,7.39299851357293,0,none,0,RET-000923
3951.936683852073,322,2,0.6986918150782215,2,0,208.01299898342975,sports,19.279265908795324,0,none,1,RET-007080
2785.1595494677035,442,3,0.7787640873598799,0,1,60.000239176610805,beauty,6.05427091361487,0,none,1,RET-003926
1137.9477414818352,77,3,0.9934578536164924,0,0,222.00147172384385,home,64.39466749162331,0,none,1,RET-008933
2433.975117221795,332,2,0.8570476669951413,1,1,64.13807802066944,sports,29.822938162032823,0,none,1,RET-002351
2703.3349550961093,622,2,0.5251948451877457,3,0,125.70052170476917,home,28.095092450536825,0,none,1,RET-006521
1304.2202886596415,99,4,0.8378320306790626,1,0,169.8673338310867,sports,17.80175176794368,0,none,1,RET-006049
590.32460735872,382,3,0.7829283801091841,0,0,309.0664376354294,sports,1.5741116854589858,0,none,1,RET-003856
960.3346791198104,487,1,0.819224450925025,2,1,149.16295592495408,sports,1.3125968581104686,0,none,1,RET-007936
1293.939039488298,42,2,0.7711919963916251,1,1,274.6964917773474,books,34.416511959774354,0,none,0,RET-008374
1021.7215821102486,6,5,0.8814816835867432,1,0,61.56630099467766,books,22.046770588761877,0,none,0,RET-003613
948.7822188751167,5,2,0.7340935960978232,0,0,221.74705189765982,electronics,5.424160414772804,0,none,1,RET-008602
2658.322903307929,709,4,0.903575274848221,2,1,216.5199433179928,home,8.499946536530118,0,none,1,RET-002843
4157.682730482841,982,2,0.7307794688960344,2,0,85.26180872951252,home,6.083945479450594,0,none,0,RET-007026
13765.679531501059,514,2,0.7539873567381971,1,0,103.23333513636967,fashion,6.314380717952328,1,substitution,1,RET-009467
5235.789925938361,190,2,0.6999572969336171,0,1,46.694731476217434,home,1.9366781822431571,0,none,1,RET-000176
2207.146215120039,122,1,0.6125928933369282,1,0,174.6205460299619,sports,2.5088248889560107,0,none,0,RET-008644
2714.774005161014,221,1,0.8819838901018836,0,0,157.06850725068108,home,12.621900185313212,0,none,1,RET-004824
6351.948696313052,508,3,0.6536959596329284,0,1,45.348870505513155,books,30.200544357399874,0,none,1,RET-000324
2914.3118397381722,391,2,0.9425551786422204,0,1,220.39946125695752,fashion,5.277510523400625,0,none,0,RET-007200
688.5105420674416,251,0,0.7841160486240678,1,1,125.16352222819447,books,1.1078592557563691,0,none,1,RET-002643
2162.321112094473,696,2,0.7594682301679719,1,1,115.20368604657389,books,12.15576729382565,0,none,1,RET-005472
2648.4647189299135,495,2,0.6512660152368797,1,0,45.66383371777841,books,16.05999412876587,0,none,0,RET-008114
1702.5041261720444,127,1,0.886010193874078,0,0,58.69101807178427,fashion,14.917254049700293,0,none,0,RET-004814
1008.357525620603,693,2,0.8459142545062571,1,1,69.42837045674058,sports,4.0471343363162635,0,none,0,RET-008755
591.925114603394,290,1,0.823615803356651,0,0,80.27622047430509,electronics,8.332248652809543,0,none,0,RET-008863
852.2808200822176,101,3,0.7635033622528352,2,1,132.19927381762486,beauty,30.96649150774286,0,none,1,RET-008759
2916.9640094888864,184,4,0.7194642981061419,2,1,191.78553370825182,books,14.534409961213616,0,none,0,RET-004435
240.196633922569,466,1,0.7697933977634629,1,0,104.9949162405374,home,11.848221124664857,0,none,1,RET-005950
2122.2960465693523,147,3,0.8101005272811059,0,0,15.038946142236053,sports,9.577993359977684,0,none,1,RET-001120
6095.259766516323,614,6,0.5727357134401624,2,0,181.64997302050125,books,9.46291062661094,0,none,1,RET-005785
933.2584444746318,388,4,0.7890156102130079,0,0,339.611497648421,beauty,35.35768322001752,0,none,0,RET-001227
1764.3226637595656,174,3,0.9824202885627698,0,1,108.39960583117436,home,5.706617070615686,0,none,1,RET-003971
1955.3951636654892,259,2,0.9185468367479156,0,1,442.3679859594698,sports,0.7677266092433658,0,none,1,RET-003655
1075.1591272631806,860,3,0.8647627021860534,1,0,106.26402466457492,electronics,65.8822061532224,0,none,1,RET-003279
304.34959362185697,288,2,0.8309116845473287,0,0,128.03651586274722,home,1.113559535478004,0,none,1,RET-005221
2404.2280760204226,33,1,0.8184735651976268,1,1,151.30827859235526,electronics,34.92480706493398,0,none,1,RET-007371
2441.754983241496,48,2,0.8804780806827915,0,1,77.13225160927594,home,5.017196586500332,0,none,1,RET-000078
1845.5072037262255,175,2,0.7384523810920919,1,1,89.61679415565666,home,4.32443922332067,0,none,1,RET-004987
1802.3884920835021,118,1,0.6713957787106928,2,1,147.99856381263032,home,87.2479999580731,1,wardrobing,0,RET-009235
14066.59283454132,739,2,0.9602136287288078,2,0,109.3715401889114,sports,9.56243063380295,0,none,0,RET-003424
1598.2203515833764,124,2,0.6406044366738609,3,1,126.50272172625002,home,38.06980389776927,0,none,0,RET-009150
274.1974561981479,212,1,0.8610488585099594,1,1,237.00723348385742,sports,2.236436398942513,0,none,0,RET-001820
1447.530144977146,868,0,0.9153792081587266,0,1,120.62187892631353,beauty,4.111128885923643,0,none,1,RET-000879
776.213535995901,284,2,0.5172071055142913,0,0,166.11372066267057,home,13.058881011294151,0,none,1,RET-008313
2084.401658271439,376,1,0.6805559839612016,2,1,141.09619074457794,home,18.177675435902206,0,none,1,RET-001341
2032.7133430946324,821,0,0.849524915968318,2,0,238.30216870526863,beauty,25.431443234662886,0,none,1,RET-002879
1466.9890625117891,733,1,0.6754337860461326,0,0,97.62931648353211,electronics,14.107653307810642,0,none,1,RET-005842
643.3763742054726,346,4,0.85578896786921,0,1,10.308542326651029,electronics,13.442917836146469,0,none,1,RET-000975
348.4413171664286,921,0,0.8367232738599348,0,0,83.5256487873593,beauty,8.828964861461994,0,none,1,RET-005952
1039.0079531814129,239,1,0.6684839650450259,0,1,107.51310606083263,electronics,8.542811174692464,0,none,1,RET-004325
3063.3035565377068,25,4,0.7184977934418735,1,0,157.59178338132958,electronics,22.423348586815127,0,none,0,RET-007143
3446.4792056015326,157,1,0.7895770419473069,2,1,194.64860926249648,sports,25.48045492072333,0,none,0,RET-002933
2123.845221381905,499,1,0.8683829941145239,0,0,291.79944415860206,home,39.82557137034088,0,none,1,RET-006498
392.01750694152844,82,2,0.8878263026197236,3,1,229.8077263818759,sports,17.6628815917286,0,none,1,RET-006156
688.2043534135738,409,2,0.8545221994938533,1,1,76.75365722803616,beauty,2.1005828368148043,0,none,1,RET-006401
583.6416122073391,106,1,0.720192976218891,1,1,138.91733406686603,fashion,6.454595161848139,0,none,1,RET-008832
1065.0304231078662,152,0,0.8473536458245444,1,0,117.41773324674003,fashion,3.218356741084993,0,none,1,RET-008169
4610.180707423423,272,4,0.8019433921580715,1,0,157.60833934479973,home,10.863183375228388,0,none,0,RET-004144
3417.499674689741,15,0,0.6261998969800061,0,0,244.44149097183603,sports,45.39779111064741,0,none,0,RET-006923
4680.967352427416,30,1,0.7748427791442892,0,1,109.54076150955405,books,7.368056298903981,0,none,1,RET-005844
818.5869900456632,95,2,0.8964213141024941,3,1,201.22557984723724,books,6.833982166077239,0,none,1,RET-008391
4363.709035850222,214,3,0.6770990183616807,2,0,18.125229424552305,beauty,1.591325464356762,0,none,1,RET-008937
625.0370409887018,1403,1,0.6198040449696136,1,0,31.09682787563991,beauty,13.997564755701024,0,none,1,RET-004445
3830.229248866415,217,3,0.9355882537619372,0,0,88.04729476193422,home,8.12288988862787,0,none,1,RET-006345
392.3246535534285,1324,0,0.6649188404709234,0,1,32.76993709971085,fashion,5.83548671351565,0,none,0,RET-002392
491.83705646124065,1194,1,0.7142260517320499,1,1,113.51612177229009,electronics,46.886415519946226,0,none,0,RET-001054
1268.829243956551,137,4,0.5501355287893507,0,1,35.536115310614235,beauty,18.301642469595517,0,none,1,RET-007575
337.96096177434816,686,3,0.8607862857937483,0,1,87.91857247589023,electronics,4.7167329591937275,0,none,1,RET-002268
492.3890367417357,37,2,0.405095764662551,1,1,115.73860183573717,beauty,30.872811382225752,0,none,1,RET-001554
1784.5340924942468,131,0,0.8844910828175979,1,0,185.36108038766736,home,2.9930456982295643,1,empty_box,0,RET-009699
1802.1899576577534,708,1,0.7457820694844504,1,0,277.269911188558,fashion,8.189874786413268,0,none,1,RET-004313
2621.5399364762175,535,1,0.886529362762874,0,1,27.30809256783946,fashion,48.145988337515675,0,none,0,RET-000584
2343.693602798863,191,1,0.7061758378962366,1,1,144.5227567933054,electronics,0.7542420466044639,0,none,1,RET-005912
4281.886257308199,123,1,0.9252651658915971,2,0,32.747875013553475,fashion,30.53715482348287,0,none,1,RET-000417
1016.4869559043069,541,1,0.7839823137271009,0,1,91.84966276799838,fashion,9.915077260754861,0,none,1,RET-002747
9190.202194344236,525,3,0.954418722319622,1,1,35.892043153994926,books,24.79288687653165,1,wardrobing,1,RET-009962
1165.2153709106474,204,4,0.8566731225808191,1,0,126.01561753730444,electronics,6.108542754355412,0,none,1,RET-006846
716.8171881816539,36,2,0.9110500134394148,1,1,52.678703178877406,sports,3.4021279748019744,0,none,1,RET-004721
423.7043419019649,99,1,0.8832863988761915,0,1,57.585987906001094,home,11.134557931509976,0,none,1,RET-003970
457.69654783410715,990,2,0.7237666561491686,1,1,39.952768116833056,books,13.56757484407651,0,none,0,RET-004891
1053.3931899935005,1173,2,0.9253034037726091,0,1,371.8011675399996,beauty,7.934318712735127,0,none,1,RET-007044
1180.0657792510299,357,1,0.7630196246773446,0,1,60.97380200968344,fashion,0.35906350041673707,0,none,0,RET-004386
1637.0790146675317,4,4,0.7370414660365366,1,0,256.0250232054301,electronics,8.178914024286431,0,none,1,RET-004965
3581.711436905715,6,2,0.9383071191295217,1,1,271.3360466061625,electronics,1.771584627776864,0,none,1,RET-003203
600.3011436792042,60,1,0.8864309460903463,1,0,138.1648185552881,home,1.9300765005895284,0,none,1,RET-007211
1010.795356455445,576,2,0.939531463051637,0,1,158.9015471370325,books,1.6689750902183664,0,none,1,RET-003790
5973.854368548059,409,1,0.9414692597478426,0,1,125.30634814052566,home,29.672608253279545,0,none,0,RET-000312
943.4278940763949,11,3,0.8243583526310048,0,1,150.79428506868314,sports,20.096244796378176,0,none,1,RET-006260
1206.420079248694,221,8,0.9332968261829728,0,0,181.00333381818118,fashion,43.42968706100897,1,substitution,1,RET-009475
7573.379888972775,413,1,0.8254034606934321,0,0,57.56652425310218,home,10.131582846602262,0,none,0,RET-007996
6380.281371774909,363,1,0.7980563265831223,3,0,106.92708337176369,sports,34.64899826304665,0,none,1,RET-003094
622.5565964328841,258,0,0.9255538323810572,2,0,45.36824721099683,beauty,13.511422010398737,0,none,1,RET-004271
432.7004298737511,476,5,0.9100191230058473,0,0,70.24079911065184,sports,26.847404742002784,0,none,1,RET-005781
4473.903236821893,143,0,0.7737541346739363,0,1,127.91817780663142,sports,11.773889878544404,0,none,0,RET-006948
1945.6525649749271,25,1,0.9855014187271708,1,1,68.97957206269658,beauty,23.947332629364908,0,none,1,RET-005819
759.8517082696917,3,2,0.7260995587462382,0,1,112.76212741749008,beauty,5.962314340967241,0,none,1,RET-004893
457.7685942433394,46,0,0.7411183813063863,0,1,140.3807215978515,home,4.207356376668209,0,none,1,RET-000243
250.74101485055945,454,0,0.7291978062243756,1,0,46.319856658336626,beauty,20.0050943304465,0,none,1,RET-002326
4595.033933612264,109,1,0.9005485531715538,0,1,57.82175892867033,sports,2.4037309136807092,0,none,0,RET-004073
1018.0241800574039,136,3,0.9486199674258797,1,0,65.19079755652004,books,12.655163064782865,0,none,1,RET-002087
963.1844831990575,110,0,0.6492326188639658,1,1,32.17329189727452,beauty,5.27562013394692,0,none,1,RET-002877
1596.5641527127677,220,2,0.699003807325419,2,0,85.12830030173872,sports,8.828844024650218,0,none,0,RET-007019
1348.8943994281462,30,2,0.9317046576076459,0,0,71.64093740193842,sports,27.68391374313079,0,none,1,RET-004148
832.5363996902555,320,4,0.7700005911283915,1,1,83.79195582371779,beauty,29.350020496718216,0,none,1,RET-007257
500.05601355054193,499,1,0.5970400429637471,0,1,112.4236616403476,beauty,58.89177792150154,0,none,1,RET-004022
1823.8919429591147,219,4,0.7750911522631788,0,1,173.6316628775994,fashion,13.916505388480779,1,substitution,1,RET-009583
416.34627270075146,168,3,0.5506030054299493,0,1,205.9160295482613,beauty,15.484545095298008,0,none,1,RET-003523
3541.7548120068354,53,2,0.7126089479386702,0,0,191.7232596490801,beauty,8.349301992114999,0,none,1,RET-003774
2708.638585797597,369,3,0.8944719796624692,1,1,204.1006862687949,fashion,2.9245962206695433,0,none,0,RET-003931
561.2867866227818,89,4,0.926316737879626,2,0,146.2484810207593,books,57.07062517660838,0,none,1,RET-005539
2614.9003372809248,810,0,0.7032018259362397,1,1,352.02691440808746,sports,5.450926113577474,0,none,1,RET-000064
1484.6944620971874,191,1,0.8720847624206124,1,0,76.38350308534615,books,1.0367006954255056,0,none,1,RET-005975
1038.9634657343663,97,1,0.5678545349808057,1,1,227.12052671265056,beauty,8.738402981975897,0,none,1,RET-005792
1214.2161920079984,1041,3,0.6032151646408782,0,1,459.94718538045004,books,12.053850320287399,1,wardrobing,1,RET-009508
1222.0759324541882,763,0,0.39468020512278384,0,1,211.9469841499966,beauty,7.006345676101106,0,none,0,RET-002674
358.2633637781515,11,3,0.7093525078756987,0,0,338.01066551024934,sports,28.50318238409337,0,none,1,RET-002678
431.24264983260565,12,4,0.9927923666289314,0,1,267.8912000188949,fashion,3.6091136666137245,0,none,1,RET-007961
4143.983503706724,1629,1,0.8829009363509497,0,1,90.24646788341616,sports,37.55612773621756,0,none,1,RET-007346
1924.4517230748222,915,3,0.5190512554630725,0,1,241.67429696232787,fashion,5.085236795439033,0,none,0,RET-000299
2265.8460475639868,64,1,0.735203071019335,0,0,72.63302595429792,beauty,6.313006645322646,0,none,1,RET-001615
1902.5303889900233,464,0,0.7197733459091523,1,1,191.3144342079646,home,30.08880952695035,1,substitution,1,RET-009723
1991.7931252227459,291,4,0.823759644491666,1,0,119.40593792550574,home,2.499275287390118,0,none,0,RET-005541
349.11448280970234,276,6,0.5810494846411117,2,0,185.27306640633975,beauty,1.19471186375478,0,none,1,RET-007055
514.6990728437722,873,0,0.8179257525514728,1,1,58.94698406224774,sports,10.00890335458607,0,none,0,RET-009116
1183.6183977475505,309,1,0.893938365713678,2,1,116.51911681401029,fashion,54.71785099630628,1,substitution,1,RET-009415
594.5895078612533,1875,1,0.8034961817637173,2,1,90.88819376717963,electronics,18.45410795481943,0,none,0,RET-000728
1613.4807092770568,210,2,0.8514009303932376,0,1,16.63711923335635,beauty,51.86317359962178,0,none,1,RET-006507
660.8851241552172,831,2,0.8511591741624562,0,0,134.82110981031022,home,0.30370845360366155,0,none,1,RET-006598
2620.9470445908833,358,3,0.7965077518608621,1,1,88.12832727746058,home,1.754322448946909,0,none,1,RET-003861
2071.81718348861,138,2,0.8404279227359132,1,1,183.24159630067825,home,1.125050838421229,0,none,1,RET-001202
434.28808200610496,583,0,0.7254474155165761,0,1,224.6786212323312,fashion,44.847241939436074,0,none,1,RET-002382
3415.4062746548702,85,1,0.8650504868015528,0,0,39.25508434493481,home,38.31385452243494,0,none,1,RET-004326
4914.08788621116,471,3,0.8842472144001289,2,1,97.96548332425,beauty,3.910575049827489,0,none,0,RET-006709
1702.9537697053238,514,0,0.822629225488582,0,1,116.72671375497154,beauty,4.979490888351237,0,none,1,RET-009108
966.9025555888345,376,0,0.9092963860333582,0,0,143.85233238606833,fashion,13.805196532570056,0,none,1,RET-006317
649.5747539455563,408,0,0.9016100005757933,0,1,88.00359567405215,beauty,1.887029607799199,0,none,1,RET-005453
408.89211798061217,102,6,0.9396552065740904,1,0,417.60317616089554,sports,0.2846956346336891,0,none,1,RET-002594
4209.201786169284,130,1,0.6668263136072576,0,0,129.9423882303507,books,10.854141023241294,0,none,1,RET-007716
1741.5541468401186,3,3,0.9807830585103002,0,0,118.38491192530283,books,27.225288058724672,0,none,1,RET-005998
3311.3537811997167,1152,0,0.852033575656391,1,1,180.41685446695627,fashion,9.163539484565417,0,none,0,RET-005428
3244.9597940996478,175,0,0.6529129602115415,1,1,254.25449164358344,electronics,7.802374102390611,0,none,1,RET-004255
1122.226957560103,177,0,0.9044695066744202,1,1,211.46561222393166,fashion,11.984471689127014,0,none,1,RET-006307
405.3466163435474,484,0,0.7113765472111255,1,0,56.83727820258768,sports,29.055509848732346,0,none,1,RET-002752
975.953134062291,25,4,0.8784078793786056,0,1,135.29095939287106,fashion,0.854597070842232,0,none,1,RET-006060
4659.072184627261,343,4,0.9866808284436677,0,1,285.0490857978178,beauty,1.7376197703835166,0,none,0,RET-000481
2005.1526657175414,669,1,0.9192749071847692,1,0,25.523805375923914,books,0.22968447076455836,0,none,1,RET-005285
3279.611910798892,189,5,0.8220089940394844,2,0,48.65087960228834,beauty,31.60655624393742,0,none,0,RET-002585
3345.0434251758384,1263,1,0.8144446075753254,0,1,70.93222209265895,electronics,68.30731374972359,0,none,1,RET-001148
1441.3914466080296,579,2,0.6108797567343835,3,0,58.87915934860209,fashion,31.235841800331432,0,none,1,RET-001936
3139.8323717256317,413,2,0.8184197024775332,2,0,319.7495346774274,fashion,14.349957007009547,0,none,1,RET-007581
1420.8951091323538,281,1,0.9186634874894968,0,0,156.95138850401023,beauty,15.619101806438877,0,none,1,RET-000780
1493.3636144456757,264,3,0.8016263627355299,1,1,223.37802918415105,electronics,30.387198358489652,0,none,1,RET-002516
2338.2530750308897,12,0,0.8695598017874977,2,0,73.39321698812618,home,2.0450903487389196,0,none,0,RET-007046
1076.8309153258826,398,1,0.8376042099963165,0,1,55.56495239208494,books,35.44882689023201,0,none,1,RET-003144
1737.1554342933402,345,3,0.8221437281530348,2,0,150.0106213666069,books,9.825861694632886,0,none,1,RET-004770
1161.46649634337,788,2,0.7683426853881651,1,0,82.33462457833097,fashion,33.499274521413575,0,none,1,RET-003471
1399.3658691575924,507,2,0.7231334715570154,1,1,185.6684210761964,electronics,6.506706817116853,0,none,1,RET-006390
864.0435613981805,407,2,0.9161294408081408,0,1,134.3448227659021,books,0.22020218091893143,0,none,1,RET-003738
3336.0068829420206,80,2,0.8198517809948308,3,1,108.7012176718889,home,3.3664751195188645,0,none,1,RET-007192
742.7905563019447,1138,4,0.4731995454466728,0,1,286.9108532554148,books,2.5220598402850616,0,none,1,RET-002699
1183.963828389594,113,1,0.9494150421696096,0,0,74.4058251760892,electronics,15.495830024583952,0,none,0,RET-003377
2698.196439776406,1282,5,0.7329825272562317,0,0,325.8202929037666,beauty,3.5688342366828736,0,none,0,RET-003769
1680.1487829812252,325,0,0.9746587776190088,2,0,35.37149173368535,fashion,5.758339900103732,0,none,1,RET-007513
4580.633281375594,298,3,0.7131598068684721,4,1,127.36187560749066,sports,17.12925936880826,1,empty_box,1,RET-009968
1296.3036093101468,705,5,0.685890827336148,2,1,46.3781953516773,fashion,18.169055944752174,0,none,0,RET-007622
802.3715485306108,83,1,0.8739532521372231,0,0,159.73367624173628,home,20.1976043749871,0,none,0,RET-000563
4134.0366204456905,35,2,0.8274371962538757,0,0,123.54980859977456,fashion,2.751031427642085,0,none,1,RET-008985
2716.882744937893,184,1,0.8498564839433355,0,0,156.7442397672741,sports,47.11482026845975,0,none,1,RET-007879
1515.954565440406,412,1,0.9641360806603417,2,0,27.340240300455893,beauty,4.447062799109743,0,none,0,RET-006772
471.98521107146684,331,1,0.6454128227473311,1,0,265.1700900231609,sports,23.700178457731564,0,none,0,RET-002663
1962.491263154722,21,6,0.7902662810120679,1,0,189.7763784159547,books,77.50383292542385,0,none,1,RET-004360
2976.7212685000336,549,1,0.3692977728251141,3,1,59.4412231235929,home,0.10429967486823667,1,empty_box,0,RET-009899
2055.8430950930224,331,1,0.6099638247047708,1,0,45.50809517975117,home,24.25332703034974,0,none,0,RET-007069
20268.452613326233,134,1,0.667917712418567,0,1,84.64084217276216,beauty,24.102900279061558,0,none,1,RET-004222
3704.841231664463,65,4,0.722450263246628,1,1,64.44089110552456,sports,3.5368020320042937,0,none,1,RET-007329
3055.835566473328,113,3,0.8209804383638785,1,0,116.43508162740153,sports,5.032738721338043,0,none,1,RET-008224
384.68649673144364,117,2,0.7101989762076945,2,1,27.115871317167684,sports,12.248386940108016,0,none,1,RET-009009
3521.1620145182887,833,1,0.7682973754688299,2,0,328.0747515410449,electronics,7.035897039113424,0,none,1,RET-009144
573.6548067066147,51,4,0.8774054694852392,0,0,61.75337963542253,fashion,7.247356000413052,0,none,1,RET-004093
1405.2401069943992,192,0,0.8250561682379017,0,1,312.533804895636,home,5.109501895869526,0,none,1,RET-003764
2438.018897357616,15,3,0.6040893084615404,1,1,95.04658233109265,fashion,4.04551496204431,0,none,1,RET-006693
5457.993089401767,213,4,0.8790498507055639,2,0,130.48805542349385,books,5.439718568539491,0,none,1,RET-008070
1372.176099545825,35,2,0.7904558810581483,0,0,72.70557498045382,beauty,47.353618910417914,0,none,1,RET-006777
3008.966852120334,385,1,0.837953462317316,0,0,257.49490745872475,electronics,12.734003326673907,0,none,1,RET-005478
4149.550937151744,809,2,0.9121286261945465,2,0,401.1069996805983,home,43.676471911164136,0,none,1,RET-001135
531.7254229806925,49,2,0.9322613915235587,3,0,91.06852088837411,electronics,4.598658272793315,0,none,1,RET-000768
2900.336206516386,394,2,0.838985501868771,0,1,119.32281700126862,electronics,5.004181463130288,0,none,0,RET-008285
879.7727520893666,345,3,0.6207273347414292,2,1,77.22134902878227,home,3.1196141999890856,0,none,0,RET-004825
1558.7731982939185,418,1,0.8447679132350062,1,1,250.1200069033316,home,1.7049490097792792,0,none,1,RET-007330
2772.3723622782227,561,1,0.5440355473763654,1,1,270.3409213084291,fashion,4.29777167355683,1,empty_box,1,RET-009958
973.1114968762614,34,2,0.949630517553654,1,0,193.23749877306656,home,7.209313496953266,0,none,0,RET-007204
1170.172534168447,319,2,0.8512385197662526,1,1,53.78302447201925,beauty,8.181143953745542,0,none,1,RET-007418
778.6782796290146,282,5,0.7207706382291922,2,0,23.151760458376838,electronics,2.911633623179255,1,substitution,1,RET-009822
918.6476710642855,408,0,0.8307350190065022,1,1,37.784296987823204,electronics,11.004657493181782,0,none,1,RET-004363
5621.254220496222,282,3,0.9140113698596847,1,0,28.264132999557635,sports,9.33516092122406,0,none,1,RET-000652
510.8557098075199,422,1,0.7810917131083601,0,0,44.81781514886878,beauty,16.07648183135927,0,none,1,RET-005441
1244.6944993696022,498,2,0.7426820346803312,0,1,130.62873788743207,beauty,10.381579675632025,0,none,1,RET-005895
2542.1948082862523,33,5,0.8725062723862351,0,1,113.41397682087751,books,2.6512176834352985,0,none,1,RET-002822
4856.751491174945,175,2,0.7308857375265018,0,1,132.4042514743848,home,33.2960907407913,0,none,1,RET-006220
1965.6596426916942,543,2,0.6952748146693828,3,0,83.37774365866552,books,22.05338185579949,0,none,1,RET-004947
3616.6596309142956,1033,3,0.9553524734998254,0,1,181.0749414724474,sports,9.619174641446792,0,none,0,RET-007584
826.4244553254626,1725,2,0.8978675280958499,2,1,106.6774276442972,electronics,14.370842707586823,0,none,0,RET-007933
6893.656743714207,593,3,0.7601209455689488,2,0,115.45189575248304,fashion,21.978300649301275,0,none,1,RET-001723
665.7123824538911,448,0,0.8730240823571808,4,1,210.51246182016442,beauty,4.472451244628616,0,none,1,RET-008241
431.5625256283928,478,0,0.6348635038988002,0,0,96.07328034606685,fashion,15.693086664403793,0,none,0,RET-002820
1283.2387385611742,268,1,0.559191059765214,0,0,114.70778786552746,books,34.299195129989535,0,none,1,RET-003706
1430.725737368714,186,2,0.8909877458092991,2,1,254.81355144192514,sports,4.875197003093727,0,none,1,RET-001612
4126.013993519491,111,1,0.44852414686335607,3,0,40.121224912518436,fashion,29.139389111072017,0,none,1,RET-004293
2461.8654895184695,275,0,0.9867707647619347,1,1,185.80405890411805,beauty,41.250087162633335,0,none,1,RET-003502
1338.105911565501,2236,1,0.8302510782912683,1,1,99.33085345809481,fashion,16.27224891367295,0,none,0,RET-006229
768.3127347623492,193,2,0.9312537387758927,0,1,277.5586402580585,books,13.361005213781208,0,none,0,RET-001738
2943.9776037334555,64,2,0.8655755997755892,1,1,77.6856735240142,books,21.846590149158754,0,none,0,RET-007641
2174.594147204797,1585,4,0.9104694406876788,3,0,137.82542015286873,electronics,7.0264280065105815,0,none,1,RET-000088
730.8499451604482,30,2,0.7022998972509638,1,0,61.24485212926911,electronics,68.8432928988183,1,substitution,1,RET-009532
1771.2335779824987,13,3,0.863130130375002,1,1,67.78341239484483,beauty,13.511115424951475,0,none,1,RET-002921
2121.7925200577315,23,1,0.6756334581529948,1,1,173.77673204273725,fashion,21.458189672721076,0,none,0,RET-001673
3705.158823378459,144,5,0.7409937188823627,1,0,219.21091090189248,fashion,3.307443646222128,0,none,1,RET-006358
441.35972085075974,1726,3,0.7881614937044491,1,1,128.6258027666173,beauty,5.26803937378099,1,wardrobing,1,RET-009969
959.5009253147001,199,2,0.9116315892694109,0,1,94.26336386851557,electronics,26.83435946837402,0,none,0,RET-002529
840.3023011906276,665,1,0.8273169531435822,2,1,472.28970091633437,books,15.373035766872656,0,none,1,RET-005118
363.07977429454945,128,2,0.46401451298054497,1,1,351.58545849158384,home,15.428175508639875,0,none,0,RET-000298
2564.596249714883,2,1,0.6645974124532387,2,1,324.0569900556443,sports,19.75728813212122,1,empty_box,1,RET-009848
853.4629861983092,200,3,0.8341481002027431,0,0,107.53094112410177,books,16.752137297061132,0,none,1,RET-000517
959.813803117839,185,4,0.8653591220480773,1,1,97.26097065228673,sports,2.126837560584379,0,none,0,RET-005232
776.638152308859,422,0,0.8549240579930151,0,0,115.33639919614708,beauty,15.46103989843607,0,none,0,RET-001988
1527.5958716178118,238,1,0.7160417809324063,0,1,69.1781273380941,home,0.6170772968138226,0,none,0,RET-003173
7322.9805262332375,278,3,0.7006238396599926,1,1,174.51828851844942,books,0.8169795143338112,0,none,1,RET-006120
553.9795802262076,183,1,0.931193590148684,0,1,52.27893283555885,sports,11.748174450992611,0,none,0,RET-007864
904.076840549705,441,5,0.768201193970299,3,1,55.968461866896725,sports,6.130442426529874,0,none,1,RET-006819
815.5331110174466,54,2,0.7154342744588598,0,1,152.3928923826823,beauty,1.7443050385390826,0,none,1,RET-007438
4830.103372409863,467,0,0.7537319271136188,1,0,290.3893193933872,electronics,3.9787969420019653,0,none,1,RET-001838
2804.920126282679,679,0,0.9502339424984477,1,0,67.76020606153944,sports,2.25320045326833,0,none,1,RET-004677
2460.935679893436,6,2,0.6143965380225763,0,0,65.86898854275339,electronics,21.074016553414253,0,none,0,RET-000761
679.9190407813019,85,5,0.9216157651961824,0,1,135.1122098215332,home,3.462209706696332,0,none,1,RET-007587
4582.548007689756,18,1,0.9805483279877049,3,1,114.32918451656624,electronics,14.7537396291709,0,none,0,RET-001862
446.5197768834822,627,6,0.8252398439210346,1,0,86.2232900856178,books,48.86773091306281,0,none,1,RET-007532
1368.1457191996767,169,2,0.9275059559738259,0,1,127.70308718586601,sports,26.29857387588383,0,none,0,RET-000091
1044.8989885561216,317,4,0.6534223351148379,3,1,93.41246983866725,sports,8.479469788712905,0,none,0,RET-006327
2309.973445461662,615,2,0.7968358373493718,0,1,147.76062683033447,sports,15.381861565309228,0,none,0,RET-007344
1560.598308882182,114,0,0.4953608375752813,1,1,94.1760103200936,fashion,1.53999239316458,0,none,0,RET-000012
1092.4244710921132,112,3,0.7445279271141126,0,0,161.4666393749283,beauty,25.693827812578267,0,none,1,RET-000833
632.9011906208624,272,0,0.8837193232022852,1,1,102.26974494650818,books,6.1992680342191,0,none,1,RET-007824
2076.4786468653974,320,0,0.6231027928865703,0,1,342.567612182258,beauty,35.57085394889355,0,none,0,RET-006654
900.7165346298834,304,1,0.8492342671813968,2,1,325.557722589338,home,2.505662603325539,0,none,1,RET-004658
7178.294862098104,429,3,0.7316797500257117,1,1,181.59752228535376,books,4.369094086870956,0,none,0,RET-003675
769.1329848532885,11,1,0.72039003088154,0,0,685.6196799335748,beauty,34.14038946824842,1,substitution,1,RET-009241
1200.5538194173787,164,3,0.873203683050874,1,0,100.49730425344663,electronics,14.366848557548153,0,none,1,RET-007911
1758.6030207253652,188,2,0.9054933395818808,0,1,37.63865948531111,books,40.58507083750725,0,none,1,RET-004246
1866.069847407134,177,4,0.8289211712940964,0,1,106.80217841392512,home,42.98056098700108,0,none,1,RET-008532
1240.9349096764352,1604,4,0.7622030587921216,2,1,44.17549278975064,fashion,14.866034406253373,0,none,1,RET-006962
713.6104261877416,170,0,0.8265772197220626,0,0,83.92719919229947,fashion,15.465953699838114,0,none,1,RET-005787
2140.7619864814965,137,2,0.8425272731054726,2,0,200.60596225696727,beauty,3.0100466022394983,0,none,0,RET-005594
2812.356192708829,989,2,0.8407467515024467,0,0,94.87799379684319,beauty,11.011124424102373,0,none,0,RET-008843
378.6908978936841,445,3,0.85023682509469,0,0,190.69757546569952,beauty,28.626366354977055,0,none,0,RET-003553
752.4855277553494,230,2,0.840829354640111,0,1,162.40896245793363,fashion,33.819969629041054,0,none,1,RET-005578
2739.111745718823,718,1,0.7714780674247265,1,0,112.68495228706445,beauty,39.65851943219372,0,none,1,RET-001821
1785.969975319447,836,4,0.9460794672208149,1,0,181.90504333433103,home,10.710332127083625,0,none,1,RET-005004
3264.381173234734,233,4,0.9248725984156637,0,1,139.13291893879355,electronics,3.687363061669377,0,none,0,RET-001676
5402.606015728627,2,1,0.9237531690674563,1,0,155.29736078209248,beauty,8.031872866000441,0,none,1,RET-007725
2441.01580325752,499,3,0.6443755297087873,0,1,199.83130823822316,beauty,8.32047821676531,0,none,1,RET-003376
823.1503960217888,120,2,0.8306656152266232,2,1,63.6147047067055,home,15.933385173113265,0,none,1,RET-004119
1100.4029307774572,411,3,0.9153579720446725,0,1,301.5751001062205,electronics,67.59078562443081,0,none,0,RET-002725
524.1142124210718,287,2,0.7277716313219773,0,1,66.9536737371611,books,6.4004801925209,0,none,1,RET-008094
690.8969946125711,646,3,0.6224092667475973,3,0,351.2476344288784,fashion,37.69622312026155,0,none,1,RET-007732
4766.842114011697,232,2,0.9157826023553802,1,1,228.97078543026166,electronics,49.70422938950205,0,none,1,RET-003454
3710.767026271144,73,3,0.8669777805709874,1,1,275.6144933644939,beauty,3.7166786804404937,0,none,1,RET-003814
3360.366710395646,1197,2,0.7729699155955655,0,1,79.22166343737592,electronics,65.81236094675192,0,none,1,RET-003198
4767.001107422158,599,0,0.6147436756183976,0,0,167.7950967083218,books,7.301920541151235,0,none,1,RET-005295
1705.1625843829145,129,0,0.9047599550575838,0,1,108.89227435403357,sports,0.03874212901065715,0,none,1,RET-007313
1532.6599272796948,99,4,0.8038053529535014,1,1,130.9257237232065,books,6.11548111063384,0,none,1,RET-004312
1406.6926475413113,182,1,0.5900240990774236,1,0,69.08038649406593,fashion,34.09787593485566,0,none,0,RET-003822
3089.7438566059723,277,6,0.8068798571803779,0,1,219.4885793236687,beauty,29.66345662213411,0,none,0,RET-008375
3655.833730910174,1056,2,0.6913130587010506,1,0,153.4763423097119,fashion,35.90026418949074,0,none,1,RET-001100
2943.153329316615,56,3,0.8223388785619677,0,1,37.822102806989946,beauty,1.5899046391162097,0,none,1,RET-003070
2560.7082795862107,88,1,0.9057012922555862,0,1,69.77150531973889,beauty,35.84088371327975,0,none,0,RET-006912
646.9203675804532,398,2,0.8554628790864863,1,1,51.10391818828089,books,5.783791634641947,0,none,1,RET-003969
3448.6958228447284,129,3,0.7555229181156446,0,1,175.50589727769403,fashion,6.688972448459632,0,none,0,RET-003017
2258.7953033899707,212,1,0.7026995373988018,1,0,16.207372109618174,beauty,72.38747435151463,1,empty_box,1,RET-009921
1332.9245000465962,52,1,0.6906184430966472,1,1,154.44145377512365,fashion,16.640710435320667,0,none,1,RET-000432
6355.266261183888,612,2,0.8582706962494862,0,1,143.7095298039421,sports,7.8475080136229005,0,none,0,RET-000592
3121.63154244163,289,3,0.8927740336769509,2,0,148.66465687832692,fashion,1.1104097224163225,0,none,0,RET-001817
2070.316072890347,23,1,0.866957117877558,1,0,65.47527825238345,books,15.356805392627207,0,none,1,RET-009048
1088.1477399150785,771,5,0.4581575268568434,1,0,102.76270826497914,home,68.18737199336867,1,substitution,1,RET-009823
1025.8464753344686,360,2,0.7230094565523456,2,1,117.72733618215683,sports,16.105801854795725,0,none,1,RET-004589
2585.139963495273,127,1,0.8924206515806847,2,1,72.02992025202542,fashion,8.907964138952487,0,none,0,RET-008320
2714.11553297213,726,2,0.7606623175288009,1,1,267.92898212079626,books,20.80369389701172,0,none,0,RET-003753
887.4900298281507,93,2,0.43320416929698463,0,0,75.44556917935161,books,6.082853606044529,0,none,1,RET-001684
1257.3292814117988,148,1,0.8650916741495236,0,0,375.98084650102527,home,13.084446247763003,0,none,0,RET-001051
256.2017467497411,16,3,0.8380663178696913,2,1,128.66482768071526,sports,30.659492622042524,0,none,0,RET-002497
4749.319693020997,555,1,0.873714247285164,3,0,166.02280544910622,sports,2.932026396409581,1,empty_box,0,RET-009562
503.9907733085666,391,1,0.9026622502116327,0,0,214.92578544260726,books,9.075155807389118,0,none,1,RET-001776
2233.2655465720177,73,2,0.9240649665255085,0,0,273.973920115065,books,20.576138759255514,0,none,1,RET-008913
3378.60783331458,177,1,0.7469068903627935,3,1,131.32085750995395,home,2.173728923246345,0,none,0,RET-007103
200.0,44,1,0.881032135302901,1,1,141.61192286642608,books,24.122580973161732,0,none,1,RET-004616
1999.8660767960691,93,2,0.7902571894439498,0,1,161.88693500143404,fashion,5.882153088652421,0,none,0,RET-001317
761.2086058258175,51,4,0.9644520518529207,0,1,327.4576005305256,fashion,15.587673341171069,0,none,0,RET-006201
1822.2846325221524,211,1,0.8290784891863812,1,0,82.75625394902431,beauty,1.5086524327444915,0,none,1,RET-001707
1348.8217111394883,204,3,0.8735472268490512,0,1,125.81704041619739,home,1.7782757658601802,0,none,1,RET-002825
990.9827771369996,116,5,0.8087058866005481,1,0,240.51294875947633,books,26.438873890417614,0,none,0,RET-005360
6373.494684648002,28,2,0.7939016391116687,3,1,169.23723514433553,home,48.731063439994216,0,none,0,RET-003784
745.6519057117874,428,1,0.8437251609270988,1,1,160.70216849283332,sports,10.634097880677064,0,none,1,RET-003075
200.0,333,1,0.9004467999534503,1,0,210.12669329293817,fashion,9.920409578367035,0,none,1,RET-002275
2594.9717740054775,12,0,0.904913918960061,1,0,109.85613148182438,electronics,3.2723934813362607,0,none,1,RET-000711
5092.680452848432,519,1,0.8063738100734271,1,1,60.514515232688325,books,2.251333765237237,0,none,1,RET-003737
1494.4949857117194,66,2,0.5456110720240673,0,1,58.85553893356348,fashion,14.179791988921293,0,none,0,RET-005131
536.7802895314605,218,0,0.7599139119067041,0,1,48.13578189692023,home,2.528134028556276,0,none,1,RET-001520
2834.6591230447784,186,3,0.8304018393262507,0,1,33.027629998899,books,19.939485252645,0,none,1,RET-005518
2681.372226794615,423,5,0.7956205580157593,0,1,129.260525942773,electronics,27.58152504101533,0,none,0,RET-004600
1728.8538605700624,27,2,0.8214299602601554,1,0,168.32520778740562,sports,2.65886830698772,0,none,1,RET-008004
396.2332134504127,603,2,0.8317773623351165,1,0,92.91313767295748,books,37.32369903839511,0,none,1,RET-002405
1134.326817177964,198,4,0.9161030546456201,0,0,223.9235647516519,beauty,35.4332332539124,0,none,1,RET-006918
926.153010148067,50,1,0.7306615790093102,1,1,121.02808645173762,home,40.70933926474516,0,none,1,RET-008343
200.0,90,3,0.9127546491046359,1,1,85.66774863387036,books,42.928148694138024,0,none,1,RET-004281
811.2654574864536,425,0,0.5751210335821717,0,0,209.75430159164284,home,14.518975393433793,0,none,1,RET-000910
2492.976099702648,17,6,0.7969637835198307,0,0,98.8914812865239,beauty,4.123771697596026,0,none,0,RET-002350
1100.7020827924848,11,3,0.8277551254966707,0,0,159.5434280615898,sports,1.500084456127219,0,none,1,RET-003254
2530.2247044397513,29,0,0.8599300869358525,2,1,73.66918431251854,sports,4.225254757016996,0,none,1,RET-001006
2347.324278107975,804,0,0.8499380556868739,0,1,55.26359141989119,fashion,2.2948287748214917,0,none,0,RET-004192
1060.6782670606178,1111,3,0.9655632306051848,2,0,316.080163461251,home,22.354360224939427,0,none,1,RET-009146
1780.4443304155043,1,2,0.6588706212886485,0,1,75.65630154812307,home,4.822682082265144,0,none,0,RET-007659
640.5496419867084,682,3,0.9472056325238645,0,0,124.20885868811816,beauty,27.246710398826565,0,none,1,RET-003393
1497.8132052745377,1672,5,0.7396258959243157,1,0,117.78553092366653,fashion,5.630447290014839,0,none,1,RET-007395
1373.0653218215036,642,1,0.8855127765213375,1,1,126.15552995577619,books,32.53316682806979,0,none,0,RET-004068
3238.5283444767374,239,1,0.6906241808486131,1,1,386.6472149659249,fashion,13.424034773700004,0,none,1,RET-003447
1776.5053772469516,1249,6,0.5918093488066617,1,0,102.51568463457109,electronics,58.083542315797864,1,substitution,1,RET-009337
1542.436030263843,164,0,0.9275306717221512,1,1,139.66932143478545,beauty,13.699658496142257,0,none,1,RET-005900
1547.1834183319029,54,2,0.6485517709382231,0,0,71.73384781750882,books,10.523877687364728,0,none,0,RET-008756
869.4957643135054,112,5,0.9262226680107235,0,1,90.01225621707114,home,6.715213461240307,0,none,1,RET-009064
1559.241041564364,617,1,0.7431896310411373,0,0,50.74543275237093,books,0.1107381227701224,0,none,1,RET-003350
1943.707196907026,88,4,0.740994568148045,1,0,73.14966094706612,electronics,16.341185645370185,0,none,1,RET-003165
1985.5332986498156,77,0,0.9739296767428697,0,1,254.09213948585574,sports,19.8109203149301,0,none,1,RET-004418
1352.1690316756699,162,3,0.8258043764514367,1,1,27.961671064910398,beauty,53.0433225361984,0,none,1,RET-001713
2532.1143439157663,253,3,0.8590973837704017,0,0,125.69714259108879,beauty,19.507915555970385,0,none,1,RET-006804
422.27453815352123,457,1,0.7882747057392755,1,0,60.7356910465209,fashion,4.313832186695386,0,none,1,RET-001412
573.6048618954952,99,3,0.8524149322533057,1,0,31.234960333935398,books,9.34924337328649,0,none,0,RET-007588
1490.9152893387115,947,2,0.8472236259082869,1,0,242.3882379259141,electronics,2.162191435483789,0,none,1,RET-006349
1072.5278814079218,267,3,0.590099499161627,0,0,102.55511635489509,sports,8.37368400247658,0,none,1,RET-002735
971.1643203966615,80,4,0.8101954657739302,2,1,8.188692785126749,fashion,4.9487217300184065,1,substitution,1,RET-009669
8513.143384486946,324,1,0.9309363542148676,1,1,108.80694429190136,fashion,1.8116713676618135,0,none,1,RET-008164
2053.714531096617,447,3,0.8586204356900947,0,0,77.45818355968275,sports,20.603049371725312,0,none,1,RET-009125
339.7724089933076,1128,1,0.8963874749990426,1,1,115.87878078068353,electronics,0.0064174907853699085,0,none,0,RET-005940
200.0,450,2,0.9479236022002674,1,1,198.8342974216106,home,10.231168556002164,0,none,1,RET-008783
2684.1556788766766,232,0,0.8705403561289164,0,0,226.32221729530113,fashion,21.879901030364348,0,none,1,RET-008405
1206.325622513561,705,2,0.9088358256039915,0,0,271.93214186368937,sports,50.3465275949594,0,none,0,RET-000966
4027.445511510011,368,4,0.8875752937873621,2,1,104.2235719633267,electronics,0.8280304777605508,0,none,1,RET-006500
4800.421432021231,37,2,0.8365529493808158,1,1,133.20867608560278,fashion,24.456500539194025,0,none,0,RET-008849
1328.1971107145198,17,5,0.94340790088073,1,0,110.61787998313264,beauty,22.70073622469367,0,none,1,RET-005103
1459.646757948617,28,1,0.8432180401069417,0,1,138.33763504445866,home,24.79550135035187,0,none,0,RET-000661
603.5658591117309,61,1,0.8065385326768271,1,1,84.71704445791369,home,28.183193994754195,0,none,1,RET-001778
3567.0043106194944,149,1,0.668166910652429,1,1,137.24726636555607,fashion,45.622096814275444,0,none,0,RET-006525
773.3408989321532,193,3,0.8978879585101834,0,1,88.94038836086602,beauty,4.383003254837115,0,none,0,RET-004833
1421.7172369846758,55,2,0.8445029145292883,0,0,21.053096304238366,books,10.266190608675377,0,none,0,RET-003700
2080.9911050871474,313,3,0.8837247052903028,4,1,237.07897878668462,electronics,8.056340763322172,1,empty_box,0,RET-009495
2420.4656995449936,385,2,0.8950281315627863,0,1,174.0680884265123,books,4.651746834635074,0,none,1,RET-004896
724.509955402158,64,2,0.9720935751830084,0,1,63.104616124142474,fashion,15.382383775553338,0,none,1,RET-000749
1916.9038903643934,61,3,0.768426108130054,0,0,87.12586226792496,home,3.1003021115913656,0,none,0,RET-003920
848.1269745619275,260,0,0.6882857908097447,3,1,89.6022188944421,electronics,12.036054020562041,0,none,1,RET-001665
3431.9984671728785,383,2,0.7879364817566383,0,1,94.99815942929838,electronics,29.22544880324032,1,substitution,0,RET-009757
2144.5732163438583,198,0,0.7685561668036921,0,0,230.12877612924086,fashion,17.093023785114042,0,none,1,RET-000980
349.07051295898685,485,2,0.7886895744442771,2,0,67.8719793611927,beauty,5.873032514834408,0,none,0,RET-008580
762.9226707929677,1249,1,0.7197827394592354,2,0,200.40664991858677,sports,4.817110747173513,0,none,1,RET-005393
1932.2807077689602,89,3,0.8230183515640783,2,0,176.91782171496578,sports,19.039636023010427,0,none,1,RET-000458
2316.0821217208277,454,3,0.8868003694136535,1,0,71.98064298247775,books,8.980000579959157,0,none,1,RET-001228
6176.435467772094,193,0,0.9281645654449209,0,0,183.61318073914111,electronics,10.390969580812989,0,none,1,RET-004472
228.7565565438753,1170,2,0.9711901453544143,1,0,235.71431543696963,fashion,1.7591804938014797,0,none,1,RET-003845
1912.6277238932312,172,3,0.834237092348914,2,0,166.26510987106525,beauty,7.6630640589862855,0,none,1,RET-005595
1356.1638198666244,135,2,0.7317347663051694,0,0,44.648256476449816,books,29.0090734577605,0,none,0,RET-007444
1922.6789448816273,1948,3,0.6819015494850067,0,1,153.37433084123106,books,41.009449317417904,0,none,1,RET-001346
1643.932079906041,859,0,0.9658947506578791,0,1,114.35599932538013,fashion,2.076459830802963,0,none,1,RET-000844
1012.7145250238285,315,2,0.9771890447643071,0,1,130.27004574937578,home,33.330183942200954,0,none,1,RET-003057
2298.0683673834396,724,2,0.6898697023800494,1,1,233.7566184226866,electronics,0.5214021082485434,0,none,1,RET-008873
2123.6037932914087,511,2,0.7779379286502194,0,1,208.07649108709154,electronics,7.080630505422267,0,none,1,RET-004295
1290.14895645589,286,1,0.9479513848462742,0,1,105.28620279772127,fashion,2.424172215601874,0,none,0,RET-004888
210.79781880780897,73,1,0.6949754726702139,2,0,371.18322405672944,sports,30.01152769339438,0,none,1,RET-001782
4256.137880734807,219,7,0.5942412638539604,2,1,96.85787020476677,fashion,30.27842908793991,1,empty_box,0,RET-009326
554.2412688829346,371,1,0.6874588840591719,2,0,243.12189797280368,sports,13.008933578304179,0,none,1,RET-001196
1958.2714584736118,491,2,0.9118720851663552,1,1,128.33679023171692,beauty,57.62091602163161,0,none,1,RET-004132
4262.916013322479,125,2,0.8532767620356709,3,1,318.20464930420076,sports,1.3907301157500251,0,none,0,RET-003501
17514.944306883583,372,0,0.9421180879825276,0,0,89.26347396559429,beauty,5.587991723214129,0,none,1,RET-003304
2997.2573861333717,277,2,0.9059428967395728,5,1,123.06709994150299,home,3.352145035742767,1,empty_box,0,RET-009580
3662.083979810677,5,1,0.9346731115192451,0,1,233.2585343737273,home,18.775646504946167,0,none,1,RET-001063
1887.6160081575767,837,1,0.7202124745158547,2,1,77.4429528851469,fashion,10.388655759666397,0,none,1,RET-001996
2696.776481327679,579,0,0.9443221190968244,1,0,61.55420005105173,home,1.5507037414957634,0,none,0,RET-002749
2455.9927361913437,281,4,0.9304926902463376,1,0,91.89093354018115,home,16.401943134627846,0,none,0,RET-001183
829.2535712941155,347,0,0.8611701496038178,0,0,102.57481070779573,fashion,20.007752831541886,0,none,1,RET-001551
860.0318822346453,64,1,0.8390904252343419,2,0,234.75407721003646,fashion,12.243292040374463,0,none,1,RET-003995
335.9878590802753,347,4,0.8859504524518625,1,1,49.91889497102602,books,47.992815704488464,1,empty_box,0,RET-009974
2537.7560253099973,688,5,0.6838611471382829,0,1,101.37448061280878,books,4.596608117467874,0,none,1,RET-001825
1142.3719307449917,596,2,0.888970936618608,1,0,53.761403668887006,beauty,1.5173406493903636,0,none,0,RET-005363
1045.906919313096,58,2,0.5037667624703789,1,0,127.75607504328596,fashion,2.854860830563369,0,none,1,RET-002209
5103.597813549976,330,4,0.8001131498464676,0,1,29.041636264346348,home,0.050716881731124576,0,none,1,RET-007401
1092.4861414528734,271,3,0.6815984068735208,0,1,49.15326073715554,beauty,3.214625299698794,0,none,1,RET-005682
724.1473757702835,896,4,0.9360142433646925,1,1,113.51621171618795,home,10.12633263115038,0,none,1,RET-004346
1144.4521399492824,953,2,0.8738935034046866,1,1,108.18769345854773,sports,32.201279455951926,0,none,1,RET-006636
4407.618429260957,77,5,0.777857398050073,0,1,48.792118635919444,electronics,101.86213649679718,0,none,0,RET-000500
3455.9184739946854,764,0,0.9353579796810497,2,0,228.81034076353694,home,33.340814675672675,0,none,0,RET-009073
10725.01896055268,27,2,0.6321071794369189,1,0,74.72047335769176,beauty,1.6720433128945704,0,none,1,RET-008527
1842.091712542136,142,1,0.9809116127979107,1,0,154.45664332294052,sports,16.22691018924346,0,none,1,RET-004002
1815.5698809391617,192,3,0.902330737821037,0,1,79.02525585822856,sports,14.436659945607726,0,none,0,RET-003143
600.9797942730285,166,0,0.8516412045455946,2,0,176.44340859478302,home,33.49478851941787,0,none,1,RET-008504
3721.1022134617237,487,4,0.8811254828027699,0,0,99.46233427285877,electronics,12.23428626586805,0,none,1,RET-007828
2156.4441659266727,166,1,0.6174927290931017,1,0,37.29051568369517,beauty,8.550300587649575,0,none,1,RET-009123
3196.2439524181723,619,3,0.542568216112163,0,0,75.91977544961917,beauty,6.252436862950294,0,none,1,RET-005846
468.2394911286919,337,4,0.8924256454264358,1,1,166.06155292795955,sports,3.6331573782051443,0,none,1,RET-004984
806.0176654708447,467,3,0.7591297765222405,0,1,129.67642336900366,home,25.724154005522152,0,none,0,RET-003956
611.4517987115958,314,1,0.9640419468519386,0,1,88.15532853984296,beauty,2.9848688359264828,0,none,0,RET-006785
5221.510849332343,1303,3,0.9610035871205603,2,1,140.26435314967554,fashion,5.5137298754594015,0,none,1,RET-002411
624.4268883167775,405,6,0.8483199889449691,2,1,155.86888018406094,fashion,23.67576505036629,0,none,0,RET-003338
942.9562426546038,19,3,0.6886380432068219,0,0,169.74266340014748,sports,43.6229877240357,0,none,0,RET-007360
9175.875122182264,244,3,0.8920585139614924,0,1,34.371229946390756,books,19.220213732067364,0,none,1,RET-008684
1993.0354602288428,20,1,0.9226673487194027,0,0,293.56876768684714,beauty,12.930773239994341,0,none,1,RET-005468
1191.7715446564257,357,0,0.974685625929481,0,0,155.2256738149997,sports,7.155959890308676,0,none,0,RET-009081
1705.8334436866792,43,1,0.7191389972916252,1,0,100.25829100373946,fashion,27.261386631126975,0,none,1,RET-001377
1290.7952815516105,19,1,0.8847400598528656,1,0,277.2008863099484,beauty,6.328851904991021,0,none,1,RET-003795
1427.800026444803,152,2,0.7612875429781173,1,1,68.9329072521948,electronics,3.4161049575874274,0,none,1,RET-007097
2612.620663785052,104,3,0.72987381757333,0,1,239.16051989385113,electronics,12.232121562440797,0,none,0,RET-007187
781.874146102291,127,2,0.7770046989217703,2,0,132.93485778842216,fashion,3.6240916665441616,0,none,1,RET-001340
657.6972017453191,262,0,0.9548676824517215,0,1,313.9657743854874,home,17.057816537425175,0,none,1,RET-004398
1645.855368096942,313,2,0.8340941480012661,1,0,104.04268498283966,electronics,1.4270374687954472,0,none,1,RET-005765
1781.5471661517709,254,4,0.8278237621913275,2,0,100.71859603748405,fashion,6.784851840964592,0,none,1,RET-005678
450.1381811518161,754,0,0.70582489101802,1,0,111.88372757919218,home,12.245522765303079,0,none,1,RET-004500
672.0655472859662,188,3,0.69957940693521,0,0,234.86070373516475,sports,25.69809670233014,0,none,0,RET-003180
5073.981982587639,385,3,0.9255241649657806,3,0,127.94133740216486,books,18.251802631355545,0,none,1,RET-007287
2071.9765045680624,458,4,0.8638392190818242,1,1,134.61102551675125,sports,39.172552101297796,0,none,1,RET-003351
8521.44833285527,226,4,0.5610975105027308,0,1,179.8516148175505,home,19.085543871793064,0,none,1,RET-008610
610.5519928910687,254,1,0.7659197205921608,2,1,183.98013822403615,electronics,26.631070927874546,0,none,1,RET-000194
1279.2577069064216,224,0,0.8303696439609648,1,1,296.8335871820188,electronics,1.5640493798793944,0,none,1,RET-007966
1413.139604218037,45,0,0.7633929833775027,0,1,162.7217670283963,fashion,14.58497970034584,0,none,1,RET-006607
3135.0460941677115,386,0,0.7950483092224793,0,1,35.73041229208459,beauty,2.5043045739296326,0,none,1,RET-005633
7454.042331248011,1148,1,0.9627070877471923,0,1,76.33941710490257,sports,47.25262641554292,0,none,1,RET-002547
721.9859098912153,273,1,0.7084444712404055,1,1,171.2402469988254,home,4.47887047618929,0,none,1,RET-002605
3243.9228593324096,661,1,0.9199575094799817,2,1,77.53214878137098,electronics,27.342221306427152,0,none,1,RET-002831
5035.752466534081,133,1,0.890833498154594,1,0,262.7150217270996,beauty,1.918227725869541,0,none,1,RET-007557
555.88268398846,40,0,0.6698195065049655,2,1,179.38249259191585,sports,15.357503461521523,0,none,1,RET-004030
2730.5928585575025,545,1,0.9660125055398845,1,1,106.47107794602961,sports,11.013105446934386,0,none,0,RET-004421
594.5676570864929,970,4,0.8493805918233359,1,0,97.30341499169329,sports,4.108964888109557,0,none,1,RET-002713
1382.3522501288226,181,0,0.8243115153247815,3,1,111.72130981377342,sports,6.717077940362778,0,none,0,RET-007068
1543.755616649284,1644,3,0.8747265288294612,1,1,345.20405307946237,sports,16.072107287988203,0,none,1,RET-000287
3313.761585828889,1038,1,0.8687268723221409,4,1,122.86826695801933,electronics,3.6969133405761005,0,none,1,RET-006252
3213.1030310689716,554,3,0.3921028930915173,1,1,96.86914432372672,sports,0.34930365503890426,0,none,0,RET-004365
1281.312187505183,791,3,0.8855437500443926,1,1,39.7220322300257,electronics,6.579007190465807,0,none,1,RET-007030
3363.904312481801,2220,1,0.8005995859560223,2,1,346.6849733870661,fashion,5.627880484454015,0,none,1,RET-006208
2073.84695202731,1,1,0.8403814137994768,0,1,163.31977233113514,fashion,13.869840634848902,0,none,1,RET-006389
2353.4765901813826,128,3,0.8366530538094489,0,0,190.14836589126364,fashion,19.820447990338828,0,none,1,RET-000638
1553.669386811966,199,2,0.8115364738731065,0,1,157.32089984699974,beauty,19.518944952000762,0,none,0,RET-001284
2697.5451904557017,781,3,0.7315086930820216,1,0,106.98955660454872,books,43.622810988343474,0,none,1,RET-001193
544.4344605676554,627,3,0.528061063900767,0,0,267.2293657194456,fashion,6.263937737822731,0,none,1,RET-000791
2179.409738507835,80,2,0.7740499404460556,1,1,130.81756424013307,home,0.684927768234186,0,none,1,RET-008394
876.393424507659,236,0,0.6598473667308706,0,0,59.86823441957547,fashion,38.53505230820315,0,none,1,RET-008986
3427.5427523453486,91,0,0.7806952371945268,0,1,147.03240857093195,beauty,1.705464829939215,0,none,1,RET-002338
2129.4638161240428,761,5,0.7351952381630397,0,0,141.96878095434633,sports,1.3586995259303527,0,none,1,RET-005899
2590.504297415496,36,1,0.9091564411872585,1,1,84.55429163486714,home,26.75633588003607,0,none,1,RET-008827
483.89546173831565,215,1,0.7759419671017892,0,1,144.36994326256,books,31.379226633598396,0,none,1,RET-004438
2024.4450251850549,18,2,0.8228656388488391,0,1,119.60315242718464,beauty,21.79542748356403,0,none,1,RET-007559
2074.122525456092,739,2,0.6197067041088148,0,1,144.57188087067271,fashion,14.924823478484598,0,none,0,RET-002891
552.4938059244746,155,2,0.7346138252670346,0,0,296.06339408683715,home,0.1809119554231481,0,none,1,RET-006692
1247.9333973590988,554,0,0.903849807973055,2,0,441.7876245635654,fashion,22.200455598751674,1,empty_box,0,RET-009251
1696.8375847900409,1,3,0.6808960755058828,0,1,185.38801262890695,electronics,27.66402516926414,0,none,1,RET-004426
1366.3584120851037,460,2,0.839870076156507,0,0,57.92851913810881,fashion,2.951476307333508,0,none,1,RET-008650
530.8709723641391,2023,1,0.9313174231402396,0,1,126.93415609664225,beauty,10.321750684560445,0,none,1,RET-003365
929.1368056388268,709,1,0.6540030443146738,0,0,214.3943381742858,electronics,44.31368392566786,1,substitution,1,RET-009567
3729.0479865787884,361,2,0.4618748536309949,0,0,31.438934427522426,fashion,21.5719196961335,0,none,1,RET-006780
1967.07110862447,288,3,0.6108822770840906,0,1,251.6242967686142,beauty,1.9187532662995124,0,none,1,RET-006141
518.0381655636161,312,2,0.8226322281456465,0,1,180.01341328401548,beauty,2.284988975270193,0,none,1,RET-007246
1667.2013749124264,556,2,0.6406988929617452,0,0,71.28889033432998,sports,27.02151772490017,0,none,1,RET-001177
2158.63383771222,1546,1,0.8601910285828639,2,1,94.17122095850443,home,10.32066920374419,0,none,0,RET-000264
1257.6177189862324,299,5,0.7823390169037586,2,1,193.23506674758536,books,22.864076735352544,0,none,1,RET-001639
9894.014328832534,316,1,0.7686135990733036,0,0,50.29144828458041,electronics,2.610383164183916,0,none,1,RET-001697
451.03746067420263,163,2,0.8660123844417207,0,1,62.46001571298394,sports,0.3480805718726142,0,none,0,RET-002219
1095.6193984566687,232,0,0.7099148941437555,0,1,429.59652555332644,beauty,18.183897953303774,0,none,0,RET-000257
2734.489015063092,129,3,0.9130582739767549,1,1,229.5126878935379,electronics,16.766383564409516,0,none,1,RET-008800
1434.90889677745,508,1,0.6575567723724789,0,1,104.41899858584918,home,24.091745694765073,0,none,0,RET-003267
895.3815309962254,618,3,0.7414434761095138,0,1,210.24104107875667,electronics,9.087031551753055,0,none,0,RET-006609
2488.1123726500373,195,1,0.9033509768622715,2,1,48.0,home,2.6284829026811964,1,wardrobing,0,RET-009271
3017.0105204044035,662,1,0.8650672550942112,1,0,93.64020751816425,home,11.540978668976457,0,none,0,RET-005106
1162.6642623973876,401,3,0.7833096298327348,0,0,245.8725188905193,books,2.413515122669876,0,none,0,RET-007703
6665.505312755874,289,3,0.8104831062208773,4,0,192.17951437359235,home,0.47136555355821746,0,none,1,RET-004816
8904.71552718265,470,5,0.6771761342347791,0,0,262.2616964791165,sports,0.3384786244938465,0,none,1,RET-000957
817.4962575186162,679,3,0.7705625376458741,2,1,177.14331288048862,electronics,23.990560034203185,0,none,1,RET-000967
4282.1834759054955,277,2,0.8376358230466765,2,0,197.1089613837797,books,7.3914901367066514,0,none,1,RET-008389
541.3651581518815,51,3,0.9410190920450848,1,1,109.70600589251534,beauty,25.42100516192282,0,none,1,RET-002865
1750.6517869711556,655,3,0.7665072648633937,2,0,159.68612266198815,home,13.425026133072983,0,none,0,RET-006524
1105.25258564983,118,3,0.8314368299806643,0,0,158.92209671341004,home,28.73794788617986,0,none,1,RET-009178
731.4356466246977,999,2,0.8027715860473188,0,1,113.55024351558558,home,45.609642277713554,0,none,1,RET-002481
1451.8038445640088,454,1,0.8830935273661024,0,0,94.8170255680959,fashion,23.859276828745234,0,none,1,RET-001374
4922.753963057664,689,1,0.85931093340583,0,1,94.89003744055232,electronics,4.147720445592505,0,none,0,RET-002348
1861.1613508578862,3,0,0.613172800760453,1,1,49.809472335182306,sports,13.910510536783123,0,none,1,RET-005663
1800.3665110190382,307,2,0.7301900847263336,0,0,182.06807661115099,sports,6.45372199888133,0,none,0,RET-002532
1233.8046636195756,945,4,0.754803771487449,0,0,184.14410088744876,fashion,29.06800529373261,0,none,1,RET-005528
4793.4754727136515,53,2,0.8168331554105818,0,1,243.70181720455147,sports,38.51160505232466,0,none,1,RET-004108
2704.222317686044,270,1,0.6813329494960377,0,0,176.6022345110626,electronics,11.627125452422934,0,none,0,RET-004746
779.5407212763422,44,1,0.6993346910707753,1,0,352.7803032268051,electronics,11.40472664718062,0,none,1,RET-001939
742.5911561890941,190,4,0.8356784054401398,0,1,86.73344183318008,books,33.75173223774274,0,none,1,RET-000897
1666.6626236693285,719,2,0.6775382629712919,4,0,47.91448287739883,home,19.743763351947734,0,none,0,RET-005051
1014.9343129632475,138,2,0.6478540312857,4,1,127.1810043092475,beauty,3.9166712205003447,0,none,1,RET-000392
1090.7378630715261,64,5,0.7033954179631077,0,0,87.88720916523917,beauty,1.4290828205427384,0,none,0,RET-000083
610.0662530598449,474,3,0.8282921350161003,0,0,292.86316181671015,fashion,0.8526452338112769,0,none,1,RET-007656
2797.766962827306,74,1,0.6042932788981076,0,0,82.91952887291939,electronics,4.438273896863623,0,none,1,RET-005336
3500.161887086438,568,1,0.40728539102641004,0,0,42.95101845544529,electronics,16.539760108182094,0,none,0,RET-005096
2823.1445336836287,302,0,0.9396589143122134,2,1,128.0029474010975,sports,37.516527814534975,0,none,1,RET-000737
2287.113447874228,420,2,0.9544250756652373,0,1,46.27795684737479,beauty,11.209099520236473,0,none,1,RET-006037
2644.5580738874405,611,3,0.9262100729158401,3,1,37.13816693678261,fashion,1.3771923237529875,0,none,1,RET-004704
1738.1306689752848,19,2,0.8103608157937762,0,0,209.91199507460996,fashion,30.59352103513386,0,none,1,RET-007354
829.1001345857417,1540,2,0.7935752637406042,1,0,162.2024506279267,books,18.980357440249488,0,none,1,RET-004034
466.4927889748337,300,2,0.6457640319118293,2,0,120.83531713268773,electronics,3.352193378246736,0,none,1,RET-004043
599.6240547432046,264,0,0.7600212043805693,1,1,212.3428993299065,beauty,49.94259365183284,0,none,0,RET-008969
704.395998136562,383,3,0.9294785387304677,1,1,190.77257087157884,beauty,0.9045962644210357,0,none,1,RET-003363
663.2927673268355,333,1,0.7981444637531373,0,1,41.00538910837259,beauty,10.389995424627827,0,none,1,RET-006006
2979.390244899102,168,3,0.7746995736546441,0,1,163.0213243820993,electronics,4.475530797388185,0,none,1,RET-003484
757.5438480615667,301,1,0.900316450052649,0,1,54.81701312215479,sports,4.738295724140214,0,none,1,RET-000421
3366.14885557248,377,5,0.7479112743458783,0,1,78.30597648843418,beauty,59.31859143707232,0,none,1,RET-001921
781.5045826688656,868,1,0.8761007479369856,1,0,122.54194508231961,fashion,12.857418045639202,0,none,1,RET-008879
630.8138764165352,33,3,0.622296996831084,2,0,43.60695450628613,electronics,37.92437116256431,1,empty_box,0,RET-009223
2246.0621460790435,181,4,0.8078798606320936,4,1,69.91515759263574,books,10.71549110747229,0,none,1,RET-000404
814.9310823089428,304,1,0.9216951418818143,0,1,51.34697937555739,electronics,5.441073639943469,0,none,1,RET-007684
802.6534875672916,326,1,0.9044272520028467,2,1,120.95105302876922,sports,12.373333187296662,0,none,1,RET-004647
718.5346790251571,143,9,0.9880664369510351,2,1,85.32370587807891,electronics,22.045902196914795,0,none,1,RET-004491
1558.1026589091857,334,2,0.5936357821776601,1,1,10.037852599289202,fashion,42.05782084102941,1,substitution,1,RET-009240
2018.4811814483269,484,2,0.5029849408820055,0,1,76.39348028625645,home,7.5167619559257695,0,none,0,RET-005330
616.6093096444164,178,3,0.8389689795911326,0,1,70.94021331199785,sports,39.37340972412842,0,none,0,RET-008919
411.5108228590138,84,2,0.8540860595550378,0,1,50.575700735399295,books,27.772263618396998,0,none,1,RET-001175
338.5607820190133,535,1,0.7294213426448278,1,1,171.450771241433,books,18.07753156195763,0,none,0,RET-003223
3234.311385175813,11,1,0.7464231459077199,4,0,136.05390249582058,books,10.13690994251643,0,none,0,RET-006319
777.7294365948277,60,0,0.8189117327903271,5,1,94.1538615271406,fashion,8.416158434252624,0,none,1,RET-002097
1621.8034615743188,483,3,0.8815916093571655,1,1,322.0363323994503,home,8.138105674573605,0,none,1,RET-007225
384.5638102420456,32,2,0.9800177659007954,1,0,139.0504914031745,books,9.604852249946857,0,none,1,RET-007091
2300.172742921117,735,2,0.8143737653508871,3,0,84.40677623120375,beauty,9.972360878717128,0,none,1,RET-002259
1676.298658118264,39,1,0.8193042203731309,1,0,61.07878835411671,beauty,23.53508666229094,0,none,1,RET-000266
1205.784009300407,394,2,0.8158225965751947,3,0,10.472855311298012,fashion,6.161121326886925,1,substitution,1,RET-009787
855.4047166242354,168,1,0.7519376811230009,0,1,269.2001774796476,electronics,53.030743259574955,0,none,0,RET-005079
1871.2221617405744,370,2,0.769576703401818,1,0,123.40621602860999,beauty,15.996137130162841,0,none,1,RET-001326
1887.4726707793566,126,1,0.739651122021461,0,1,113.99493242726481,fashion,7.092278130821287,0,none,1,RET-005332
447.05052458682434,308,2,0.8759766911468683,2,1,139.98189849595457,books,4.300653642676801,0,none,1,RET-003909
683.5844095936893,1,4,0.8241823586475118,1,0,146.68398009760628,books,17.82620469047229,0,none,0,RET-007252
1780.3011990212083,68,2,0.6018291331775854,0,1,126.44496975263387,sports,3.4242030581258796,0,none,1,RET-002837
495.53905899215243,599,6,0.8944978849625456,0,0,232.69559570929087,electronics,0.3007064244571782,0,none,1,RET-003185
901.4033194541636,65,0,0.6653806702088421,1,1,59.169462508384335,fashion,22.47005478544531,1,substitution,1,RET-009478
2373.803679444682,525,3,0.6765186320606128,0,0,238.0820244344042,beauty,12.064856225429294,0,none,1,RET-005273
2089.841686658868,133,3,0.9127615446280035,2,0,136.1068710202217,sports,0.14477602118784044,0,none,1,RET-004482
2567.817713605426,342,1,0.7928923619725301,1,0,137.6167364078769,fashion,11.406246526028369,0,none,1,RET-009029
413.95803014407153,105,3,0.873683599212085,1,0,88.10573099228104,home,2.0632241911049154,0,none,1,RET-001073
2177.448352793344,28,1,0.6603182899066495,0,1,98.66138660760072,books,4.695965415909806,0,none,1,RET-004252
597.6747152740559,431,1,0.6856782004544442,1,1,131.82820377426557,home,33.341798513403006,0,none,1,RET-006427
2692.645599053903,1267,3,0.750783226185157,1,0,115.36412950675499,books,32.928959834080906,0,none,1,RET-008820
742.0758562794531,288,2,0.8615834620592562,0,0,183.524693200612,sports,8.669570355279182,0,none,1,RET-001932
1628.4447364640027,876,0,0.7635189605597787,1,0,138.52072282853123,fashion,0.09889706054386228,0,none,1,RET-000922
2441.9213752302812,110,2,0.7427855646518261,1,0,22.421883387480094,home,21.67537313500332,0,none,1,RET-002009
1089.5589444121326,1148,1,0.871386517736073,0,1,74.56642548003636,fashion,7.361113512959445,1,empty_box,0,RET-009960
1817.4570590657365,86,2,0.8828008465313886,0,0,187.7162834921122,fashion,24.957558664701406,0,none,0,RET-003066
2490.401457719439,925,1,0.9035607756597448,1,0,145.84940610760478,beauty,10.005931132742527,0,none,1,RET-001268
5282.607209463504,1243,4,0.8019951884820105,2,0,204.02800264536722,beauty,4.784039314835611,0,none,1,RET-002014
1368.6452992483992,152,6,0.8271518432958985,1,1,307.6798170389706,home,3.138530575453676,1,empty_box,1,RET-009387
2032.8407009720818,983,3,0.6334793702280198,0,0,73.60096035425025,beauty,1.262593695400969,0,none,0,RET-003934
3659.5143334163104,940,1,0.8459675971426183,0,1,263.5416539785368,electronics,1.3082123082627444,0,none,0,RET-007262
2687.5872182724124,997,1,0.8856028964484116,2,0,164.037974321491,sports,27.558666776984218,0,none,1,RET-001429
2734.9648809131704,272,1,0.569536113978579,0,0,316.10204867851144,fashion,40.76675767271449,0,none,1,RET-008625
734.4375253722669,589,3,0.9375191722706814,0,0,81.68382514140164,books,4.382663255883866,0,none,1,RET-007373
1570.0634143236255,357,3,0.6537415947625087,0,0,112.51555479921626,books,6.183300496010358,0,none,0,RET-007203
735.70771971373,201,0,0.7449593468297003,0,1,90.84738683586161,books,41.526344584179014,0,none,1,RET-008295
899.8839763043071,44,5,0.8182930715966205,1,1,239.15831368418546,beauty,4.531658261443186,0,none,1,RET-000913
867.2265563903638,283,2,0.8036253960129737,0,0,125.55862363760157,beauty,4.535632496040389,0,none,1,RET-004228
666.6082472563311,565,0,0.6949192299840058,1,0,299.96855900763893,fashion,8.566203723758207,0,none,0,RET-000097
1450.246399578559,448,1,0.8046887080412615,0,1,268.49353373737694,sports,1.5017978235792404,0,none,1,RET-002734
564.9778172838362,182,1,0.8801974986774338,2,1,141.7544005440201,fashion,13.006299211103116,0,none,1,RET-005543
690.5854442806001,112,4,0.8132355165196551,2,0,30.01288056009413,fashion,4.174352888342699,0,none,1,RET-007761
2014.7547628225934,118,4,0.8164007448637046,0,1,56.60122263421552,electronics,0.06937531967599019,0,none,1,RET-006392
3839.5548417460614,1354,1,0.6534851256249795,1,0,54.338024311415765,electronics,44.24375303042403,0,none,0,RET-001664
1732.1447923940211,144,2,0.8761937361554643,0,0,71.3358283267682,electronics,66.6988343239557,0,none,0,RET-004029
1542.80683586699,529,0,0.7718057048077784,0,1,114.09149885431616,books,12.514102886541256,0,none,1,RET-002175
2950.116795749747,9,1,0.9758833400339245,2,0,117.94836202456037,electronics,12.390348812256654,0,none,1,RET-001363
2595.546549775412,134,4,0.9306233264912049,3,0,2.0,electronics,2.127030821159955,1,wardrobing,1,RET-009549
1164.1489935961174,830,0,0.9626581982079121,0,1,106.06416415803261,electronics,1.9205971321508704,0,none,1,RET-006762
739.9022715925341,2014,1,0.5915183768553121,1,1,121.72074261886654,sports,17.457656216595577,0,none,1,RET-004415
258.70981625181,236,1,0.8730437380120121,1,0,167.01885925907877,books,0.9024328841216739,0,none,1,RET-001943
1148.792831610367,147,1,0.832562707086033,0,1,135.92973128135353,fashion,19.493840887682655,1,substitution,1,RET-009370
2649.2370050518257,225,4,0.6998174743190371,1,0,30.52944141402978,home,2.473639130880302,0,none,1,RET-004425
4874.196126138254,156,0,0.9962063552283638,1,0,112.53957441854065,books,1.7984312713768187,0,none,1,RET-007727
1785.619538092033,384,2,0.6115592217526956,1,1,238.68847953573496,sports,11.232458006298213,0,none,1,RET-000356
1441.952464288984,866,3,0.8154974267307828,1,1,71.90326407677047,fashion,10.117111473144703,0,none,1,RET-009127
236.74139691116443,101,3,0.7533536681359535,2,0,57.75922089901188,electronics,8.965357249316062,0,none,1,RET-000340
225.05830648492895,898,0,0.7656686703389398,0,1,286.76694191393875,fashion,0.3166064376305862,0,none,1,RET-005491
1138.5881412496124,471,1,0.486550162195094,0,0,124.47145944013785,beauty,33.939809773876895,0,none,1,RET-005122
384.33791249673186,242,0,0.8383070976347052,1,0,40.21839572204161,beauty,29.129921021433944,0,none,1,RET-000608
678.4501126267324,2035,0,0.8207885562110592,2,1,75.15266073586861,books,0.1173452625332771,0,none,1,RET-005464
621.1321194656854,206,1,0.8098764589179498,0,0,227.14762918941594,books,1.0278603670386643,0,none,0,RET-006551
3246.01639679478,480,3,0.761391986846901,3,0,19.546467483875606,home,5.837622642064039,0,none,1,RET-001532
1405.619098297069,264,3,0.8902331281021681,2,0,197.18638404454805,sports,8.666116755280775,0,none,1,RET-008780
1745.0270090387583,690,6,0.9000577244093617,1,0,118.57283193154748,electronics,7.640175158563025,0,none,0,RET-006831
1084.7376669703656,427,2,0.8217439621590868,0,0,41.10283326930894,sports,3.144591516067278,0,none,1,RET-001740
1386.766121501447,240,6,0.8839301248107578,0,1,441.1802554790828,fashion,21.006799931308475,0,none,1,RET-000664
3672.6321059912643,253,3,0.8687280521879469,0,0,56.23837978986255,sports,33.995959219426865,0,none,1,RET-006240
2476.6483064803956,59,0,0.7384520407908213,0,0,156.16978338284008,sports,70.25634110466837,0,none,0,RET-000196
2062.5390018570934,309,1,0.6310570301910499,2,0,206.5335109388496,fashion,4.989524777557546,0,none,1,RET-001833
1346.3448455120758,49,2,0.9236410052041101,2,0,27.637300633121036,fashion,6.3456701756808656,0,none,1,RET-008674
1594.2855186655518,965,1,0.9483971353141106,0,1,168.32459359516847,beauty,0.722918829026133,0,none,1,RET-008359
948.0259961190642,398,0,0.7792135293778353,0,1,81.10598188366491,books,13.95431914616101,0,none,1,RET-009126
670.3557984458675,526,6,0.7605180226554534,1,0,208.78910245778886,electronics,6.71459851668406,1,wardrobing,0,RET-009584
501.3903231272248,399,1,0.8926388010471386,3,0,284.82937340173487,books,11.851458042058264,0,none,1,RET-008678
1211.2702360591254,414,1,0.7671789474133096,2,1,170.0699414186683,beauty,15.896075734919075,0,none,1,RET-006627
1478.6653004017428,689,3,0.9894594210551682,2,0,203.95335260866028,fashion,12.36457892304046,0,none,0,RET-008926
2464.056588420806,321,0,0.9622707225080174,0,0,138.0043769568829,fashion,0.10988328600449977,0,none,1,RET-009133
5720.76659988534,1076,0,0.788969302213216,2,1,171.12604891282984,beauty,4.8148829452846496,0,none,1,RET-005600
1308.678785723376,31,4,0.7613978667811248,0,1,78.80802961343551,sports,19.019420071619567,0,none,0,RET-003542
487.05707737912724,757,1,0.823118709601674,2,1,193.66273390456593,home,12.182353946612615,0,none,1,RET-003602
641.0158760326071,206,1,0.6377695249166786,2,0,85.9584891342192,fashion,35.95641996507368,0,none,1,RET-007090
3749.5377024255963,62,3,0.9104277429457209,0,1,94.30836771102665,home,35.30051292779545,0,none,1,RET-005444
1317.0666380294288,666,2,0.6916581600148447,1,1,84.43390797097827,sports,1.212354111375632,1,substitution,1,RET-009359
1937.910778383352,433,3,0.7824934178853823,0,0,126.92092381348661,home,15.593257528114432,0,none,0,RET-006991
392.8121656183592,736,3,0.6901559868252396,1,1,163.72504084797205,books,29.596754451024832,0,none,0,RET-001790
554.7874194523536,191,2,0.939953054436523,1,1,134.79389136425044,fashion,35.96088539113663,0,none,1,RET-003699
1137.6921531005464,47,6,0.6578160576703649,0,0,90.34091449072609,beauty,19.794622961889594,0,none,0,RET-003824
1026.2626269805999,176,0,0.651721302477495,0,1,134.47130323312382,sports,6.390271038785683,0,none,1,RET-007585
936.3100566258778,396,3,0.9121983808813582,1,1,43.138242682537985,electronics,25.68645622134791,0,none,0,RET-007189
1082.190831484912,141,3,0.7933108430820981,0,1,81.10408027170057,electronics,5.389990827516774,1,substitution,1,RET-009299
1413.6867256374253,279,1,0.7940477387779176,0,0,41.79213219748828,fashion,2.3093130051276876,0,none,0,RET-006379
1919.9142315359882,432,3,0.8730799498983749,0,1,104.62702165225383,sports,20.148211237137904,0,none,1,RET-007537
2096.313790861224,321,3,0.6816458609260734,1,1,269.9706342789565,fashion,20.111441024833457,0,none,1,RET-007149
1303.8701122680197,188,3,0.9085854178175758,1,1,211.42448111460314,fashion,7.865016991624524,0,none,0,RET-000150
2055.542252879724,230,1,0.7740612721821005,0,0,75.21952926184531,beauty,20.170751251813037,0,none,1,RET-005799
834.6602100100423,351,2,0.8234351314835849,2,0,244.82732619144443,sports,2.666397957836479,0,none,1,RET-005597
2810.0082487603395,428,4,0.9402455117513059,0,1,73.79901587209727,fashion,18.879367971658304,0,none,1,RET-004581
1034.1841987055943,224,1,0.8819280889580551,0,1,119.97027270584928,fashion,1.3090571906729362,0,none,1,RET-003683
7212.075079546535,71,3,0.8782815276753053,3,1,186.29948686092965,fashion,2.0656748941894945,1,substitution,1,RET-009520
3884.2410768721775,1462,0,0.891540739876031,0,0,122.48006901586356,home,0.5771801709842146,0,none,0,RET-000233
2737.7262316180922,33,2,0.6205277813999238,0,0,102.27869967836686,electronics,60.34613318700998,0,none,1,RET-003281
2275.474352198006,512,3,0.957379218081869,1,1,87.55981982495982,fashion,31.409331529706954,0,none,1,RET-005214
607.9754289114276,203,2,0.615146481500473,0,1,38.42349682941104,sports,1.1540228788645241,0,none,1,RET-006986
2173.830839159093,235,2,0.9091083379774288,3,1,246.64124650431,home,24.88748608233232,0,none,1,RET-005290
1978.460705266786,881,1,0.8828682570178571,2,1,93.97859631944078,fashion,4.265195847074151,0,none,1,RET-004575
617.2183824286184,418,3,0.8747288516079432,0,1,81.77908525807528,home,4.261384733469536,0,none,1,RET-000776
1009.0024649060691,102,0,0.970712278664053,4,1,63.48748199622414,fashion,24.37569303339634,0,none,0,RET-000685
642.4698265549104,259,2,0.7431397681194739,1,1,72.47423549551091,books,3.1292704160894957,0,none,1,RET-005023
1079.5955060238953,38,1,0.9106243205541985,1,1,246.7216631193463,electronics,4.726658099083974,0,none,1,RET-001292
3443.3706182797837,192,1,0.7623527004939885,1,1,76.09813666484904,home,4.259422841096049,1,wardrobing,1,RET-009488
1671.0602386355527,377,1,0.9628319207370248,0,1,64.19815481616706,electronics,2.1175558348504078,0,none,1,RET-004673
1120.2470377789214,105,0,0.45539097577018745,1,1,98.92245176049241,beauty,9.819616022241751,0,none,1,RET-003853
979.8531684241738,113,1,0.8350575735897686,1,0,312.1262333496078,books,12.396104303044314,0,none,1,RET-008112
1087.1653378700419,835,0,0.7122940781200902,2,1,145.28531639489907,fashion,11.772254488341064,0,none,0,RET-004934
2732.431561103285,227,1,0.9698126058625737,0,1,296.029702910072,beauty,31.162962004341278,0,none,1,RET-004276
567.0676106232988,70,2,0.8153212327149372,0,1,169.20214287321778,books,14.443004087917263,0,none,0,RET-004635
525.6186975689178,587,3,0.6409426274842192,2,1,70.62816928118882,electronics,3.4417934498269656,0,none,1,RET-008310
2296.154520608012,324,3,0.7534355540362804,0,0,440.733103898611,home,0.9527344789204774,0,none,1,RET-000732
2360.844094670996,155,2,0.7892279205232764,2,1,75.18512019150468,books,0.5412945464777015,0,none,1,RET-007918
631.4157396796003,1828,4,0.5737702677809644,0,1,100.3005531146128,beauty,7.496548377712101,0,none,1,RET-008570
1926.6920528327246,26,5,0.82046625505675,1,1,59.63722517611117,sports,55.90288133982663,1,wardrobing,1,RET-009733
4612.405121299679,33,0,0.8322220501348611,1,1,2.0,sports,33.48153456298956,1,empty_box,0,RET-009287
2346.242588435328,61,1,0.7488458980131832,2,0,196.13249075199383,home,14.22138842659431,1,empty_box,0,RET-009803
1627.8855317902558,304,4,0.7138634442681542,2,1,138.14425063194017,books,38.20445944750765,0,none,1,RET-002665
2179.7405062915013,811,0,0.8745360316444158,0,1,77.66866010044293,fashion,12.336610117010926,0,none,0,RET-005439
1509.6601917731873,66,2,0.8405445074186948,1,0,341.8765759031995,beauty,6.076630630766241,0,none,1,RET-004849
1185.6864068942173,89,3,0.8916689671579695,3,0,304.2035147852197,fashion,51.12173334883958,0,none,1,RET-007319
3530.117124786109,101,1,0.6199722475383723,2,1,99.669831721289,fashion,23.11750401463913,1,wardrobing,1,RET-009402
4628.848750215852,173,3,0.863885312071095,0,0,99.26519883549096,sports,8.066165560369443,0,none,1,RET-006971
1059.3549168600498,354,4,0.6286940578230739,1,1,85.20714720517469,electronics,77.14415521082994,1,empty_box,0,RET-009952
3340.052746115381,1654,1,0.5520743750733639,0,0,92.00446294815158,electronics,0.8795627693356055,0,none,0,RET-004130
2865.70855623908,194,1,0.9506226410663078,1,1,289.12469607546274,books,6.666518018608205,0,none,1,RET-002768
2543.487987480758,230,1,0.9349813950374016,0,1,149.13686961005166,books,5.6974287098406835,0,none,1,RET-003163
3427.1068094659504,862,2,0.6846487833836365,1,0,70.4643239993868,beauty,22.58557950555029,0,none,1,RET-000895
2010.8180499844957,242,1,0.7348026979984021,2,1,400.58836265411577,electronics,30.386555850311375,0,none,1,RET-005281
647.822422497666,175,3,0.9602372602470113,3,1,286.1749162229441,fashion,1.3570458939230166,0,none,1,RET-007339
4055.2380993757806,119,1,0.9409807921510356,0,0,83.7773551263934,sports,0.42572506705963054,0,none,1,RET-003040
1212.0909350471868,167,1,0.9588419497137495,2,0,46.82604140284774,fashion,26.25070144878081,0,none,0,RET-004339
2062.2206437545033,203,2,0.9095435268563073,4,0,105.4676032533009,fashion,11.512191562738066,0,none,1,RET-006518
2285.919009116318,77,4,0.8315976593370038,1,0,32.752289644582746,beauty,0.7393155219157345,0,none,0,RET-000041
2691.402308165338,364,2,0.4457783517023716,1,0,178.40747456399643,books,24.823613814205363,0,none,1,RET-001830
3108.6716298011684,133,1,0.8796251158690719,0,1,134.1717074206778,electronics,9.891260490135119,0,none,1,RET-000282
2542.6963628217472,278,4,0.6225691019470582,0,0,315.10911151423863,sports,33.87419030491789,0,none,1,RET-007958
421.11544058127856,724,3,0.9440758315169051,0,0,184.80140028570057,sports,0.1524944588620716,0,none,1,RET-009089
7465.677955491554,103,4,0.8592876293573917,0,1,224.94801595428737,home,8.968158268636852,0,none,1,RET-005326
1016.0822596541475,478,4,0.7389056678537167,1,0,153.6710615292182,sports,17.559718940969827,0,none,1,RET-008377
333.91557642219453,1474,1,0.7544048159961771,1,1,175.65968786404264,books,11.587326922692654,0,none,0,RET-005641
2833.8417191340072,548,0,0.8029929942725155,1,1,257.0202471157541,fashion,57.604532080864324,0,none,1,RET-002344
3162.494471420461,280,1,0.668257709537242,3,0,194.81910122842257,books,4.074245488178296,0,none,1,RET-007695
881.8939718324597,57,3,0.9179371490128656,0,0,84.76141514155175,fashion,7.100990967141559,0,none,0,RET-003643
677.5541602519751,407,3,0.6857219004866545,0,0,475.6745951652066,electronics,27.283182361693864,0,none,1,RET-008369
8294.165277060438,33,1,0.9530528880949608,1,1,37.353972105876,beauty,23.032048746452812,1,substitution,1,RET-009245
1115.8871821167063,8,3,0.8865225554733193,2,1,26.474797952899497,beauty,17.478483382886672,0,none,1,RET-003011
2995.117586037576,29,2,0.8550760810647486,1,0,189.3923488835295,books,1.1393895177391837,0,none,1,RET-004642
2176.892039120709,339,2,0.9114663788721058,1,1,156.3815701899654,beauty,10.685139725864104,0,none,1,RET-000667
810.377740265064,143,0,0.8799553883432493,4,1,40.60011262466022,books,4.55083901418104,0,none,1,RET-005269
793.5420947686482,212,2,0.6447219137423403,3,1,200.40962994939565,fashion,81.3476796846731,1,wardrobing,1,RET-009718
1128.1292169317978,122,2,0.8428157270855272,1,1,254.00350428590593,home,7.542657424243974,0,none,1,RET-002858
2431.5833661390866,1331,3,0.8051107438873193,0,1,259.591363682824,electronics,15.76441991725233,0,none,1,RET-003295
2043.0732342223553,30,0,0.7731825435415091,3,1,187.9008678562456,fashion,57.786492255983994,1,substitution,0,RET-009570
935.4841916795449,31,2,0.9505791695673014,1,1,252.92451439946763,sports,10.92971016113109,0,none,1,RET-003200
1293.1762429560254,368,0,0.76636905119212,0,0,60.255064010537836,home,30.828547180402232,0,none,1,RET-004028
1057.426415714268,294,1,0.5050529180100155,0,0,116.40340434561716,electronics,8.440692823251792,0,none,0,RET-002812
514.3524560820186,743,1,0.7868109602771072,2,0,65.93104420479604,books,22.983966133849915,0,none,0,RET-002984
2339.7372977948426,1009,3,0.6141126416721071,0,0,168.52214905763827,sports,11.230311128310168,0,none,1,RET-002869
1890.24958241283,23,1,0.8902337340212703,1,0,44.29692032337326,sports,6.596450622962996,0,none,1,RET-002880
2085.9887239532973,744,1,0.9375632283166131,1,1,105.86169366492521,beauty,55.034456753844545,0,none,1,RET-004994
967.2896689596688,700,3,0.7852009422632178,3,1,254.4365577874654,home,5.03458825619418,0,none,1,RET-001693
279.8369200491635,27,3,0.802014189184188,2,0,99.1270927519883,beauty,3.893277145350718,0,none,1,RET-004900
759.9897567587043,280,3,0.9037564085309805,2,0,44.74193759524244,electronics,4.348902583645922,0,none,1,RET-000461
1221.2141322396963,126,2,0.8274415879964073,1,1,148.67609542748588,fashion,8.368611233167199,0,none,1,RET-008666
6173.112818224677,130,2,0.8408142854093947,2,0,130.48956592648065,sports,4.932387455291547,0,none,1,RET-004754
4311.76911459043,368,2,0.7974464917365733,1,1,114.80155147930944,electronics,5.552917460104198,0,none,1,RET-003637
2362.1683266632954,289,3,0.7622193353492697,1,0,444.38728059675,beauty,7.054664913839801,0,none,1,RET-002473
2599.857876048756,949,0,0.8908995877340307,1,1,192.33397597598432,sports,1.3589378366247729,0,none,1,RET-003307
2027.8525280530087,86,1,0.8242147209688003,2,0,74.52602347172461,sports,4.394952564806533,0,none,1,RET-005650
3468.4037371847685,262,5,0.7675137700835223,3,0,232.86948503693256,fashion,0.14557837227583495,0,none,0,RET-003422
2799.6095063396147,245,3,0.8422863534363699,1,0,262.03689526084804,electronics,24.687698897786536,0,none,1,RET-001969
909.960909723739,416,1,0.7505324808678785,2,1,63.74575374350474,sports,22.859748266777167,0,none,1,RET-003375
674.8039171144761,1371,0,0.7796091358450651,3,1,75.35451368075763,beauty,25.69223856032016,0,none,1,RET-007110
842.0564315641278,453,3,0.929820927338323,1,1,41.461963737806904,sports,3.515341469798954,0,none,1,RET-006570
1382.3139672952818,171,2,0.660102699117401,0,0,211.62736271381192,electronics,12.656161841461783,0,none,1,RET-003691
981.618754280144,13,1,0.8119154404349415,1,1,225.07813929851773,books,0.5869399226824802,0,none,0,RET-007498
8825.75046218523,277,3,0.6707830082169266,2,1,109.48116864162687,electronics,16.865537958578976,0,none,1,RET-005169
2064.2717421351085,128,3,0.8477486789083621,0,0,62.42270389930242,fashion,8.251489147153592,0,none,1,RET-006583
2818.3431412217938,54,4,0.8921203257406652,0,1,180.59426822498347,home,8.798931886779378,0,none,1,RET-002513
821.3764304679445,862,2,0.8866910987260833,1,0,134.11134398549223,fashion,8.281314447680723,0,none,0,RET-002963
338.4588113208307,813,2,0.8491211242551133,0,1,61.732447538486554,electronics,17.501734446937544,0,none,1,RET-007631
1218.797705784455,79,4,0.7896861658198268,1,1,328.88316179474344,home,0.13794623596593206,1,wardrobing,1,RET-009792
480.3277423757414,251,5,0.9536223347777565,0,1,59.33070891989114,beauty,9.83020452680259,0,none,0,RET-002071
9082.59626614606,210,2,0.6727205581306634,0,0,119.90388597808294,electronics,18.75686723823704,0,none,1,RET-001757
3051.554315253063,53,7,0.8372185213863139,2,1,272.43342169357777,beauty,54.1671489508223,1,empty_box,0,RET-009206
781.7049079734577,455,3,0.9429039968022778,0,1,243.3496685390609,home,22.648615832991542,0,none,1,RET-002108
4239.452035634002,45,1,0.8646237963727992,2,1,86.76075341008975,sports,24.049952496115708,0,none,1,RET-005859
609.6942610037064,284,2,0.8916035141605728,0,1,193.0881103657864,electronics,0.7305710626967417,0,none,0,RET-003081
770.7304346410401,250,1,0.8807010156626291,0,1,283.1840567991861,beauty,18.273245850438357,0,none,1,RET-002576
1936.5756011844355,280,0,0.6436205317657557,2,1,96.93015098471132,beauty,17.46374147637522,0,none,1,RET-005237
1586.371217145538,306,3,0.6898677580356418,0,0,203.3162569214406,books,5.681501089716768,0,none,1,RET-001233
3712.135179508384,437,1,0.7796708761319638,1,0,64.872657570793,beauty,18.19026963999801,0,none,1,RET-008017
2704.006499178254,133,2,0.43557760089832565,1,1,81.71174752658477,fashion,5.175939884299929,0,none,1,RET-007554
4088.912605824688,375,4,0.9104626401150292,1,1,297.7197023071386,electronics,6.864736850586157,0,none,1,RET-004405
1010.2147038705685,696,1,0.564379150387822,0,1,136.468250611157,books,6.286773843270265,0,none,1,RET-004265
12399.948435734812,3,1,0.5186730929275074,0,0,74.40898156700923,electronics,20.747071191022286,0,none,0,RET-007992
5459.771317499515,170,2,0.8227093926799687,0,0,176.427293191343,sports,25.774266851675893,1,empty_box,0,RET-009340
200.0,209,3,0.6343984130889172,1,1,303.26982932514574,electronics,28.73352990863644,1,substitution,1,RET-009878
3921.2578993710313,316,3,0.6263045138001082,1,0,138.87263891987897,beauty,3.5155954427165566,1,substitution,1,RET-009852
1841.0957888246437,255,0,0.9229195556138,0,1,72.19271038665822,electronics,11.134805763589624,0,none,1,RET-001152
1782.8029419376485,33,3,0.8912155073386369,1,0,64.71310521406053,fashion,2.131646686446814,0,none,1,RET-008422
572.0902555948685,307,0,0.9168212729650643,1,0,290.40161638659424,fashion,11.09535758945593,0,none,1,RET-008330
1645.6277562128262,421,4,0.8974453080613515,1,1,246.36503916565005,electronics,15.865482767580607,0,none,0,RET-001509
1079.9304128611102,86,2,0.884357140280226,2,0,150.62399964119274,books,4.050527371682668,0,none,1,RET-009084
1316.7478439080771,302,1,0.5918490539565631,0,1,19.244182180879978,fashion,76.88868530751249,0,none,1,RET-008733
1411.7338138514806,873,4,0.8395864126178479,1,1,165.90649911857804,books,1.6819140079100852,0,none,0,RET-001000
6846.27732196697,231,3,0.8587233942464197,1,1,196.55917717424782,electronics,0.6994893247533862,0,none,0,RET-006394
3504.539205176343,198,1,0.7093360980064254,3,0,62.80084222287494,fashion,11.837407643392224,0,none,1,RET-008165
1225.7847256569275,121,0,0.9052587888521005,0,0,93.52210537091575,beauty,7.4706543251499555,0,none,1,RET-001123
1515.177627978854,1443,3,0.9731934282869973,2,0,143.69102269286992,electronics,59.556700716133626,0,none,1,RET-000825
23126.67732648951,219,0,0.7074750194443751,1,0,142.55379035751062,fashion,19.773269594688564,0,none,1,RET-009047
890.8998111661001,94,2,0.5540924037510421,0,0,39.91945402159072,electronics,10.989799129088558,1,substitution,1,RET-009976
1832.4129594542799,621,2,0.7329702123123044,0,1,104.63377047765768,electronics,34.69310508604315,0,none,1,RET-001885
7188.763739500473,439,2,0.8663535644600232,1,1,202.4671606288811,home,2.5047214025147992,0,none,1,RET-005279
5364.612835674901,171,3,0.7791522397509018,0,1,116.43090245350973,sports,59.882890877545776,1,wardrobing,1,RET-009535
1984.7476227364039,114,0,0.9360671717398303,0,0,44.04578202051242,books,7.933480447856464,0,none,1,RET-008984
1159.9192963931305,286,2,0.8276478290670708,1,1,301.96293542958745,fashion,8.107423060680274,0,none,1,RET-003811
2907.792593102388,127,2,0.8379402814234378,0,0,55.500090697954406,sports,86.06865839985605,0,none,0,RET-002339
2727.8978655474107,130,0,0.8785677118135797,2,1,68.01016630688449,fashion,0.3694396340658986,0,none,1,RET-005937
1224.61391462635,707,1,0.7694832557070873,1,1,153.38347745722717,sports,3.4990890034814326,0,none,0,RET-004774
3661.5499879821623,318,2,0.7925934821820232,0,0,45.121729779168604,electronics,25.274360582495525,0,none,0,RET-001625
2002.2713353866625,119,1,0.8411545134578772,0,0,177.35998489970558,fashion,15.432620855478627,0,none,1,RET-007521
257.48601385396915,22,1,0.9293506988908736,2,1,272.2449184604895,electronics,43.468102472716055,0,none,1,RET-007435
2756.4606633461,90,5,0.9615191928989987,0,1,112.40069695040376,electronics,27.79320199446134,0,none,1,RET-005652
5520.734182805844,758,1,0.7814742426906579,1,0,135.8110610523074,sports,3.758940477920916,0,none,0,RET-006277
749.8206914565847,698,1,0.9446015467669946,0,1,128.59014310696156,electronics,4.840900907844542,0,none,1,RET-004782
392.87662542692294,28,3,0.7887743210672817,1,1,2.051012282959456,sports,11.43547950404466,1,wardrobing,1,RET-009602
1241.4151598828391,397,2,0.9020278369693912,1,1,201.29368614814229,home,4.999508487058851,0,none,0,RET-007786
4113.477897332214,152,2,0.9785019831728424,0,1,125.08425140636645,home,18.1261530435584,0,none,1,RET-004194
4276.555847214551,1582,3,0.7554863807485007,2,1,278.58474441529415,electronics,48.26883522370367,0,none,1,RET-006170
4772.0859776551115,1121,3,0.9544910648148682,3,0,156.74975237548944,sports,2.0687931302203078,0,none,0,RET-006449
1901.0660056364966,256,0,0.7590008079881825,0,1,26.91616594310129,sports,7.08955042673669,0,none,0,RET-003976
1442.4961148645502,66,4,0.6307574663119282,0,1,47.15196135461957,fashion,30.05071337591466,0,none,0,RET-002067
1053.7457278088661,8,5,0.8192557077633046,2,0,125.86768306855255,home,3.948863089246026,1,substitution,1,RET-009388
7986.499132606291,491,3,0.6852443247024048,0,1,40.60056929355175,beauty,27.21051765358073,0,none,1,RET-002426
754.0765390938208,1356,1,0.8642983259687953,0,1,432.2928526664119,beauty,18.586121774882457,0,none,0,RET-004195
4118.100061158009,1003,3,0.6778707790442917,3,0,651.1049709526499,electronics,23.147030263728496,1,empty_box,0,RET-009728
2379.3330696587013,392,2,0.5729736871730131,0,0,87.3418074553071,home,6.72218841800542,0,none,1,RET-007938
311.3037566099201,245,8,0.541788981314798,2,1,62.97806562602113,home,8.562672158437987,0,none,1,RET-006580
964.3247367994442,157,1,0.9366889470608412,2,1,373.9434855515901,fashion,68.8114673642464,0,none,0,RET-002409
1100.8708104942043,363,5,0.7228250965999986,2,0,92.47706593559353,sports,3.430691464963101,0,none,1,RET-008511
1403.2819988354572,682,3,0.8342624749232248,0,0,121.07770603604018,books,22.453946697015404,0,none,0,RET-006168
3360.8101988508843,1286,2,0.5960672809332592,0,1,116.30521112045193,fashion,12.497327508492083,0,none,1,RET-001708
1533.991305257871,103,5,0.5652469229552813,0,1,720.0,beauty,48.67127220634287,1,empty_box,1,RET-009743
3722.1847122534305,257,3,0.7377419755070244,0,1,267.3538523023863,sports,0.8427299430938359,0,none,0,RET-007279
3032.229549823416,254,4,0.9157147824042309,0,0,72.42331736188534,fashion,4.654549446281756,0,none,1,RET-008995
522.2481593243966,267,2,0.772857142693762,3,0,53.569051916409634,home,17.61062806606355,0,none,1,RET-007538
1732.955209388868,115,1,0.6803582768598552,2,0,83.41365179672701,books,4.523850761719556,0,none,0,RET-007027
964.6791381240826,29,2,0.9310642312502385,1,1,217.71057216375115,sports,1.8411035470508004,0,none,1,RET-002815
377.1409977527584,164,1,0.9136095964240138,0,1,134.03749034628157,books,2.961241295962304,0,none,0,RET-002167
4888.502262177749,123,1,0.6549584813505505,0,0,122.59522776913356,home,5.345895520085299,0,none,1,RET-006688
1177.215391930047,53,3,0.9207158091118753,0,0,136.89220655489098,beauty,2.600103366037235,0,none,1,RET-001958
1988.5100699748805,44,3,0.8850932050123668,0,0,158.22572649128622,sports,8.569877774389788,0,none,1,RET-009143
1292.358551992264,320,6,0.72829143097611,0,1,165.7186522279968,beauty,8.228782962662805,0,none,1,RET-000926
1625.2356023209727,567,2,0.8686185910320938,0,1,31.777576055315354,fashion,22.59266104742234,0,none,1,RET-005776
481.34521795755774,1486,1,0.8667113656860308,1,1,90.5245943436846,sports,4.370767252037227,0,none,0,RET-000986
1751.5090907138456,405,3,0.8292909309527705,0,0,66.21322074950295,electronics,11.675545845757949,0,none,1,RET-001515
634.8147767609605,1077,1,0.6791674857224487,4,1,15.756665637927528,electronics,8.965550057240844,1,empty_box,0,RET-009518
333.9679573830155,340,1,0.7967979787052196,2,1,81.55501632608473,home,8.254900906890816,0,none,0,RET-002420
1236.5292844179844,196,0,0.7334076344257083,0,1,115.76742322917491,fashion,2.311556597261883,0,none,1,RET-007296
2115.8775883825606,48,7,0.7507415336309017,0,1,78.05266052092439,home,4.723174449018147,0,none,0,RET-000089
1028.2823520854797,540,2,0.7768685338005364,0,0,174.31992994836554,beauty,13.679032143226744,0,none,0,RET-007790
4154.485026334696,373,2,0.8613187088286844,1,0,167.03084605407776,electronics,19.12343871861937,0,none,1,RET-002721
1772.4062783931886,436,0,0.4773419566233609,0,1,204.98530476114647,home,1.0884171323304181,0,none,1,RET-006000
1077.084714658939,45,2,0.8416748400717278,0,1,218.93516719796617,electronics,17.4405437300524,0,none,1,RET-003333
5516.182744101129,147,2,0.9298060830906302,1,0,214.79322838531382,home,39.79106472129797,0,none,1,RET-003257
2277.4195004037947,330,1,0.7536523982052556,0,1,97.66873677125997,beauty,11.930398519081683,0,none,1,RET-004465
1031.9796334674627,435,1,0.47719233323719085,2,1,263.0121905652115,fashion,16.199375572876054,1,empty_box,1,RET-009215
2757.924128435795,248,0,0.8996571488332271,1,0,51.31187963366538,home,43.7329829315684,0,none,1,RET-000011
437.743441520368,774,3,0.7674951948429458,1,1,145.9340159823281,fashion,3.7257166615741975,0,none,1,RET-008125
751.9010446220145,441,0,0.7685151078436094,1,1,159.62770402612557,electronics,2.9457924884034417,0,none,1,RET-002152
1928.3415710181666,1020,1,0.9739249816306503,0,0,61.89169816518001,home,4.212724055555308,0,none,1,RET-003262
2717.610191612145,23,1,0.8730733703946431,1,0,90.25699669295793,electronics,10.679164480627003,0,none,1,RET-003761
2383.0260416490833,245,2,0.9092574603391371,0,1,110.95314361189055,home,7.229405282572374,0,none,0,RET-009128
2254.4293483748143,443,1,0.7000104173196569,1,1,72.62333239816378,electronics,29.17370830412273,0,none,0,RET-008839
6437.588808616112,116,3,0.9011796946664229,1,1,227.73664255945252,beauty,7.9487135175310595,0,none,1,RET-000838
1047.7837513703669,97,5,0.6108900471076383,1,0,59.09132520000633,home,22.601136952044683,0,none,1,RET-005172
1626.7348669970784,78,6,0.9375165901287636,0,1,120.20059727186458,books,10.030528460419877,0,none,0,RET-007482
1602.4266360607912,1622,3,0.7537920141002706,2,1,184.7519965590336,sports,35.66581900230435,0,none,1,RET-008006
7462.808976148818,548,1,0.7885142819286486,0,1,395.6627507494518,beauty,21.48752569114679,0,none,1,RET-003625
6432.631364407993,2,3,0.9249084066062082,0,0,151.46672374839275,fashion,5.972282532835366,0,none,1,RET-008179
1041.8537651483525,191,3,0.9632084037380927,1,0,155.9421592863078,fashion,45.248609698371794,0,none,1,RET-001291
465.18891079459405,323,5,0.8615982801604397,3,0,260.4404542533728,home,24.350960744864246,0,none,1,RET-006309
3530.0267701074326,590,4,0.6486348034700951,0,1,232.45253934545937,home,45.32552087843751,0,none,1,RET-004462
314.93787949635373,104,3,0.9690699220689982,3,0,145.62143015895384,books,0.883886609813846,0,none,1,RET-001519
1284.7183216196863,76,1,0.44018943503932056,1,1,61.09927776101746,home,11.16954749995206,1,empty_box,0,RET-009210
1984.3890193393688,490,2,0.9340796964166448,2,1,304.5781204759237,beauty,2.135002211700324,0,none,0,RET-002315
1533.5648445188376,553,0,0.92316875493001,0,1,140.05646307165938,fashion,6.23638214801932,0,none,1,RET-006815
10885.006867498256,363,1,0.9364446902189915,1,1,217.36045506676356,beauty,40.63997144871814,0,none,0,RET-002829
2796.6685239946632,143,6,0.819151647192294,0,1,85.30149224296957,fashion,2.042854443171528,0,none,1,RET-006882
2009.3577583542135,7,2,0.7220320526734838,1,0,149.75426809240872,sports,3.857460126064046,0,none,0,RET-007393
5234.539699229195,56,2,0.8283082688125286,1,0,166.92901795075502,sports,29.52453770538779,0,none,1,RET-007974
1481.7416792404133,754,8,0.6453524188477723,2,1,25.543109221027457,sports,110.8590782130583,1,empty_box,0,RET-009721
4325.156141353909,169,1,0.8305068065818753,0,0,69.34426308389743,beauty,36.74200939874221,0,none,1,RET-003961
2695.606061571863,63,1,0.6453455992441236,0,1,96.78486420461702,beauty,8.603152187957456,0,none,0,RET-001536
991.7841404057855,702,6,0.7398898906244,1,0,109.86655836407118,home,1.9832324303738038,0,none,0,RET-003387
1042.90703988079,117,0,0.462096690883898,1,0,91.30039899390567,beauty,16.77376212825725,1,wardrobing,0,RET-009610
655.3103323505658,741,1,0.9356905052476104,0,1,60.93382306735644,sports,0.7105344859808355,0,none,0,RET-008155
738.5281898540412,174,0,0.7146800539980139,1,1,91.10793818636236,beauty,2.0898067227341506,0,none,1,RET-008541
626.1200783060568,138,0,0.7966581290372525,0,1,204.1473685007845,home,1.162997335675992,0,none,1,RET-002153
6988.221560463941,147,0,0.7650451703641644,2,1,50.229096918236415,home,64.10381774478506,1,empty_box,1,RET-009704
572.5737297639809,2,2,0.6832318396891832,0,1,128.6664641391016,sports,54.11242425995941,0,none,1,RET-004525
2685.2442924535285,871,1,0.7330291686690734,1,0,142.50873906926645,books,0.7512944824924409,0,none,1,RET-006790
846.7646832092817,496,0,0.6460241314626387,0,1,181.73138931696374,home,6.179537703767465,0,none,1,RET-003159
2344.701860296163,1076,0,0.9423777276931167,0,0,352.96363542128785,fashion,2.2585249570756134,0,none,1,RET-007906
1531.0957879525579,24,1,0.9614314692172121,3,0,76.74676161818739,electronics,7.037724761989039,0,none,1,RET-007947
445.4800448054402,40,1,0.8054266740533325,0,1,217.02217263814356,fashion,11.059284314577253,0,none,1,RET-005747
1491.249076459536,190,2,0.9540955086932318,0,0,160.21569906961076,sports,16.506942604014895,0,none,1,RET-008702
902.850043255494,107,2,0.9612586744161511,1,1,85.57615060164692,home,11.168946321331825,0,none,1,RET-003968
5915.464340092789,239,1,0.8946557832937118,0,1,97.6776581470897,beauty,29.905022254780764,0,none,0,RET-008641
1377.1455626325444,24,3,0.8399074318442545,0,0,190.58361456495922,books,4.621398647997872,0,none,0,RET-004895
5529.845734873276,1707,4,0.4154253143543194,0,0,83.26587920734659,electronics,0.7304616571422929,0,none,1,RET-000933
3647.4842617188347,645,1,0.6755718158593385,1,1,157.11167994199926,books,0.9518303333267644,0,none,1,RET-000013
1371.6523272639301,71,1,0.7777831857267847,1,0,162.22518067531556,electronics,38.67547484211346,0,none,1,RET-002086
3108.2041848683684,364,3,0.9353503302983907,3,0,17.085339513010965,fashion,7.333885291862922,0,none,1,RET-005288
1845.7207480500765,7,6,0.8764376147142983,1,1,102.29640898223538,home,4.678363927857429,0,none,1,RET-008490
3282.7325942196494,68,2,0.8043702026765438,0,0,165.03810037499312,books,1.4188232625484893,0,none,1,RET-002438
6517.798730874305,9,1,0.9090814656689044,0,1,88.66620995366668,books,7.886538704408561,0,none,1,RET-004668
1229.4220348944782,225,1,0.8096131198548608,0,0,317.19607364878044,sports,2.3695465485462153,0,none,0,RET-003705
2323.0829930797613,1311,1,0.4528655724476601,1,1,101.40399155030866,sports,12.059688636795496,0,none,1,RET-001481
1443.3646082533799,358,4,0.7665898882072839,0,1,125.24723705719573,home,3.8141940940495016,0,none,1,RET-006781
4070.950736994554,762,1,0.8467118024882142,0,1,103.4239856932518,fashion,2.4712107529168,0,none,1,RET-001602
11954.728180077589,272,3,0.70961712775057,3,1,256.01637914865864,books,20.944765373266865,0,none,1,RET-007056
2904.8869799658955,74,1,0.8176983042428027,0,1,281.3497629607967,beauty,4.0028631985802665,0,none,1,RET-007141
12242.708581739753,80,2,0.8111225825321549,2,1,161.51463944352187,home,16.6897580079452,1,substitution,1,RET-009659
4257.356752219295,385,3,0.8429480967830525,1,1,210.73678304319338,beauty,46.02738030349503,0,none,1,RET-008127
1743.0238705088643,169,0,0.8275778108193353,0,1,87.95636609469032,beauty,1.8973343934995865,0,none,1,RET-007184
1508.8326282621397,258,2,0.8058467991122499,2,0,179.02210133254047,beauty,1.3535150961794278,0,none,1,RET-006224
4374.031366800354,2208,1,0.7948739560758751,2,0,228.08499092409292,books,12.504930841035097,0,none,0,RET-005153
531.975173691742,1380,1,0.7420152789837037,1,0,521.4396326860028,sports,4.033941861528455,0,none,1,RET-003434
2056.551976329799,119,2,0.6167908859853848,1,1,129.67340295807034,electronics,16.232597560464324,0,none,1,RET-001222
737.7274310923602,276,3,0.7464901452250855,1,1,58.85173330459905,books,0.3431223906664938,0,none,0,RET-006061
965.0220293545946,86,2,0.6272232016637265,0,1,97.72757303575179,home,1.821753964344147,0,none,1,RET-001690
1517.3699550524166,56,1,0.9225255160394381,1,1,125.21485462184607,books,1.773817600222519,0,none,0,RET-000826
1899.1154403531978,192,1,0.8583977207024485,0,1,179.62584277265427,books,8.369026618713868,0,none,1,RET-007754
1237.4576467434492,1140,1,0.803377321775524,1,1,67.27504300208552,beauty,5.410537918261179,0,none,1,RET-007701
2921.160366049021,38,2,0.8516915884542192,1,0,170.24747188540508,beauty,7.810329411146206,0,none,1,RET-005679
1864.177564199435,43,1,0.8913117089689884,1,1,223.30284183468999,sports,27.213056850992988,0,none,1,RET-001610
258.7421351102447,10,2,0.9035579799804536,0,1,101.67544343186823,home,21.529527652207925,0,none,0,RET-001026
723.5852613690579,8,1,0.947569478788788,2,1,74.140794019968,fashion,52.60665635228269,0,none,1,RET-000195
8084.937191166246,903,1,0.6552393332210014,0,1,218.00121341629128,fashion,7.149638918818425,0,none,1,RET-007831
1321.0615873668048,208,2,0.7181446685684811,0,1,124.98253911422154,beauty,1.5946205128281596,1,wardrobing,1,RET-009932
2471.8331660391427,17,3,0.8334617691548367,1,0,89.29703227356127,sports,15.414879043708527,0,none,1,RET-006421
804.6604871420271,179,4,0.8641244631890518,1,1,192.02202376814517,home,27.525931640670763,0,none,1,RET-001176
1790.2438052915343,139,0,0.8583828386804314,3,0,183.7802533040602,electronics,2.824496587996733,0,none,1,RET-008364
503.2361157157364,9,1,0.9559826358367114,0,0,188.1645816765246,books,14.026832747546639,0,none,1,RET-006926
3895.652870924895,421,2,0.9120063611348918,2,0,362.8638031472718,sports,5.988603093260972,0,none,1,RET-004216
349.95800443514213,319,2,0.6213695276468477,2,1,146.25240366916154,electronics,25.024960102931008,0,none,0,RET-008576
907.527032248217,116,1,0.6969901414831567,1,1,118.53177509926189,home,13.247014457530176,0,none,1,RET-007977
1877.1927027157312,188,2,0.6883342100497563,0,1,116.44764026834946,electronics,5.095178742412641,0,none,1,RET-001775
2470.6631963594573,301,1,0.8911662422036586,0,1,90.24173790872345,fashion,1.7162986047477664,0,none,1,RET-005521
634.9636028456132,143,2,0.7924800392410262,0,1,138.32373062303773,fashion,21.488624742273473,0,none,1,RET-009170
2042.3416845080772,828,1,0.974026865359732,1,0,203.28058020728,home,21.77479538012393,0,none,1,RET-005626
1916.6370336966847,82,4,0.8965868680171388,1,0,64.62289114682129,fashion,17.37333073689134,0,none,0,RET-004927
200.0,1103,2,0.6518000631609184,1,1,99.11390897434514,home,1.2096166203766892,0,none,1,RET-002302
665.149731426963,130,1,0.9235261244290542,0,0,352.26613853110075,fashion,11.069004792407961,0,none,0,RET-004122
1213.4968551660581,18,4,0.6308904484695589,0,0,231.21891733835125,electronics,8.240762567656738,0,none,0,RET-006332
2984.3105266189486,1285,3,0.944835242696307,0,1,200.81023884880187,home,36.05572266089944,0,none,0,RET-009189
1739.4531028695515,112,5,0.8777210073519713,2,1,75.86889092158482,fashion,0.05091567216932133,0,none,1,RET-004137
421.2059076593977,89,3,0.8945572790426197,0,1,134.66242068619857,books,16.856772897236933,0,none,0,RET-003072
6256.111365624094,181,3,0.8871440792206888,1,1,114.08452461746718,books,13.796161055786001,0,none,0,RET-007154
1680.474970308883,136,3,0.778025315968264,3,0,223.24183270598778,sports,5.669758245721231,0,none,1,RET-000077
3685.6516397961914,390,3,0.9816750850738348,2,0,198.37564573734747,beauty,7.709632144462609,0,none,1,RET-002322
2203.5608397359833,311,4,0.8434763697972341,2,0,70.02288368663996,books,24.330334739165266,0,none,1,RET-008202
357.4179727389428,597,1,0.9251571561179596,1,1,84.57455274252769,home,4.828074729728091,0,none,1,RET-002743
1256.8737533496992,243,4,0.7314830620658409,0,1,49.72501755696757,beauty,58.257752340225515,0,none,0,RET-007491
2487.4272896326243,144,2,0.6971476532715695,0,1,105.57224293848388,electronics,10.361196764463743,0,none,1,RET-007816
969.9641335649559,255,1,0.8658552946165359,0,1,175.66560294635448,beauty,23.023428127602326,0,none,0,RET-001717
3041.176516520588,333,1,0.8241414976704231,1,0,187.88677229399744,beauty,8.313721478514429,0,none,1,RET-003747
1275.4612410607635,11,3,0.7465043020827041,1,1,25.71676434436132,books,44.41957391535562,0,none,1,RET-005667
3523.6732162317708,305,2,0.9037586525949863,2,0,92.90308502676383,books,2.307446087011149,1,empty_box,1,RET-009959
1884.9054209863182,310,1,0.7177733248745852,1,0,71.85340523694603,fashion,40.19807447307034,0,none,0,RET-005009
872.5835815685758,500,2,0.9557553733405866,1,1,125.8979274197721,beauty,36.11790913177915,0,none,0,RET-006374
638.8463970774844,12,4,0.9187814010455368,1,0,115.51266802357118,electronics,21.466577602359244,0,none,1,RET-004487
3123.3581018610425,225,3,0.8966689185877301,4,1,119.25591155576262,beauty,60.81846598714133,0,none,1,RET-009114
3282.983346672383,581,1,0.799930144254054,0,0,82.70872801466882,sports,6.7790847708176605,0,none,1,RET-002682
2899.3635024349946,274,0,0.701982892348338,1,0,35.68207915225055,sports,2.7499375448177443,0,none,0,RET-000108
1817.5388368924405,811,0,0.4737197775976785,0,1,305.10918964069447,sports,3.1644480363597856,0,none,0,RET-007688
5161.3281901279115,71,2,0.9494056286637257,1,1,154.03800196572473,home,35.46614813122614,0,none,1,RET-003530
877.064952008094,946,3,0.9059662793773529,0,1,134.21181198133968,beauty,14.970847894484656,0,none,0,RET-006629
1539.387454932349,58,0,0.874115633152428,3,1,44.161437752383755,fashion,16.99155434199221,0,none,1,RET-005226
561.0583780286701,70,0,0.8438445772349165,2,1,132.13729201718974,books,5.604291767422726,0,none,1,RET-003686
509.9138701346122,739,0,0.8472919917169678,0,1,212.50394858963776,home,3.1844324891370386,0,none,1,RET-007642
2666.3518637797674,255,1,0.7876429767736188,0,0,37.93988145849214,electronics,37.967779873785034,0,none,1,RET-000983
1809.1139896468198,145,5,0.7111021663744536,0,1,289.67692254542715,electronics,7.407342501977194,0,none,1,RET-008638
808.812744605714,97,0,0.9478574609991216,0,0,265.24012454463576,sports,32.43980094518006,0,none,1,RET-003929
2187.2341876773257,273,1,0.8945807414857344,2,0,217.53706425336765,home,3.3918665463039095,0,none,1,RET-003337
2703.4870905399816,227,1,0.7156485964026108,2,1,103.80552140797379,sports,4.296495154212663,0,none,1,RET-002818
1741.8631452915286,305,1,0.4742846301080886,1,0,154.26672934197012,books,49.67571737763044,0,none,1,RET-000546
7623.604136796266,674,4,0.8842044595847255,1,0,101.55777662326248,home,15.336627840704738,0,none,0,RET-000753
371.9333438804922,170,1,0.4479323152841869,2,1,276.3851096559924,books,8.217470529852648,0,none,1,RET-003391
4395.215277285323,219,2,0.6891697667159566,2,1,219.54009956052022,home,38.84809832637917,0,none,0,RET-006416
364.42513587892824,436,3,0.8379427385841937,1,0,153.07493426299203,beauty,22.51261540817029,0,none,1,RET-001384
559.6363852138694,164,5,0.7969670939953984,1,0,114.93443058906334,electronics,13.184008291169768,0,none,1,RET-000715
1004.539642422902,102,1,0.8778213905409541,1,0,60.85768874071418,electronics,38.5311257767295,0,none,1,RET-006242
714.7757725174956,398,5,0.8738604282873725,1,1,145.19502214596568,books,2.4178783918198716,0,none,1,RET-007142
1626.8612151470777,28,5,0.9240705597729433,1,1,44.26492281854138,books,2.1587071940392737,0,none,1,RET-006494
1715.752163887214,290,3,0.67646939203052,0,0,169.652969327888,books,14.747630850502162,0,none,1,RET-008386
818.4536917369403,226,1,0.7406630639163622,2,0,197.99264472860406,electronics,80.24069842466712,1,wardrobing,0,RET-009756
3556.0936398263857,99,3,0.7695290880159216,0,1,122.5098523350431,fashion,1.8790187182673161,0,none,1,RET-003472
221.0010840293746,431,1,0.8221225605350049,0,1,55.81806814674576,fashion,17.161912008123494,0,none,1,RET-002260
2714.956944281777,1390,4,0.7888151410717802,2,0,68.97258464668552,books,21.41826919613961,0,none,1,RET-004478
405.13171844164674,291,0,0.8977896730800558,2,0,159.43651749467986,home,12.927225482246488,0,none,0,RET-006334
1276.0329062308163,347,2,0.8699878026394587,0,1,191.3952282246388,books,6.2442089886039955,0,none,1,RET-005239
15231.028469664976,650,4,0.8972600263476285,0,0,67.17171585896924,fashion,5.2877970807346975,0,none,1,RET-000139
1078.2925038883066,184,4,0.5792450142594355,2,1,49.95604310587495,home,60.45852499892925,1,empty_box,1,RET-009269
1904.6135934320027,228,1,0.8630531949284903,0,1,198.45061276952737,sports,1.4163064148046982,0,none,0,RET-003868
2003.7456869540572,191,2,0.8301372010419735,1,1,139.3039664772572,books,5.52738797654029,0,none,1,RET-005603
2018.2713935158424,209,3,0.9712351573739182,0,1,264.99879963181303,beauty,21.966024035673705,0,none,1,RET-005580
2509.979822960259,9,1,0.6096585707738692,0,0,207.20957924288203,electronics,3.773686959371641,0,none,0,RET-002041
741.9811126608961,579,2,0.8451782148746524,0,0,221.65251957410095,fashion,21.892319846013827,0,none,1,RET-000358
490.78957279005897,540,3,0.6148088054637114,0,1,243.71299650555454,books,2.0295099686304297,0,none,0,RET-007140
1033.6979596862489,185,3,0.8122287087566817,1,1,196.5990723391908,beauty,0.20914525151114405,0,none,1,RET-003230
4356.9875715423605,710,3,0.5927000324680212,4,0,259.67926910670604,electronics,15.625317343688575,0,none,1,RET-008938
2982.5216873591207,245,2,0.8887866520902938,1,0,102.40479033808786,books,0.6314914631392019,0,none,1,RET-004374
1590.294047888584,103,1,0.7828369730521416,2,1,47.528049156620504,fashion,11.860281512146411,0,none,1,RET-002455
767.0344862509105,719,2,0.8266507328275967,2,1,106.67794007980496,fashion,16.381434408547538,0,none,1,RET-003191
1947.1416571591512,71,2,0.7678599886723572,1,0,145.21824143009945,beauty,16.10066627507815,0,none,1,RET-004267
2757.8699714039826,139,3,0.75477302984568,0,0,354.6935381925364,books,34.18055802813974,0,none,1,RET-000736
2446.6461871533465,92,3,0.639955015202652,1,0,128.7561645164668,sports,1.2222844720411667,0,none,1,RET-008307
824.18387449577,508,2,0.7360650247891833,3,1,130.14173835619857,home,37.20863247484069,0,none,1,RET-003815
230.37372928048018,441,2,0.8380021312350694,2,0,164.3024026540376,books,11.403504356389455,0,none,1,RET-001703
2455.046433877084,8,1,0.664664949837024,1,0,189.03948148064148,sports,18.453560034953437,0,none,0,RET-003727
1637.6620260000404,623,2,0.8568378915285335,1,1,275.2989613475939,books,64.78355165777057,0,none,1,RET-006373
